-- MySQL dump 10.13  Distrib 5.7.21, for Linux (x86_64)
--
-- Host: localhost    Database: EventIt
-- ------------------------------------------------------
-- Server version	5.7.21-0ubuntu0.16.04.1

/*!40101 SET @OLD_CHARACTER_SET_CLIENT=@@CHARACTER_SET_CLIENT */;
/*!40101 SET @OLD_CHARACTER_SET_RESULTS=@@CHARACTER_SET_RESULTS */;
/*!40101 SET @OLD_COLLATION_CONNECTION=@@COLLATION_CONNECTION */;
/*!40101 SET NAMES utf8 */;
/*!40103 SET @OLD_TIME_ZONE=@@TIME_ZONE */;
/*!40103 SET TIME_ZONE='+00:00' */;
/*!40014 SET @OLD_UNIQUE_CHECKS=@@UNIQUE_CHECKS, UNIQUE_CHECKS=0 */;
/*!40014 SET @OLD_FOREIGN_KEY_CHECKS=@@FOREIGN_KEY_CHECKS, FOREIGN_KEY_CHECKS=0 */;
/*!40101 SET @OLD_SQL_MODE=@@SQL_MODE, SQL_MODE='NO_AUTO_VALUE_ON_ZERO' */;
/*!40111 SET @OLD_SQL_NOTES=@@SQL_NOTES, SQL_NOTES=0 */;

--
-- Table structure for table `announcements`
--

DROP TABLE IF EXISTS `announcements`;
/*!40101 SET @saved_cs_client     = @@character_set_client */;
/*!40101 SET character_set_client = utf8 */;
CREATE TABLE `announcements` (
  `announcement_id` int(10) unsigned NOT NULL AUTO_INCREMENT,
  `event_id` int(10) unsigned NOT NULL,
  `announcement_heading` varchar(255) COLLATE utf8mb4_unicode_ci NOT NULL,
  `announcement_text` text COLLATE utf8mb4_unicode_ci NOT NULL,
  `announcement_is_active` tinyint(1) NOT NULL,
  `created_at` timestamp NULL DEFAULT NULL,
  `updated_at` timestamp NULL DEFAULT NULL,
  PRIMARY KEY (`announcement_id`),
  KEY `announcements_event_id_foreign` (`event_id`),
  CONSTRAINT `announcements_event_id_foreign` FOREIGN KEY (`event_id`) REFERENCES `events` (`event_id`) ON DELETE CASCADE
) ENGINE=InnoDB DEFAULT CHARSET=utf8mb4 COLLATE=utf8mb4_unicode_ci;
/*!40101 SET character_set_client = @saved_cs_client */;

--
-- Dumping data for table `announcements`
--

LOCK TABLES `announcements` WRITE;
/*!40000 ALTER TABLE `announcements` DISABLE KEYS */;
/*!40000 ALTER TABLE `announcements` ENABLE KEYS */;
UNLOCK TABLES;

--
-- Table structure for table `bookings`
--

DROP TABLE IF EXISTS `bookings`;
/*!40101 SET @saved_cs_client     = @@character_set_client */;
/*!40101 SET character_set_client = utf8 */;
CREATE TABLE `bookings` (
  `ticket_number` int(10) unsigned NOT NULL AUTO_INCREMENT,
  `ticket_desc_id` int(10) unsigned NOT NULL,
  `ticket_buyer_id` int(10) unsigned NOT NULL,
  `ticket_quantity` int(11) NOT NULL,
  `booking_is_active` tinyint(1) NOT NULL,
  `created_at` timestamp NULL DEFAULT NULL,
  `updated_at` timestamp NULL DEFAULT NULL,
  PRIMARY KEY (`ticket_number`),
  KEY `bookings_ticket_desc_id_foreign` (`ticket_desc_id`),
  KEY `bookings_ticket_buyer_id_foreign` (`ticket_buyer_id`),
  CONSTRAINT `bookings_ticket_buyer_id_foreign` FOREIGN KEY (`ticket_buyer_id`) REFERENCES `users` (`user_id`) ON DELETE CASCADE,
  CONSTRAINT `bookings_ticket_desc_id_foreign` FOREIGN KEY (`ticket_desc_id`) REFERENCES `ticket_descriptions` (`ticket_desc_id`) ON DELETE CASCADE
) ENGINE=InnoDB DEFAULT CHARSET=utf8mb4 COLLATE=utf8mb4_unicode_ci;
/*!40101 SET character_set_client = @saved_cs_client */;

--
-- Dumping data for table `bookings`
--

LOCK TABLES `bookings` WRITE;
/*!40000 ALTER TABLE `bookings` DISABLE KEYS */;
/*!40000 ALTER TABLE `bookings` ENABLE KEYS */;
UNLOCK TABLES;

--
-- Table structure for table `event_types`
--

DROP TABLE IF EXISTS `event_types`;
/*!40101 SET @saved_cs_client     = @@character_set_client */;
/*!40101 SET character_set_client = utf8 */;
CREATE TABLE `event_types` (
  `event_type_id` int(10) unsigned NOT NULL AUTO_INCREMENT,
  `event_type` varchar(255) COLLATE utf8mb4_unicode_ci NOT NULL,
  `event_type_is_active` tinyint(1) NOT NULL,
  `created_at` timestamp NULL DEFAULT NULL,
  `updated_at` timestamp NULL DEFAULT NULL,
  PRIMARY KEY (`event_type_id`)
) ENGINE=InnoDB DEFAULT CHARSET=utf8mb4 COLLATE=utf8mb4_unicode_ci;
/*!40101 SET character_set_client = @saved_cs_client */;

--
-- Dumping data for table `event_types`
--

LOCK TABLES `event_types` WRITE;
/*!40000 ALTER TABLE `event_types` DISABLE KEYS */;
/*!40000 ALTER TABLE `event_types` ENABLE KEYS */;
UNLOCK TABLES;

--
-- Table structure for table `events`
--

DROP TABLE IF EXISTS `events`;
/*!40101 SET @saved_cs_client     = @@character_set_client */;
/*!40101 SET character_set_client = utf8 */;
CREATE TABLE `events` (
  `event_id` int(10) unsigned NOT NULL AUTO_INCREMENT,
  `event_type_id` int(10) unsigned NOT NULL,
  `event_name` varchar(50) COLLATE utf8mb4_unicode_ci NOT NULL,
  `event_start_time` datetime NOT NULL,
  `event_end_time` datetime NOT NULL,
  `event_country` varchar(20) COLLATE utf8mb4_unicode_ci NOT NULL,
  `event_venue` varchar(40) COLLATE utf8mb4_unicode_ci NOT NULL,
  `event_city` varchar(20) COLLATE utf8mb4_unicode_ci NOT NULL,
  `event_video_link` varchar(255) COLLATE utf8mb4_unicode_ci NOT NULL,
  `event_website` varchar(255) COLLATE utf8mb4_unicode_ci NOT NULL,
  `event_thumbnail_photo` text COLLATE utf8mb4_unicode_ci NOT NULL,
  `event_banner_photo` text COLLATE utf8mb4_unicode_ci NOT NULL,
  `event_status` int(11) NOT NULL,
  `event_security_option` int(11) NOT NULL,
  `event_has_sub_event` tinyint(1) NOT NULL,
  `event_organizer_id` int(10) unsigned NOT NULL,
  `event_is_active` tinyint(1) NOT NULL,
  `created_at` timestamp NULL DEFAULT NULL,
  `updated_at` timestamp NULL DEFAULT NULL,
  PRIMARY KEY (`event_id`),
  KEY `events_event_type_id_foreign` (`event_type_id`),
  KEY `events_event_organizer_id_foreign` (`event_organizer_id`),
  CONSTRAINT `events_event_organizer_id_foreign` FOREIGN KEY (`event_organizer_id`) REFERENCES `users` (`user_id`) ON DELETE CASCADE,
  CONSTRAINT `events_event_type_id_foreign` FOREIGN KEY (`event_type_id`) REFERENCES `event_types` (`event_type_id`) ON DELETE CASCADE
) ENGINE=InnoDB DEFAULT CHARSET=utf8mb4 COLLATE=utf8mb4_unicode_ci;
/*!40101 SET character_set_client = @saved_cs_client */;

--
-- Dumping data for table `events`
--

LOCK TABLES `events` WRITE;
/*!40000 ALTER TABLE `events` DISABLE KEYS */;
/*!40000 ALTER TABLE `events` ENABLE KEYS */;
UNLOCK TABLES;

--
-- Table structure for table `members`
--

DROP TABLE IF EXISTS `members`;
/*!40101 SET @saved_cs_client     = @@character_set_client */;
/*!40101 SET character_set_client = utf8 */;
CREATE TABLE `members` (
  `user_id` int(10) unsigned NOT NULL,
  `event_id` int(10) unsigned NOT NULL,
  `member_is_active` tinyint(1) NOT NULL,
  `created_at` timestamp NULL DEFAULT NULL,
  `updated_at` timestamp NULL DEFAULT NULL,
  PRIMARY KEY (`user_id`,`event_id`),
  KEY `members_event_id_foreign` (`event_id`),
  CONSTRAINT `members_event_id_foreign` FOREIGN KEY (`event_id`) REFERENCES `events` (`event_id`) ON DELETE CASCADE,
  CONSTRAINT `members_user_id_foreign` FOREIGN KEY (`user_id`) REFERENCES `users` (`user_id`) ON DELETE CASCADE
) ENGINE=InnoDB DEFAULT CHARSET=utf8mb4 COLLATE=utf8mb4_unicode_ci;
/*!40101 SET character_set_client = @saved_cs_client */;

--
-- Dumping data for table `members`
--

LOCK TABLES `members` WRITE;
/*!40000 ALTER TABLE `members` DISABLE KEYS */;
/*!40000 ALTER TABLE `members` ENABLE KEYS */;
UNLOCK TABLES;

--
-- Table structure for table `migrations`
--

DROP TABLE IF EXISTS `migrations`;
/*!40101 SET @saved_cs_client     = @@character_set_client */;
/*!40101 SET character_set_client = utf8 */;
CREATE TABLE `migrations` (
  `id` int(10) unsigned NOT NULL AUTO_INCREMENT,
  `migration` varchar(255) COLLATE utf8mb4_unicode_ci NOT NULL,
  `batch` int(11) NOT NULL,
  PRIMARY KEY (`id`)
) ENGINE=InnoDB AUTO_INCREMENT=13 DEFAULT CHARSET=utf8mb4 COLLATE=utf8mb4_unicode_ci;
/*!40101 SET character_set_client = @saved_cs_client */;

--
-- Dumping data for table `migrations`
--

LOCK TABLES `migrations` WRITE;
/*!40000 ALTER TABLE `migrations` DISABLE KEYS */;
INSERT INTO `migrations` VALUES (1,'2018_04_02_092937_create_user_types_table',1),(2,'2018_04_02_093722_create_users_table',1),(3,'2018_04_02_095815_create_user_authentications_table',1),(4,'2018_04_02_101253_create_event_types_table',1),(5,'2018_04_02_101501_create_events_table',1),(6,'2018_04_02_104137_create_sub_events_table',1),(7,'2018_04_02_133453_create_ticket_descriptions_table',1),(8,'2018_04_02_141929_create_bookings_table',1),(9,'2018_04_02_143136_create_announcements_table',1),(10,'2018_04_02_143454_create_members_table',1),(11,'2018_04_02_143822_create_task_tags_table',1),(12,'2018_04_02_144145_create_tasks_table',1);
/*!40000 ALTER TABLE `migrations` ENABLE KEYS */;
UNLOCK TABLES;

--
-- Table structure for table `sub_events`
--

DROP TABLE IF EXISTS `sub_events`;
/*!40101 SET @saved_cs_client     = @@character_set_client */;
/*!40101 SET character_set_client = utf8 */;
CREATE TABLE `sub_events` (
  `sub_id` int(10) unsigned NOT NULL AUTO_INCREMENT,
  `sub_event_id` int(11) NOT NULL,
  `event_id` int(10) unsigned NOT NULL,
  `sub_event_name` varchar(50) COLLATE utf8mb4_unicode_ci NOT NULL,
  `sub_event_start_time` datetime NOT NULL,
  `sub_event_end_time` datetime NOT NULL,
  `sub_event_venue` varchar(40) COLLATE utf8mb4_unicode_ci NOT NULL,
  `sub_event_thumbnail_photo` text COLLATE utf8mb4_unicode_ci NOT NULL,
  `sub_event_banner_photo` text COLLATE utf8mb4_unicode_ci NOT NULL,
  `sub_event_security_option` int(11) NOT NULL,
  `sub_event_is_active` tinyint(1) NOT NULL,
  `created_at` timestamp NULL DEFAULT NULL,
  `updated_at` timestamp NULL DEFAULT NULL,
  PRIMARY KEY (`sub_id`),
  UNIQUE KEY `sub_events_sub_event_id_event_id_unique` (`sub_event_id`,`event_id`),
  KEY `sub_events_event_id_foreign` (`event_id`),
  CONSTRAINT `sub_events_event_id_foreign` FOREIGN KEY (`event_id`) REFERENCES `events` (`event_id`) ON DELETE CASCADE
) ENGINE=InnoDB DEFAULT CHARSET=utf8mb4 COLLATE=utf8mb4_unicode_ci;
/*!40101 SET character_set_client = @saved_cs_client */;

--
-- Dumping data for table `sub_events`
--

LOCK TABLES `sub_events` WRITE;
/*!40000 ALTER TABLE `sub_events` DISABLE KEYS */;
/*!40000 ALTER TABLE `sub_events` ENABLE KEYS */;
UNLOCK TABLES;

--
-- Table structure for table `task_tags`
--

DROP TABLE IF EXISTS `task_tags`;
/*!40101 SET @saved_cs_client     = @@character_set_client */;
/*!40101 SET character_set_client = utf8 */;
CREATE TABLE `task_tags` (
  `task_tag_id` int(10) unsigned NOT NULL AUTO_INCREMENT,
  `task_tag_name` varchar(255) COLLATE utf8mb4_unicode_ci NOT NULL,
  `event_id` int(10) unsigned NOT NULL,
  `task_tag_is_active` tinyint(1) NOT NULL,
  `created_at` timestamp NULL DEFAULT NULL,
  `updated_at` timestamp NULL DEFAULT NULL,
  PRIMARY KEY (`task_tag_id`),
  KEY `task_tags_event_id_foreign` (`event_id`),
  CONSTRAINT `task_tags_event_id_foreign` FOREIGN KEY (`event_id`) REFERENCES `events` (`event_id`) ON DELETE CASCADE
) ENGINE=InnoDB DEFAULT CHARSET=utf8mb4 COLLATE=utf8mb4_unicode_ci;
/*!40101 SET character_set_client = @saved_cs_client */;

--
-- Dumping data for table `task_tags`
--

LOCK TABLES `task_tags` WRITE;
/*!40000 ALTER TABLE `task_tags` DISABLE KEYS */;
/*!40000 ALTER TABLE `task_tags` ENABLE KEYS */;
UNLOCK TABLES;

--
-- Table structure for table `tasks`
--

DROP TABLE IF EXISTS `tasks`;
/*!40101 SET @saved_cs_client     = @@character_set_client */;
/*!40101 SET character_set_client = utf8 */;
CREATE TABLE `tasks` (
  `task_id` int(10) unsigned NOT NULL AUTO_INCREMENT,
  `task_heading` varchar(255) COLLATE utf8mb4_unicode_ci NOT NULL,
  `task_tag_id` int(10) unsigned NOT NULL,
  `task_description` text COLLATE utf8mb4_unicode_ci NOT NULL,
  `task_due_date` datetime NOT NULL,
  `task_status` int(11) NOT NULL,
  `task_taken_by` int(10) unsigned NOT NULL,
  `task_priority` int(11) NOT NULL,
  `task_is_active` tinyint(1) NOT NULL,
  `created_at` timestamp NULL DEFAULT NULL,
  `updated_at` timestamp NULL DEFAULT NULL,
  PRIMARY KEY (`task_id`),
  KEY `tasks_task_tag_id_foreign` (`task_tag_id`),
  KEY `tasks_task_taken_by_foreign` (`task_taken_by`),
  CONSTRAINT `tasks_task_tag_id_foreign` FOREIGN KEY (`task_tag_id`) REFERENCES `task_tags` (`task_tag_id`) ON DELETE CASCADE,
  CONSTRAINT `tasks_task_taken_by_foreign` FOREIGN KEY (`task_taken_by`) REFERENCES `users` (`user_id`) ON DELETE CASCADE
) ENGINE=InnoDB DEFAULT CHARSET=utf8mb4 COLLATE=utf8mb4_unicode_ci;
/*!40101 SET character_set_client = @saved_cs_client */;

--
-- Dumping data for table `tasks`
--

LOCK TABLES `tasks` WRITE;
/*!40000 ALTER TABLE `tasks` DISABLE KEYS */;
/*!40000 ALTER TABLE `tasks` ENABLE KEYS */;
UNLOCK TABLES;

--
-- Table structure for table `ticket_descriptions`
--

DROP TABLE IF EXISTS `ticket_descriptions`;
/*!40101 SET @saved_cs_client     = @@character_set_client */;
/*!40101 SET character_set_client = utf8 */;
CREATE TABLE `ticket_descriptions` (
  `ticket_desc_id` int(10) unsigned NOT NULL AUTO_INCREMENT,
  `sub_id` int(10) unsigned NOT NULL,
  `ticket_type` varchar(255) COLLATE utf8mb4_unicode_ci NOT NULL,
  `ticket_price` int(11) NOT NULL,
  `available_tickets` int(11) NOT NULL,
  `sold_tickets` int(11) NOT NULL,
  `ticket_desc_is_active` tinyint(1) NOT NULL,
  `created_at` timestamp NULL DEFAULT NULL,
  `updated_at` timestamp NULL DEFAULT NULL,
  PRIMARY KEY (`ticket_desc_id`),
  KEY `ticket_descriptions_sub_id_foreign` (`sub_id`),
  CONSTRAINT `ticket_descriptions_sub_id_foreign` FOREIGN KEY (`sub_id`) REFERENCES `sub_events` (`sub_id`) ON DELETE CASCADE
) ENGINE=InnoDB DEFAULT CHARSET=utf8mb4 COLLATE=utf8mb4_unicode_ci;
/*!40101 SET character_set_client = @saved_cs_client */;

--
-- Dumping data for table `ticket_descriptions`
--

LOCK TABLES `ticket_descriptions` WRITE;
/*!40000 ALTER TABLE `ticket_descriptions` DISABLE KEYS */;
/*!40000 ALTER TABLE `ticket_descriptions` ENABLE KEYS */;
UNLOCK TABLES;

--
-- Table structure for table `user_authentications`
--

DROP TABLE IF EXISTS `user_authentications`;
/*!40101 SET @saved_cs_client     = @@character_set_client */;
/*!40101 SET character_set_client = utf8 */;
CREATE TABLE `user_authentications` (
  `user_id` int(10) unsigned NOT NULL,
  `user_type_id` int(10) unsigned NOT NULL,
  `user_email` varchar(40) COLLATE utf8mb4_unicode_ci NOT NULL,
  `user_password` varchar(30) COLLATE utf8mb4_unicode_ci NOT NULL,
  `user_auth_is_active` tinyint(1) NOT NULL,
  `created_at` timestamp NULL DEFAULT NULL,
  `updated_at` timestamp NULL DEFAULT NULL,
  PRIMARY KEY (`user_id`,`user_type_id`),
  KEY `user_authentications_user_type_id_foreign` (`user_type_id`),
  CONSTRAINT `user_authentications_user_id_foreign` FOREIGN KEY (`user_id`) REFERENCES `users` (`user_id`) ON DELETE CASCADE,
  CONSTRAINT `user_authentications_user_type_id_foreign` FOREIGN KEY (`user_type_id`) REFERENCES `user_types` (`user_type_id`) ON DELETE CASCADE
) ENGINE=InnoDB DEFAULT CHARSET=utf8mb4 COLLATE=utf8mb4_unicode_ci;
/*!40101 SET character_set_client = @saved_cs_client */;

--
-- Dumping data for table `user_authentications`
--

LOCK TABLES `user_authentications` WRITE;
/*!40000 ALTER TABLE `user_authentications` DISABLE KEYS */;
INSERT INTO `user_authentications` VALUES (1,3,'cathrine75@yahoo.com','6968',1,'2018-04-02 15:12:00','2018-04-02 15:12:00'),(2,3,'zpfannerstill@yahoo.co.in','6169',0,'2018-04-02 15:11:58','2018-04-02 15:11:58'),(3,3,'mazie.dibbert@gmail.com','7131',1,'2018-04-02 15:12:00','2018-04-02 15:12:00'),(4,3,'caden49@hotmail.com','5573',0,'2018-04-02 15:12:00','2018-04-02 15:12:00'),(5,3,'strosin.elwin@yahoo.co.in','7588',0,'2018-04-02 15:11:59','2018-04-02 15:11:59'),(6,3,'schiller.deshawn@yahoo.co.in','7358',0,'2018-04-02 15:12:00','2018-04-02 15:12:00'),(7,2,'goyette.america@hotmail.com','7656',1,'2018-04-02 15:12:00','2018-04-02 15:12:00'),(8,2,'tanya89@hotmail.com','5117',1,'2018-04-02 15:11:59','2018-04-02 15:11:59'),(9,2,'kamille.kihn@rediffmail.com','3907',1,'2018-04-02 15:11:59','2018-04-02 15:11:59'),(10,2,'cielo.streich@yahoo.com','8903',1,'2018-04-02 15:11:58','2018-04-02 15:11:58'),(11,3,'deshaun21@yahoo.com','9578',0,'2018-04-02 15:11:59','2018-04-02 15:11:59'),(12,2,'fwitting@rediffmail.com','1496',1,'2018-04-02 15:11:57','2018-04-02 15:11:57'),(13,2,'angelina.schroeder@hotmail.com','5307',0,'2018-04-02 15:11:59','2018-04-02 15:11:59'),(14,3,'jaylon.west@rediffmail.com','1850',1,'2018-04-02 15:11:59','2018-04-02 15:11:59'),(15,2,'bode.jacques@hotmail.com','1386',1,'2018-04-02 15:11:58','2018-04-02 15:11:58'),(16,3,'adan.kiehn@yahoo.com','1609',0,'2018-04-02 15:12:00','2018-04-02 15:12:00'),(17,3,'dustin.nader@hotmail.com','3032',1,'2018-04-02 15:12:00','2018-04-02 15:12:00'),(18,3,'kaleigh41@hotmail.com','6176',0,'2018-04-02 15:12:00','2018-04-02 15:12:00'),(19,2,'destinee.kertzmann@yahoo.co.in','3943',1,'2018-04-02 15:12:00','2018-04-02 15:12:00'),(20,3,'tomasa72@yahoo.com','1362',1,'2018-04-02 15:11:59','2018-04-02 15:11:59'),(21,2,'zklein@hotmail.com','5872',1,'2018-04-02 15:12:00','2018-04-02 15:12:00'),(22,3,'crist.maxime@rediffmail.com','8266',1,'2018-04-02 15:12:00','2018-04-02 15:12:00'),(23,2,'heaney.judge@gmail.com','4373',1,'2018-04-02 15:11:57','2018-04-02 15:11:57'),(24,2,'littel.joey@yahoo.co.in','1782',1,'2018-04-02 15:11:59','2018-04-02 15:11:59'),(25,3,'camilla.mckenzie@yahoo.com','8634',1,'2018-04-02 15:12:00','2018-04-02 15:12:00'),(26,2,'von.linnie@yahoo.com','8968',1,'2018-04-02 15:12:01','2018-04-02 15:12:01'),(27,2,'gertrude.fisher@rediffmail.com','2319',1,'2018-04-02 15:12:00','2018-04-02 15:12:00'),(28,2,'erling99@gmail.com','6687',1,'2018-04-02 15:11:58','2018-04-02 15:11:58'),(29,3,'sunny19@hotmail.com','3949',0,'2018-04-02 15:12:00','2018-04-02 15:12:00'),(30,2,'ncartwright@rediffmail.com','6408',1,'2018-04-02 15:11:57','2018-04-02 15:11:57'),(31,3,'terrill85@yahoo.co.in','5241',0,'2018-04-02 15:11:58','2018-04-02 15:11:58'),(32,2,'kaela.lakin@yahoo.com','7199',1,'2018-04-02 15:11:57','2018-04-02 15:11:57'),(33,3,'katharina.green@rediffmail.com','6647',1,'2018-04-02 15:12:00','2018-04-02 15:12:00'),(34,3,'kathryn49@gmail.com','8556',1,'2018-04-02 15:11:58','2018-04-02 15:11:58'),(35,3,'jakob38@gmail.com','8909',0,'2018-04-02 15:11:57','2018-04-02 15:11:57'),(36,2,'shany94@gmail.com','1993',0,'2018-04-02 15:12:01','2018-04-02 15:12:01'),(37,3,'feest.alfonzo@rediffmail.com','4167',1,'2018-04-02 15:12:01','2018-04-02 15:12:01'),(38,2,'nyundt@yahoo.co.in','4491',0,'2018-04-02 15:11:58','2018-04-02 15:11:58'),(39,3,'cristobal.jacobi@yahoo.co.in','6212',1,'2018-04-02 15:12:01','2018-04-02 15:12:01'),(40,2,'ewell.dach@gmail.com','9108',1,'2018-04-02 15:11:58','2018-04-02 15:11:58'),(41,3,'weimann.jan@yahoo.com','3149',1,'2018-04-02 15:11:58','2018-04-02 15:11:58'),(42,2,'tkilback@yahoo.co.in','3794',0,'2018-04-02 15:12:00','2018-04-02 15:12:00'),(43,2,'cdickens@gmail.com','3853',0,'2018-04-02 15:12:01','2018-04-02 15:12:01'),(44,2,'brannon79@gmail.com','4746',0,'2018-04-02 15:11:58','2018-04-02 15:11:58'),(45,2,'fae.jones@yahoo.co.in','5784',0,'2018-04-02 15:12:01','2018-04-02 15:12:01'),(46,3,'emiliano.beer@gmail.com','2443',0,'2018-04-02 15:11:57','2018-04-02 15:11:57'),(47,3,'reilly.syble@yahoo.com','7320',0,'2018-04-02 15:11:58','2018-04-02 15:11:58'),(48,3,'elijah.erdman@gmail.com','3999',1,'2018-04-02 15:11:57','2018-04-02 15:11:57'),(49,2,'oswaldo.emmerich@rediffmail.com','5777',1,'2018-04-02 15:11:57','2018-04-02 15:11:57'),(50,2,'kolby.king@yahoo.co.in','7837',0,'2018-04-02 15:11:57','2018-04-02 15:11:57'),(51,2,'stamm.charles@yahoo.co.in','1247',0,'2018-04-02 15:11:58','2018-04-02 15:11:58'),(52,2,'axel.padberg@yahoo.com','3753',1,'2018-04-02 15:12:00','2018-04-02 15:12:00'),(53,2,'mdickinson@gmail.com','7231',0,'2018-04-02 15:12:01','2018-04-02 15:12:01'),(54,3,'jones.luigi@yahoo.com','7821',0,'2018-04-02 15:11:57','2018-04-02 15:11:57'),(55,3,'grimes.freddy@rediffmail.com','5270',0,'2018-04-02 15:11:57','2018-04-02 15:11:57'),(56,2,'jeanne.daniel@yahoo.com','9344',1,'2018-04-02 15:11:59','2018-04-02 15:11:59'),(57,3,'nathanael.spencer@rediffmail.com','5913',0,'2018-04-02 15:11:58','2018-04-02 15:11:58'),(58,2,'kale.weber@gmail.com','6947',1,'2018-04-02 15:11:57','2018-04-02 15:11:57'),(59,2,'adams.lindsay@hotmail.com','7785',0,'2018-04-02 15:12:00','2018-04-02 15:12:00'),(60,2,'tstamm@rediffmail.com','4155',1,'2018-04-02 15:11:57','2018-04-02 15:11:57'),(61,3,'vdach@yahoo.com','5285',1,'2018-04-02 15:11:59','2018-04-02 15:11:59'),(62,2,'bdach@yahoo.com','7821',1,'2018-04-02 15:11:59','2018-04-02 15:11:59'),(63,3,'mertz.mariam@rediffmail.com','7872',1,'2018-04-02 15:12:00','2018-04-02 15:12:00'),(64,2,'ofisher@yahoo.co.in','8734',0,'2018-04-02 15:12:00','2018-04-02 15:12:00'),(65,2,'zdickinson@gmail.com','8373',1,'2018-04-02 15:11:57','2018-04-02 15:11:57'),(66,3,'flangworth@yahoo.com','1456',1,'2018-04-02 15:12:00','2018-04-02 15:12:00'),(67,2,'opal12@yahoo.co.in','3394',0,'2018-04-02 15:11:58','2018-04-02 15:11:58'),(68,3,'zita49@rediffmail.com','8439',0,'2018-04-02 15:11:58','2018-04-02 15:11:58'),(69,2,'hayley.durgan@yahoo.com','5158',0,'2018-04-02 15:11:59','2018-04-02 15:11:59'),(70,3,'tillman.itzel@hotmail.com','1297',0,'2018-04-02 15:11:58','2018-04-02 15:11:58'),(71,2,'bailey.merritt@yahoo.co.in','8017',0,'2018-04-02 15:12:01','2018-04-02 15:12:01'),(72,2,'predovic.wyman@rediffmail.com','9470',1,'2018-04-02 15:12:00','2018-04-02 15:12:00'),(73,2,'harvey.brenda@rediffmail.com','5404',1,'2018-04-02 15:12:01','2018-04-02 15:12:01'),(74,3,'jromaguera@rediffmail.com','9464',1,'2018-04-02 15:11:59','2018-04-02 15:11:59'),(75,2,'malvina18@rediffmail.com','9115',0,'2018-04-02 15:11:59','2018-04-02 15:11:59'),(76,3,'art32@yahoo.co.in','2044',0,'2018-04-02 15:11:58','2018-04-02 15:11:58'),(77,2,'kariane70@hotmail.com','8234',1,'2018-04-02 15:11:57','2018-04-02 15:11:57'),(78,2,'jeramie97@yahoo.co.in','3112',0,'2018-04-02 15:12:00','2018-04-02 15:12:00'),(79,2,'stephan71@yahoo.co.in','4220',0,'2018-04-02 15:11:59','2018-04-02 15:11:59'),(80,3,'schroeder.jamir@gmail.com','5549',1,'2018-04-02 15:11:58','2018-04-02 15:11:58'),(81,3,'klocko.alysha@rediffmail.com','7877',0,'2018-04-02 15:11:59','2018-04-02 15:11:59'),(82,3,'bednar.gabe@hotmail.com','5623',1,'2018-04-02 15:11:58','2018-04-02 15:11:58'),(83,3,'alvah05@gmail.com','2576',0,'2018-04-02 15:11:59','2018-04-02 15:11:59'),(84,2,'nedra.kerluke@hotmail.com','3053',1,'2018-04-02 15:11:57','2018-04-02 15:11:57'),(85,3,'amir83@gmail.com','2639',0,'2018-04-02 15:11:57','2018-04-02 15:11:57'),(86,2,'vstoltenberg@yahoo.co.in','4595',0,'2018-04-02 15:11:58','2018-04-02 15:11:58'),(87,3,'walker.lilian@rediffmail.com','7815',1,'2018-04-02 15:11:58','2018-04-02 15:11:58'),(88,3,'hessel.robert@yahoo.com','7161',1,'2018-04-02 15:12:00','2018-04-02 15:12:00'),(89,3,'ctorp@yahoo.co.in','9467',1,'2018-04-02 15:11:57','2018-04-02 15:11:57'),(90,3,'reggie.morar@rediffmail.com','1231',1,'2018-04-02 15:11:58','2018-04-02 15:11:58'),(91,3,'virginie39@yahoo.co.in','7888',1,'2018-04-02 15:11:57','2018-04-02 15:11:57'),(92,3,'kim.casper@yahoo.com','5180',0,'2018-04-02 15:11:57','2018-04-02 15:11:57'),(93,2,'kilback.sim@yahoo.co.in','3207',1,'2018-04-02 15:12:00','2018-04-02 15:12:00'),(94,2,'rmurray@gmail.com','3771',0,'2018-04-02 15:11:59','2018-04-02 15:11:59'),(95,2,'marlin.russel@rediffmail.com','7707',1,'2018-04-02 15:11:58','2018-04-02 15:11:58'),(96,2,'botsford.eda@hotmail.com','2358',0,'2018-04-02 15:12:01','2018-04-02 15:12:01'),(97,3,'tia.runolfsson@hotmail.com','1896',1,'2018-04-02 15:11:58','2018-04-02 15:11:58'),(98,2,'rene.smith@hotmail.com','1149',0,'2018-04-02 15:11:57','2018-04-02 15:11:57'),(99,2,'braun.aurelio@yahoo.com','4110',0,'2018-04-02 15:11:59','2018-04-02 15:11:59'),(100,3,'gilbert90@yahoo.com','8677',1,'2018-04-02 15:11:57','2018-04-02 15:11:57');
/*!40000 ALTER TABLE `user_authentications` ENABLE KEYS */;
UNLOCK TABLES;

--
-- Table structure for table `user_types`
--

DROP TABLE IF EXISTS `user_types`;
/*!40101 SET @saved_cs_client     = @@character_set_client */;
/*!40101 SET character_set_client = utf8 */;
CREATE TABLE `user_types` (
  `user_type_id` int(10) unsigned NOT NULL AUTO_INCREMENT,
  `user_type` varchar(20) COLLATE utf8mb4_unicode_ci NOT NULL,
  `user_type_is_active` tinyint(1) NOT NULL,
  `created_at` timestamp NULL DEFAULT NULL,
  `updated_at` timestamp NULL DEFAULT NULL,
  PRIMARY KEY (`user_type_id`)
) ENGINE=InnoDB AUTO_INCREMENT=4 DEFAULT CHARSET=utf8mb4 COLLATE=utf8mb4_unicode_ci;
/*!40101 SET character_set_client = @saved_cs_client */;

--
-- Dumping data for table `user_types`
--

LOCK TABLES `user_types` WRITE;
/*!40000 ALTER TABLE `user_types` DISABLE KEYS */;
INSERT INTO `user_types` VALUES (1,'admin',1,NULL,NULL),(2,'organizer',1,NULL,NULL),(3,'attendee',1,NULL,NULL);
/*!40000 ALTER TABLE `user_types` ENABLE KEYS */;
UNLOCK TABLES;

--
-- Table structure for table `users`
--

DROP TABLE IF EXISTS `users`;
/*!40101 SET @saved_cs_client     = @@character_set_client */;
/*!40101 SET character_set_client = utf8 */;
CREATE TABLE `users` (
  `user_id` int(10) unsigned NOT NULL AUTO_INCREMENT,
  `user_first_name` varchar(20) COLLATE utf8mb4_unicode_ci NOT NULL,
  `user_last_name` varchar(20) COLLATE utf8mb4_unicode_ci NOT NULL,
  `user_phone_number` varchar(10) COLLATE utf8mb4_unicode_ci NOT NULL,
  `user_aadhar_card_number` varchar(12) COLLATE utf8mb4_unicode_ci NOT NULL,
  `user_profile_picture` text COLLATE utf8mb4_unicode_ci NOT NULL,
  `user_about` text COLLATE utf8mb4_unicode_ci NOT NULL,
  `user_residence` varchar(255) COLLATE utf8mb4_unicode_ci NOT NULL,
  `user_city` varchar(20) COLLATE utf8mb4_unicode_ci NOT NULL,
  `user_country` varchar(20) COLLATE utf8mb4_unicode_ci NOT NULL,
  `user_is_active` tinyint(1) NOT NULL,
  `created_at` timestamp NULL DEFAULT NULL,
  `updated_at` timestamp NULL DEFAULT NULL,
  PRIMARY KEY (`user_id`)
) ENGINE=InnoDB AUTO_INCREMENT=101 DEFAULT CHARSET=utf8mb4 COLLATE=utf8mb4_unicode_ci;
/*!40101 SET character_set_client = @saved_cs_client */;

--
-- Dumping data for table `users`
--

LOCK TABLES `users` WRITE;
/*!40000 ALTER TABLE `users` DISABLE KEYS */;
INSERT INTO `users` VALUES (1,'Breanne','Carroll','9678528542','614265092788','Quam unde veniam quaerat dolorem pariatur. Modi repellendus rem aut repellendus accusamus corporis quis. In maiores numquam voluptas recusandae. Consectetur libero sint sapiente voluptas atque hic voluptatibus. Dolores hic eligendi tempore ad sed. Corporis tempore voluptas ratione ullam fugiat quo. Et accusamus harum explicabo. Laborum voluptatibus illum in natus incidunt.','In praesentium.','76729 Olson Unions Apt. 737','Voluptatum sit.','Eum voluptas.',0,'2018-04-02 15:11:52','2018-04-02 15:11:52'),(2,'Velda','West','9698731461','964700321656','Deleniti consequatur qui et. Sequi incidunt sed maxime libero quia et. Voluptas tempora nemo nihil quo et exercitationem. Maiores perferendis tempora autem eveniet officia voluptatum ad. Nesciunt ipsum et hic accusamus. Recusandae veritatis rerum voluptas est. Consequatur qui nostrum magnam dolor omnis neque et. Sint similique dolores reprehenderit voluptatum. Ipsum delectus quaerat eum quae.','Et aut quaerat.','442 Ivory Views','Incidunt omnis.','Temporibus.',1,'2018-04-02 15:11:52','2018-04-02 15:11:52'),(3,'Lorenz','Gerlach','9941885579','799115616249','Cum est facere incidunt omnis. Qui ducimus dolorum consequatur rem soluta. Dignissimos ab placeat dolores assumenda. Doloribus mollitia sint et amet. Nisi et similique et et qui autem omnis. Sed amet qui vel dolor. Cumque et voluptatum esse dolor dolore deleniti. Quibusdam laudantium eveniet enim magnam explicabo illo. Aut repudiandae perferendis facilis est. Vero ut cupiditate aspernatur. Sed libero dolorem quasi neque. Accusantium optio odio et sed quia corrupti.','Nobis dolor porro.','8567 Amanda Cliffs','Dolores et odio.','Enim officia eum.',0,'2018-04-02 15:11:52','2018-04-02 15:11:52'),(4,'Krystal','Greenholt','9125777557','543202216441','Natus nobis alias iste quibusdam placeat iste quibusdam. Porro consectetur eveniet ex reiciendis mollitia. Mollitia dolorum alias sed. Praesentium nisi est dolores fugiat. Saepe temporibus nostrum facere dolorum nobis et. Earum error sint alias id repellendus ea repellat. Consequatur laboriosam veniam blanditiis perferendis harum a deserunt. Dolorem quaerat qui consectetur veritatis esse veritatis nam.','Aut accusamus.','617 Amelia Shores','Dolor nam saepe et.','Rerum aut aut nulla.',1,'2018-04-02 15:11:52','2018-04-02 15:11:52'),(5,'Colt','Mayer','8749780126','984818057145','Qui libero architecto est necessitatibus qui. Minus rem ut ut et qui sit et. Veniam fugiat dolorum voluptatem voluptas et aut debitis. A nisi et esse perferendis optio a veritatis. Odit tempore earum dicta et facere velit praesentium. Consectetur libero totam aut aut aut ratione qui. Id dolorem aperiam vel. Dolor tenetur in ea non. Voluptatem possimus occaecati alias nulla. Hic ducimus dolor magnam quam officiis.','Dicta aut.','496 Emanuel Ports Apt. 812','Aut praesentium.','Quia repudiandae.',0,'2018-04-02 15:11:52','2018-04-02 15:11:52'),(6,'Marquis','Herzog','8608717080','388707120827','Odit voluptatem dolores et. Consectetur non dolores delectus vel cum. Aliquam error perferendis dolores ut nihil dolores cupiditate quae. Impedit et aspernatur est repudiandae eligendi ut impedit. Ducimus est est repellat dolorem suscipit. Quisquam quod et repudiandae asperiores accusantium repellendus dolor ut. Et omnis et sunt dolores. Assumenda rerum aut impedit quia minus. Sit optio eos quis quidem porro facilis maiores.','Atque molestias.','3573 Santino Motorway','Est beatae.','Praesentium.',1,'2018-04-02 15:11:52','2018-04-02 15:11:52'),(7,'Cecelia','Lemke','9484126151','715617152161','Consectetur nam beatae voluptas omnis distinctio sed occaecati. Illum a fugiat autem qui sint eius. Excepturi voluptate qui aut ea qui quod facilis ullam. Omnis voluptates voluptas facere molestiae. Enim et omnis alias autem sed. Fugit officia minima quia. Ad odio et quia consequatur totam optio sed. Qui cupiditate voluptate rerum quae et consectetur praesentium. Rerum atque dolorum nihil quia quis omnis totam dolorem. At unde illo ipsam est cum amet cum est.','Et aspernatur.','24731 Tia Corners','Esse autem sit.','Vel natus ea nulla.',1,'2018-04-02 15:11:52','2018-04-02 15:11:52'),(8,'Juliet','Farrell','9718502422','110883822550','Sit dolores alias debitis nesciunt. Consequatur voluptas aspernatur rerum illum aperiam. Maiores nostrum facilis autem voluptatem. Tempora illum consectetur quidem aspernatur quaerat porro nesciunt quibusdam. Dolores qui quam quam aspernatur vero. Et iusto rerum est ipsum. Autem cum sapiente pariatur. Praesentium eum sed adipisci odio.','Nulla aspernatur.','71920 Koelpin Way Apt. 512','Eaque et quaerat.','Eos non non dolor.',0,'2018-04-02 15:11:52','2018-04-02 15:11:52'),(9,'Trycia','Schaefer','8896884781','393813424475','Optio consectetur magni aut quo laborum. Unde repudiandae veritatis incidunt qui nesciunt assumenda molestiae est. Laborum qui provident suscipit quo alias ex et. Commodi quod sit officiis doloremque. Repellat qui ut similique et dicta eum. Fugiat est mollitia explicabo.','Velit natus non.','293 Kilback Land','Excepturi quae quo.','Repudiandae quas.',0,'2018-04-02 15:11:52','2018-04-02 15:11:52'),(10,'Micah','Oberbrunner','9966661437','557022608508','Repudiandae sunt facere placeat impedit sit dolorem quisquam. Nisi aut voluptas facilis est quisquam facere molestias. Iusto ducimus sed voluptas. Quam eum voluptatibus vel ut voluptates assumenda ipsa. Explicabo aut minus necessitatibus voluptatem et velit. Et eum eius voluptatem nisi voluptas tenetur iste. Eos dignissimos rerum et qui et impedit similique.','Blanditiis vel et.','126 Raphaelle Groves Suite 766','Eum facere quod.','Id officiis quia.',1,'2018-04-02 15:11:52','2018-04-02 15:11:52'),(11,'Anna','Reichel','8963992534','441420751702','Ut qui sed blanditiis est. Voluptatem assumenda eum molestiae commodi ut commodi. Magnam ad harum perspiciatis sint maiores. Illo aut aut nisi accusantium soluta. Modi corrupti corporis illo quas consequuntur. Consectetur voluptas suscipit dignissimos. Saepe tenetur dolorum error tempore facilis distinctio esse ad. Animi blanditiis sunt quam voluptas. Est deleniti voluptatem rerum. Rerum consectetur cumque quia a ratione. Dolore vel sit dolorem. Quaerat nulla sit est pariatur ut.','Autem quos.','927 Gibson Brook','Eum vel voluptas.','Qui est sed eveniet.',0,'2018-04-02 15:11:52','2018-04-02 15:11:52'),(12,'Gerson','Stoltenberg','9692591371','780461944966','Eum voluptatem voluptatem debitis consequatur nihil amet reprehenderit voluptate. Id soluta omnis modi repudiandae. Iure voluptas illo velit possimus eum aliquam. Qui maiores quo numquam qui ut. Ut iusto expedita voluptatum et placeat. Architecto quos omnis ea unde. Voluptates quis dolor sit voluptatem unde saepe minus. Et at fugiat laborum et. Nulla aperiam et recusandae delectus id et. Excepturi odit a accusamus dolorem ab.','Consectetur sunt.','541 Leonor Dale Suite 877','Rerum non.','Sequi nihil.',1,'2018-04-02 15:11:52','2018-04-02 15:11:52'),(13,'Marquise','Rempel','9761210049','370387523224','Iure eligendi numquam eius. Nobis sunt voluptatibus dolor quam. Aut tenetur provident eligendi quis natus dolore. Cum animi incidunt assumenda totam nihil. Dolores et nostrum reprehenderit saepe autem numquam hic. Pariatur nihil sed nihil voluptatibus. Ut esse delectus culpa eligendi similique architecto aut. Non hic aut quia natus soluta rerum. Omnis fugiat quae molestiae omnis. Aut voluptates eius rerum minima eaque. Aliquam corrupti nostrum non eum commodi voluptatem sequi.','Est deleniti facere.','515 Sean Village','Aut tempora modi.','Et deleniti.',1,'2018-04-02 15:11:52','2018-04-02 15:11:52'),(14,'Bernhard','Koelpin','9442326146','883944562322','Quia minus eos perspiciatis dolores tempore necessitatibus. Aliquid assumenda blanditiis harum ut excepturi voluptatibus ullam. Recusandae quo maxime vero eum voluptatem quaerat quo. Amet consequatur sit quo voluptatem impedit eveniet. Ut eius vel suscipit neque. Rerum aliquam est totam impedit deserunt et ipsam.','Totam dicta ut nam.','37196 Murazik Valley','Dolor adipisci.','Fugiat tempore.',0,'2018-04-02 15:11:52','2018-04-02 15:11:52'),(15,'Ruthie','Sporer','8975450331','238518792220','Error eum eos est explicabo nesciunt. Non consequatur perferendis sint non. Dolore non sint rerum aut laborum. Voluptatem est quas totam ipsa numquam et animi. Maiores fuga voluptas dolor maxime. Enim voluptas ut facere aspernatur. Eius quia et eveniet ut temporibus aut provident. Assumenda quasi laudantium impedit ipsam. Quis quia enim temporibus eligendi. Qui minima fuga est nesciunt tempore. Ad et explicabo corporis veritatis.','Delectus quo maxime.','177 Mitchell Route','Vel vitae id sunt.','Cumque et.',0,'2018-04-02 15:11:52','2018-04-02 15:11:52'),(16,'Janis','Langworth','8809835789','238429905101','Doloribus molestiae voluptatem quis deleniti. Est et provident ut. Ducimus quo autem tenetur magni distinctio. Et eum voluptates laudantium nihil quia quam. Labore sequi ratione repellat et. Eum veritatis et quo aspernatur similique. Molestiae recusandae at maxime velit aut deleniti earum nesciunt. Assumenda unde et rerum repellat quisquam.','Doloribus facilis.','335 Brody Rapid','Veniam iste.','Reprehenderit.',1,'2018-04-02 15:11:52','2018-04-02 15:11:52'),(17,'Terrence','Stanton','9134609958','145108756270','Officia adipisci eos soluta sit quia natus facilis. Possimus voluptates voluptatum ut sit voluptate deserunt. Officia qui repudiandae ipsa repudiandae velit eveniet nihil. Consectetur ad at non sunt ut. Ullam eos est veniam maiores quam explicabo doloremque. Velit molestias et qui autem voluptatem incidunt velit.','Consequatur libero.','4279 Runolfsson Course','Amet maiores ut ex.','Velit nulla.',1,'2018-04-02 15:11:52','2018-04-02 15:11:52'),(18,'Robb','Kemmer','8518890458','429847161454','Rerum magni velit in ea deserunt sint. Iure sit totam temporibus veniam tempora. Quod sit tempore consectetur dolore quidem explicabo. Voluptatem perspiciatis id similique debitis et. Minus voluptatibus tempora saepe earum eius hic labore. Cupiditate voluptatem quam aut. Ut velit dicta minima quas enim animi perspiciatis. Et delectus sunt perferendis quod ipsum. Aliquid explicabo dolores et ut ipsam non sunt.','Sed praesentium.','7742 Margaret Glens','Minus reiciendis et.','Corrupti.',1,'2018-04-02 15:11:52','2018-04-02 15:11:52'),(19,'Gene','Mosciski','9184686433','832463608570','Et sapiente dolorem aliquam possimus qui labore quo delectus. Consequatur expedita soluta molestiae aperiam assumenda et incidunt. Libero quis explicabo et non qui. Architecto voluptas sint corrupti provident expedita qui. Vel dolor asperiores eveniet voluptatem veniam aliquam minus tenetur. Aut labore sit iusto autem officia dolorum. Similique qui maxime sed in est. Corrupti omnis nihil molestias ea vel iusto.','Sed et sunt fugit.','1995 Zboncak Wall','Quam atque dolorem.','Sequi occaecati.',1,'2018-04-02 15:11:52','2018-04-02 15:11:52'),(20,'Elyse','Welch','9641017101','490700705217','Magni quas occaecati quas minus. Quibusdam deleniti quo tenetur ex omnis dolor assumenda. Dolor deleniti in soluta dolores repellat aut nam. Odit et iure est optio est non. Error autem velit ea et pariatur. Debitis quae occaecati nihil aspernatur. Reiciendis dicta soluta est sed unde. Illo voluptas in magnam sint. Magni modi ducimus et. Tempore fugit in et. Praesentium ea qui sint. Perspiciatis consequuntur ducimus fugiat esse tempore libero.','Corrupti.','77464 Gleason Groves','Dolores nam.','Aut ratione.',0,'2018-04-02 15:11:52','2018-04-02 15:11:52'),(21,'Mona','Goldner','9868689759','836231901698','Nesciunt minus sint voluptas enim voluptatum iste. Ratione necessitatibus velit fugit delectus voluptas quia. Voluptatibus mollitia harum dignissimos quis et incidunt ut. Exercitationem architecto aliquid sit. Qui sed possimus et hic qui libero et. Nobis iusto qui explicabo quia aliquam quo provident. Voluptatem et ipsa eveniet deleniti natus voluptate vero. Et ipsa unde ipsam aliquid quasi.','Quasi dolore.','2856 Millie Rapids','Voluptatibus.','Quod eaque.',0,'2018-04-02 15:11:53','2018-04-02 15:11:53'),(22,'Scarlett','Dibbert','9929173586','627030908884','Inventore quibusdam est aut rerum. Ut nam ab optio minus odit. Reiciendis officiis eos dolorem aspernatur praesentium ad veniam. Debitis tempora natus consectetur consequuntur quia dolorem reiciendis. Ea ut tempora voluptatibus. Sunt sit deserunt nulla quia. Tenetur aut nam dicta enim sed ea. Et eum molestiae ab ut vero iure exercitationem porro. Est aliquam id molestiae amet temporibus. Maxime quis quis aut eos vel qui.','Cupiditate optio.','770 Harvey Plaza','Voluptates placeat.','Porro vero quasi.',0,'2018-04-02 15:11:53','2018-04-02 15:11:53'),(23,'Caesar','Thiel','9631535663','485115886514','Aperiam et non et odit officiis aut et. Molestias aut eius rerum aut cum perferendis. Distinctio facere quo ad fuga. Dolor repudiandae totam laudantium qui iure vel. Error magnam consequatur necessitatibus non nihil sunt. Sint temporibus reprehenderit error fugit aut asperiores. Officia ratione sed porro explicabo ut. Nesciunt adipisci voluptatem dolorem ut debitis aut quia. Accusantium odio dolorem et.','Similique enim sint.','88294 Wuckert Fall Suite 704','Et officia harum.','Facilis in.',0,'2018-04-02 15:11:53','2018-04-02 15:11:53'),(24,'Fabian','McClure','9962732560','497710667648','Molestiae quia velit quas similique ipsum ut. Et dolore magnam optio velit sed qui. Mollitia quos deleniti deleniti eaque non optio quaerat. Numquam eum omnis aut quo dolorem quo eaque recusandae. Sit quisquam ea praesentium aliquam. Expedita repellendus delectus voluptas molestiae at iure. Et ipsa sed ducimus. Expedita minus temporibus est voluptatem aliquam occaecati optio. Nemo facilis delectus rerum voluptatem dolorem.','Nihil delectus.','330 Lowe Divide Suite 991','Sit sunt nobis et.','Atque minima quia.',1,'2018-04-02 15:11:53','2018-04-02 15:11:53'),(25,'Ceasar','Will','9103406553','437110094965','Voluptatum mollitia quis quis earum velit. Accusantium voluptas aut distinctio ut eum modi. Ad distinctio similique voluptatibus labore. Consectetur et est reiciendis delectus provident. In adipisci qui porro. Odit eius provident ut veritatis deserunt voluptates quo. Voluptatem nihil et ad sunt veritatis ex. Debitis labore voluptas molestias et quis libero perferendis. Consectetur et impedit doloremque iusto dolorum assumenda ut.','Eos minima sed vel.','3878 Ortiz Trail Apt. 544','Nam tempore quis.','Cum cupiditate illo.',1,'2018-04-02 15:11:53','2018-04-02 15:11:53'),(26,'Alexzander','Kreiger','9332243611','713801236042','Et et ut doloribus maxime. Facilis non mollitia blanditiis ex cum consectetur ipsum. Quos numquam quibusdam harum quasi nesciunt nisi voluptas numquam. Velit sit voluptas dolores dolore delectus modi rerum. Possimus eum quae voluptatum ut quaerat quasi voluptate. Molestiae officiis aspernatur ea qui commodi. Facere quo corporis reprehenderit sunt debitis ratione.','Fugit enim numquam.','3262 Bradtke Bypass','Ut numquam eum.','Quia id dolore quis.',1,'2018-04-02 15:11:53','2018-04-02 15:11:53'),(27,'Nettie','Goyette','9258230263','553621890134','Sed est voluptatibus modi alias explicabo dolores. Culpa voluptatem sit iste. Quia dolores qui quia laborum minus esse. Similique quasi sit delectus eos perferendis debitis doloribus. Eos ex debitis possimus vel atque cumque. Et facilis quas unde ut ipsam. Voluptas nemo pariatur magnam. Amet exercitationem sit atque. Architecto sed consectetur labore consequuntur. Reprehenderit natus hic beatae temporibus omnis maiores deleniti aut. Explicabo suscipit qui doloremque beatae dicta et voluptatem.','Sed ipsam eos quae.','172 Laverne Neck','Est ipsa provident.','Aliquam eius rerum.',0,'2018-04-02 15:11:53','2018-04-02 15:11:53'),(28,'Graciela','Mertz','9228618107','964061558896','Et odit ullam qui perspiciatis et. Aut quia consequuntur commodi qui maxime. Iste maiores velit qui doloribus repellat eligendi. Natus amet et odit nisi accusantium quia mollitia modi. Omnis commodi minus excepturi. Est eum recusandae distinctio aut in iusto. Ea doloribus qui quia et accusantium dignissimos. Aperiam suscipit doloremque maiores sunt. Consequatur dolorum hic possimus deserunt eum perspiciatis. Ut non saepe voluptas expedita.','Natus nemo ipsam.','42004 Trantow Place Suite 495','Voluptas tempore.','Et earum sequi enim.',0,'2018-04-02 15:11:53','2018-04-02 15:11:53'),(29,'Magali','Beier','9048932036','692116073846','Autem laborum eum consequuntur minima. Iste rerum quis qui dolor dolorem similique minus cum. Cumque dolorem hic perspiciatis. In ut perferendis id. Et necessitatibus illo nisi. Voluptas dolor enim dolorem aliquam perspiciatis illo quia. Quidem consequatur amet vel maiores harum et voluptates. Modi sit quasi dicta reprehenderit non et non.','Molestiae tempora.','255 Raynor Creek Suite 856','Voluptatem est.','Aliquam eum placeat.',1,'2018-04-02 15:11:53','2018-04-02 15:11:53'),(30,'Reba','Klein','9681811011','212631058486','Quo a iure perspiciatis distinctio. Nostrum ab sunt autem rerum maiores pariatur. Ut earum neque in. Ducimus nesciunt nesciunt aut quis. Officia omnis ut quia dolores vitae dolor id sint. Voluptas maiores veritatis officia aut iusto. Est eaque quis iure quidem quo itaque minima. Aut sapiente iusto aperiam beatae earum facilis suscipit. Odio reiciendis dolore odit sint fugit nihil asperiores. Excepturi aut delectus nobis occaecati.','Illo voluptatum.','6470 Schuster Station Suite 161','Ea sunt in et vel.','Officia error.',1,'2018-04-02 15:11:53','2018-04-02 15:11:53'),(31,'Cordia','Walsh','9388916909','974266253735','Sit est quaerat et totam porro vitae magnam. Vel qui non eum et aut reiciendis veritatis laudantium. Reiciendis distinctio minus non ullam sunt veritatis non. Voluptatem et sit amet maxime. Suscipit qui eos optio dolorum fugit tempora occaecati asperiores. Praesentium cumque quis suscipit quia nesciunt aut. Reprehenderit necessitatibus et velit recusandae. Voluptatum odio sed autem non.','Id facere sed sit.','4126 Ruthie Hill Apt. 515','Quae quas debitis.','Tempore qui amet.',1,'2018-04-02 15:11:53','2018-04-02 15:11:53'),(32,'Naomie','McClure','9344456929','433614371912','Voluptatem nihil in eius odit voluptatum aliquid. Veritatis consectetur nihil velit provident omnis quam. Velit ex iure animi quisquam mollitia earum quo. Sed sint est facilis vel mollitia qui voluptatum. Aut earum tempore est perferendis rerum dolorem error. Voluptatem quaerat non aperiam fugiat quibusdam odit delectus sit. Rerum asperiores magnam est eligendi. Vel rerum excepturi quidem et consequatur. Non molestiae enim soluta sunt perspiciatis.','Voluptatem ut ut.','718 Schmitt Falls Suite 762','Enim nostrum aut.','Est quibusdam et.',0,'2018-04-02 15:11:53','2018-04-02 15:11:53'),(33,'Tania','Schmitt','9830711851','389955877232','Fugiat voluptates aut velit nisi doloremque error. Sit nesciunt laudantium optio temporibus sint qui. Consequatur at est cum expedita. Perferendis nemo provident possimus at cupiditate. Optio porro accusantium corporis labore quia quia sint. Nostrum eos illum et ut est libero rerum. Officia tempore voluptas cumque quisquam laudantium sequi aliquid. At placeat voluptas fugiat eaque doloremque et. Dolor quis nihil aliquam at.','Aperiam sit sit.','58475 Rae Highway','Iure fugit facere.','Laboriosam animi.',1,'2018-04-02 15:11:53','2018-04-02 15:11:53'),(34,'Rebeca','Fritsch','9724893592','667858394482','Provident alias eius velit ut. Ipsum accusamus modi quia sint omnis fuga eligendi repellat. Aut hic porro perspiciatis sequi. Incidunt libero blanditiis atque esse repellat dicta. Quia eum harum veritatis sed accusamus. Est reiciendis est placeat ullam iusto. Suscipit fugit quibusdam non non odit et nihil. Qui ex fugit aut repudiandae. Fuga eum hic repellat sed animi autem iste illo. Neque est consequuntur harum rem aut similique. Saepe molestiae explicabo et enim rerum molestiae.','Perspiciatis nam.','2960 Strosin Lake','Voluptatum placeat.','Enim amet.',0,'2018-04-02 15:11:53','2018-04-02 15:11:53'),(35,'Blake','Crooks','8559751872','600476878944','Sed corrupti nam ea voluptas. Quas voluptates minima voluptatum placeat id. Ducimus vitae laboriosam ut et. Perspiciatis impedit aspernatur unde. Blanditiis id soluta nam odit et. Autem placeat nemo optio consequuntur soluta adipisci aut. Hic in odio temporibus optio quos voluptas. Ipsum ea labore veritatis non quo suscipit delectus impedit. Illo vel ea a corrupti. Nesciunt aspernatur impedit vitae omnis nisi numquam.','Quia labore alias.','76125 Dickinson Mills','Nesciunt molestias.','Blanditiis.',1,'2018-04-02 15:11:53','2018-04-02 15:11:53'),(36,'Malvina','Powlowski','9361081523','391177864651','Qui doloremque ducimus placeat aut esse corporis architecto. Est et assumenda sit pariatur. Porro nam omnis porro blanditiis dolor dolor quaerat. Cum cum quia suscipit tenetur consequuntur rerum. Qui quidem assumenda voluptas ut qui. Magni nisi similique est non qui sunt. Temporibus ipsa hic autem vitae nostrum fuga.','Earum earum.','235 Bauch Throughway','Et possimus.','Voluptatem est et.',1,'2018-04-02 15:11:53','2018-04-02 15:11:53'),(37,'Icie','Bogisich','9947292074','299747683131','Reprehenderit consequatur maiores itaque consequuntur excepturi. Sit aut autem voluptas nihil animi libero debitis. Dolorum atque necessitatibus reiciendis aperiam vel eveniet. Rem neque tempore porro sit earum pariatur harum. Nemo in incidunt mollitia sit dolorem magnam. Fugit dolorum ab asperiores veniam molestiae. Libero blanditiis perferendis accusamus a. Dolores exercitationem voluptatibus magni magnam voluptatem consequatur accusamus.','Explicabo.','1381 Deshaun Hollow Apt. 226','Eaque ut voluptates.','Atque totam eos.',0,'2018-04-02 15:11:53','2018-04-02 15:11:53'),(38,'Ignatius','Reilly','8653952370','647743221508','Et omnis sed officia totam facere ut qui. Quisquam non pariatur dolores vero. Fugit iure autem animi ut eum veniam. Dolor pariatur iusto sunt vel. Voluptatem rerum error quis cumque iure omnis libero earum. Enim architecto dolore maxime expedita quia placeat. Omnis nobis itaque repellat non voluptates deleniti vel aut. Qui pariatur sit magnam aliquid et officiis ipsa. Nam adipisci odit impedit. Cum omnis modi dolorem placeat sed aut.','Alias adipisci.','474 Stokes Dale','Vel enim blanditiis.','Porro error quia.',1,'2018-04-02 15:11:53','2018-04-02 15:11:53'),(39,'Garland','Rippin','9706377112','921973077429','A et quibusdam ullam voluptatem fugit eos alias. Numquam nulla qui vitae. Laboriosam et fuga libero molestias. Aut minima reiciendis velit eveniet doloremque. Qui sit et rem in voluptatem placeat sapiente sed. Ut ut sit minus officia blanditiis. Voluptatem accusantium natus nulla voluptatibus eveniet. Accusantium rerum a hic quia velit. Velit ut et consequuntur et voluptatem enim. Sequi eveniet asperiores est dolor sed et corporis. Et inventore earum ipsa facilis nisi.','Qui inventore.','506 O\'Reilly Trail Suite 693','Numquam id atque.','Soluta aut et sunt.',0,'2018-04-02 15:11:53','2018-04-02 15:11:53'),(40,'Levi','Brekke','9069896527','719269267874','Similique et corporis ad dolores aut excepturi. Voluptatem odio non magnam qui officiis deleniti tempora. Fugit ea impedit sequi autem et deleniti quod. Sint ut sapiente deleniti ea. Porro unde quo animi quis nemo rerum. Ut sed excepturi at pariatur consequatur exercitationem voluptate iure. Similique dolor harum esse. Labore sit itaque ex. Nulla quis doloremque rem labore culpa voluptate accusamus recusandae.','Cum cupiditate enim.','79531 Mosciski Island','Tempore deserunt.','Pariatur deleniti.',0,'2018-04-02 15:11:53','2018-04-02 15:11:53'),(41,'Madelynn','Bartoletti','9179456527','653169359545','Ducimus voluptates aperiam sint dolor quasi nemo voluptate. Vitae alias voluptas ipsum amet accusantium consequatur. Libero omnis nisi ratione tempora repudiandae. Dolorum aut distinctio nostrum ullam amet praesentium. Et accusantium laudantium ut similique ut quis modi perferendis. Totam id voluptatum pariatur corporis illo. Quisquam alias exercitationem qui consequatur quibusdam. Est nobis doloremque et id. Illum qui impedit optio qui voluptatem expedita.','Exercitationem.','2103 Abbie Manors Apt. 543','Tenetur excepturi.','Quam ut amet.',0,'2018-04-02 15:11:53','2018-04-02 15:11:53'),(42,'Hershel','Jast','8589711675','415076948085','Quod sit occaecati sit inventore. Quo quis in qui soluta. Sit cupiditate quas itaque ab voluptates officia excepturi. Tenetur sint maxime et consequatur nesciunt et non. Quisquam ea sed vero qui itaque saepe. Excepturi qui excepturi similique a vel est asperiores. Veritatis dolorem recusandae quia consequuntur. Qui iusto expedita cumque quod. Dignissimos necessitatibus facere fugit eos distinctio dolor et. Consequatur dolores quisquam ex commodi illum.','Sed facilis unde et.','147 Hodkiewicz Center','Distinctio quod.','Id vitae dicta.',1,'2018-04-02 15:11:53','2018-04-02 15:11:53'),(43,'Abelardo','Erdman','9118921163','311024741133','Rerum consequatur doloremque in id culpa rerum qui. Ratione ea qui ut aperiam aliquam saepe. Similique et commodi nam consequatur. Esse expedita voluptas quod nemo. Corrupti molestias aspernatur labore inventore. Aut qui temporibus harum. Molestiae perferendis facilis perspiciatis tenetur qui. Qui est ipsam quia enim in nemo voluptas ipsam.','Id eum accusamus.','2368 Ardith Green','Minima nemo.','A sit dolores enim.',1,'2018-04-02 15:11:53','2018-04-02 15:11:53'),(44,'Ronny','Prosacco','9299324396','666715172184','Earum autem ut consequuntur error. Cumque accusamus enim ut molestiae est nostrum. Accusantium quo corrupti fuga adipisci id. Voluptate et repellat ut aspernatur optio quia. Eaque repudiandae reiciendis cupiditate illo in id aut. Eos dolores dolorem alias et possimus est ut. Et eaque qui ducimus doloremque amet aperiam. Incidunt pariatur tempora dolore eligendi voluptas assumenda.','Illo ut consequatur.','7450 Johnson Radial Suite 319','Ad et et.','Consequatur.',1,'2018-04-02 15:11:54','2018-04-02 15:11:54'),(45,'Cierra','Hintz','9945916852','521222521461','Voluptates nostrum error recusandae atque. Quia fugit quae quia atque consequatur expedita. Ullam reiciendis nam et aut maxime dolor et ut. Et ab sed atque magni dolor cupiditate voluptate. Consectetur iusto quia vel vel voluptas maxime. Aut accusamus blanditiis soluta perferendis. Eos quaerat debitis rem quibusdam harum voluptatum. Culpa molestiae aut eos dolorem. Atque dicta omnis officia.','Placeat quam dolor.','7678 Craig Mountains Apt. 866','Ipsam ipsa fugiat.','Et consequatur est.',1,'2018-04-02 15:11:54','2018-04-02 15:11:54'),(46,'Abagail','Haley','8587681578','903088483725','Aperiam rerum aut hic ut perferendis voluptas molestiae. Occaecati repellat voluptas recusandae voluptatibus. Laborum quia consequatur aperiam cumque omnis excepturi ducimus. Sit enim architecto id laudantium enim velit. Tenetur ut reprehenderit sunt enim nihil eligendi. Sit consequatur voluptatem quae. Quasi ratione quibusdam tenetur blanditiis ut unde iure.','Commodi quasi nisi.','3264 Martin Row Suite 561','Rerum quod.','Explicabo ratione.',0,'2018-04-02 15:11:54','2018-04-02 15:11:54'),(47,'Sylvester','Baumbach','8885159336','286544293302','Qui quis nisi praesentium commodi nobis voluptas. Numquam aut occaecati soluta ea. Et soluta quod quas dignissimos debitis eum id. Ut saepe possimus sed et sed voluptates minima laboriosam. A dolores vel reprehenderit ipsa. Ut aut temporibus cum dolor. Commodi ipsa quisquam velit nemo. Non est ut explicabo labore et quaerat.','Perferendis dolore.','388 Buford Cliffs','Animi autem.','Expedita vel quis.',1,'2018-04-02 15:11:54','2018-04-02 15:11:54'),(48,'Lily','Brakus','8712304052','122818360846','Consequuntur repellat eos dolores excepturi est est rerum. Aut laborum doloremque vero impedit eum ut laudantium aut. Impedit amet corporis et. Est consectetur magnam quia dolores velit mollitia. Incidunt sit omnis consequuntur est debitis. Ut et animi veritatis. Vel ratione quia sed esse maxime. Corporis ea earum a exercitationem eveniet.','Maxime omnis qui.','70329 Nova Fields Suite 425','Facere et.','Rerum id.',0,'2018-04-02 15:11:54','2018-04-02 15:11:54'),(49,'Greta','Funk','9117453744','372593899785','Delectus praesentium et officiis nobis. Quia dolor quam vel voluptatem. Quas rerum neque voluptates quo. Sint quaerat magni voluptas quo dignissimos explicabo iure corporis. Repellendus in non natus totam ut rerum. Quisquam architecto architecto et ex placeat autem tempora fugiat. Laudantium aperiam perferendis commodi ea deserunt doloremque. Dolorum sapiente esse dolor eveniet quia nihil aut. Vitae voluptatem in dolore temporibus sed. Possimus temporibus ratione molestiae at rem cumque.','Deleniti ducimus.','299 Holly Lodge','Quis provident.','Corporis nam.',0,'2018-04-02 15:11:54','2018-04-02 15:11:54'),(50,'Lee','Walsh','8853297429','691951322356','Sint totam impedit nihil consectetur debitis nesciunt incidunt itaque. Deleniti beatae atque enim et nihil est at. Et saepe corporis nihil sit est sapiente perferendis molestiae. Est et sed exercitationem sed et ipsam. Reprehenderit est est laudantium quod. Excepturi optio eos minima cumque et deserunt id. Qui nam possimus dolorum provident maxime corrupti molestiae est. Consequuntur tempora qui sapiente. Consequuntur et sed impedit sit.','Consectetur in.','7386 Zechariah Corners Apt. 630','Tempore sit et eius.','Fuga quo sed.',0,'2018-04-02 15:11:54','2018-04-02 15:11:54'),(51,'Kitty','Gutmann','9524567531','363234962218','In voluptas culpa libero facere ut. Omnis dolor et sequi molestias vitae omnis exercitationem. Perferendis non nihil harum sed nihil sunt. Saepe alias rerum eligendi eos nostrum maiores deleniti. Doloribus consequatur neque ipsam dolorum. Non quia est placeat quis voluptatem qui sapiente. Molestiae unde aut quis. Sed inventore quia sint hic. Voluptatibus qui eum ducimus veniam voluptatibus. Reiciendis dolorum tenetur soluta. Ad aliquam harum ut.','Rerum itaque et.','235 Alivia Terrace Suite 664','At numquam ullam.','Nostrum est laborum.',0,'2018-04-02 15:11:54','2018-04-02 15:11:54'),(52,'Orland','Marvin','9084407977','570250225515','Aut odit molestiae quae eius. Vero et voluptatem velit iusto. Magnam sed officiis vitae sunt. Itaque culpa dolores odit itaque quis esse ut. Quam provident consectetur explicabo ut nemo exercitationem aut. Nam minus voluptates ipsum dolor. Aspernatur aliquam a qui nihil. Quod recusandae incidunt quidem. Vero ducimus et sed eos et ipsam qui.','Voluptatem porro ea.','9292 Reina Inlet','Temporibus.','Ut facilis.',0,'2018-04-02 15:11:54','2018-04-02 15:11:54'),(53,'Aniya','Waters','9081699576','976420588819','Debitis quod et enim est iure. Non enim repellendus doloribus doloribus eum necessitatibus sunt. Dolores impedit et numquam deserunt totam quod quis. Quo corporis quo quod est similique. Ut amet ut et quia repellat. Aut consequatur neque reprehenderit eligendi consequatur qui laboriosam. Deleniti pariatur laudantium velit pariatur perferendis perspiciatis quae. Reiciendis nihil et sed deleniti ex distinctio.','Debitis mollitia.','9264 Devonte Mall Apt. 705','Eos rem doloribus.','Iure placeat qui.',0,'2018-04-02 15:11:54','2018-04-02 15:11:54'),(54,'Loma','Cole','8878227309','176352590449','Quas accusamus saepe perspiciatis ab earum. Minus nam optio officia repellat ea. Qui quae magnam omnis et ratione reprehenderit. Impedit tempora autem praesentium. Rem maxime aut aspernatur modi. Nesciunt dolores modi et. Unde minus explicabo quidem et. Vero temporibus et ipsam numquam qui alias minima excepturi. Quo eveniet vel nulla earum minus. Libero ut quae qui fugit. Atque aut facilis modi eos facilis et.','Ipsa fuga qui nemo.','2547 Leda Well Apt. 869','Ullam eum quia et.','Blanditiis quia non.',1,'2018-04-02 15:11:54','2018-04-02 15:11:54'),(55,'Melba','Bogan','8858924452','512547527257','Doloribus illo distinctio ea. Perferendis temporibus quo rem facere. Accusantium dolorum molestias fugit autem adipisci. Est voluptas exercitationem voluptatem nihil. Ut et quisquam repudiandae aut. Repudiandae at sed sint dignissimos. Veniam tempora eligendi ducimus consequuntur autem. Aut reprehenderit voluptatem iure et debitis eius. Id pariatur nihil veniam totam eum molestiae cum. Quam iste autem ad occaecati error. Aliquam velit voluptatum veritatis exercitationem ipsum aut.','At odio quisquam.','8794 Jayson Ranch','Rerum at repellat.','Dolores provident.',0,'2018-04-02 15:11:54','2018-04-02 15:11:54'),(56,'Adell','Deckow','9072642626','709756986737','Sed enim ad in quas repellendus. Asperiores voluptate et repudiandae magnam velit. Omnis ipsam itaque sed quasi. Soluta deleniti non atque quisquam nisi eos. Unde dolores est ut mollitia. Quisquam quos dolorem iusto. Voluptatem aut illo aut delectus id qui sit. Necessitatibus mollitia odio odit quos laborum repudiandae et. Et eveniet aliquam asperiores sit sed quis ut. Neque quis et vel aut et amet modi corrupti.','Reiciendis.','326 Gottlieb Locks Suite 509','Voluptatibus iusto.','Sed autem qui ullam.',0,'2018-04-02 15:11:54','2018-04-02 15:11:54'),(57,'Idella','Fay','9264849575','443748336579','Non eos est qui repellendus ad. Aut enim repellendus blanditiis similique nemo quia omnis. Nihil error sapiente nostrum quia enim dolore aut. Atque ut ut vero voluptates quis nihil. Est eum aliquam beatae veritatis dolorem earum rerum. Nihil consequatur quod ipsa incidunt et quasi consequatur. Debitis quia occaecati minus cumque. Magnam quisquam dolorem qui. Sapiente optio neque non veritatis illo ipsam. Ipsa et dolore quia ea sed quidem dolorem.','Ut provident vel.','464 Brice Valleys Suite 447','Eaque aut vitae quo.','Voluptate dolores.',0,'2018-04-02 15:11:54','2018-04-02 15:11:54'),(58,'Gisselle','Thompson','9224384124','713354712384','Inventore error repellat cum. Aperiam tempore molestiae architecto id quaerat. Molestias repudiandae qui eligendi quibusdam ea voluptatem molestias. Et praesentium voluptatem dolorem facilis ipsum provident. Atque maiores et ipsam non. Non alias molestiae cupiditate est iure et. Voluptatibus quia asperiores blanditiis dolor. Eius dolores itaque architecto repellat. Eum qui illum itaque ut. Debitis rerum praesentium velit excepturi ut.','Magni est.','47013 Abner Lake','At architecto.','Non libero mollitia.',0,'2018-04-02 15:11:54','2018-04-02 15:11:54'),(59,'Eveline','Moore','8931443824','164524633669','Rerum eligendi tempora et temporibus excepturi voluptas. Cumque vel magni itaque unde nam. Enim et eius facilis aperiam occaecati cumque qui. Error quaerat quis repellat non voluptatum qui quod fugiat. Architecto et quam facilis occaecati reiciendis molestiae. Dolorem magni cupiditate dignissimos molestias. Distinctio et quam quia earum et veritatis et quia. Aut possimus voluptates quia odit et nemo.','Quis labore quo.','2095 Chadd Station Apt. 087','Veritatis.','Autem omnis eum.',0,'2018-04-02 15:11:54','2018-04-02 15:11:54'),(60,'Eda','Mitchell','9683517347','502000209382','Cum similique quo aspernatur quia aut tempore voluptas. Quos delectus sit dolorem tenetur id qui. Necessitatibus asperiores voluptatem molestiae enim totam voluptatem dicta. Non ut consequuntur minus sequi et consequatur. Corrupti totam ut expedita deserunt voluptatem sequi repellendus. Adipisci quos ratione eveniet voluptatem odio facilis. Vel commodi in aut quas maxime sunt non. Eum dignissimos debitis optio labore et. Eaque commodi voluptates omnis dolor cupiditate consequatur.','Mollitia quia rerum.','690 Graham Parkways','Dolores animi.','At enim vitae.',1,'2018-04-02 15:11:54','2018-04-02 15:11:54'),(61,'Alden','Grant','9572726011','298964251766','Necessitatibus dignissimos magnam consequuntur esse ullam. Et et optio odit. Praesentium esse voluptatibus cumque quam tenetur dignissimos. Recusandae numquam temporibus quia recusandae aut. Est quod sed labore quam rem numquam et. Omnis blanditiis dicta quis. Quia ea modi accusamus. Eos sint alias error nulla enim. Quibusdam rerum odio accusantium deserunt doloribus animi rerum. Consectetur ut deserunt aut.','Itaque ut.','3897 Brett Avenue','Occaecati mollitia.','Voluptatibus ab.',1,'2018-04-02 15:11:54','2018-04-02 15:11:54'),(62,'Ruthe','O\'Connell','9347134099','169443022970','Laborum dolor eum eaque dignissimos est tenetur. Quia rerum eligendi sunt harum possimus eius officiis. Saepe minima corrupti nam maxime. Quia consequatur consequatur occaecati quia. Nulla autem tempora et quis et. Nihil explicabo qui vero id ea ipsam. Nobis ut eius voluptas eveniet. Qui labore animi eum repellat neque qui. Dolor sint aliquid ut sunt. Dolorem corporis quis laudantium delectus saepe ratione. Qui ratione enim quasi molestias voluptatibus ut. Odio aperiam quis quae porro.','Omnis doloribus.','2834 O\'Conner Shoal','Itaque officiis et.','Veniam amet.',0,'2018-04-02 15:11:54','2018-04-02 15:11:54'),(63,'Ralph','Howell','8840545496','832343779526','Est sapiente ut ipsum excepturi eum. Occaecati excepturi aliquid aut amet a iste. Qui magni sit voluptatem quae inventore ipsum tempora. Sed est in ut id a. Cum dolor aut ratione doloremque asperiores minus quia. Est magni eius corporis dolorem dolorum. Ut non repudiandae velit soluta pariatur. At consequatur qui quis repellendus. Non ut corporis qui sint molestiae ad.','Labore autem.','794 Roob Pike Suite 985','Maiores temporibus.','Vero sint nobis.',1,'2018-04-02 15:11:54','2018-04-02 15:11:54'),(64,'Jackie','Willms','8987692530','961025202457','Dolorem aut deserunt voluptas quod quo voluptatum. Iste facilis vel enim ut. Voluptatibus ut beatae consequatur excepturi est temporibus corrupti. Aliquam nemo ut corrupti maxime. Nulla excepturi similique quisquam et maxime quo sit. Quaerat at est aut architecto repellendus quasi veritatis atque. Quia aut cumque ducimus doloribus.','Libero eum eius hic.','82890 Waldo Squares Suite 457','Unde minus.','Corrupti dolor enim.',0,'2018-04-02 15:11:54','2018-04-02 15:11:54'),(65,'Magdalena','Dibbert','8512470165','372412533397','Neque ad aut et nesciunt vero. Soluta iste voluptatum nostrum explicabo. Debitis iure quis repellat. Magnam natus non non exercitationem harum voluptas. Saepe ut soluta aut ipsam. Eos nulla accusamus qui laborum occaecati est. Aut cumque voluptate sit eaque. Blanditiis est aliquid quaerat sunt qui. Voluptatum cupiditate dolor rerum mollitia nobis suscipit. Omnis quia molestias eos fugit dolorem nisi fugiat voluptatem. Hic nostrum et qui nam tempora harum voluptatem.','Cupiditate.','1557 Ullrich Divide Suite 200','Aut et et.','Sit aperiam sequi.',1,'2018-04-02 15:11:54','2018-04-02 15:11:54'),(66,'Fidel','Franecki','9606834032','315726889253','Aut et eum possimus eum nesciunt consequatur. Deleniti nesciunt sunt praesentium nihil iure et veniam. Iste et repellendus alias. Sed velit dolore cupiditate harum perferendis. Omnis non earum esse nobis incidunt. Odit enim alias facilis doloremque atque minima. Eveniet dolore non saepe aspernatur molestias id. Qui magnam libero libero mollitia deserunt inventore ea.','Et perferendis in.','8829 Kunde Pine','Porro et est sunt.','Modi nisi.',0,'2018-04-02 15:11:55','2018-04-02 15:11:55'),(67,'Kody','Vandervort','9789445088','985116076383','Rerum dolor non vero quas nisi vel. Fuga consequuntur sit ducimus fugiat. Sed dolorum consequatur et architecto. Minima ut magni ea doloribus aperiam ex. Quia molestiae totam molestiae assumenda ut et perferendis. Maxime aspernatur cum illo alias modi. Ut in sed nobis. Labore corporis quidem sit odit quisquam harum cum quo. Nam et ut eaque reiciendis quasi ut veritatis. Itaque exercitationem illum repellendus ut voluptatem qui dolores.','Modi praesentium.','61693 Boyer Freeway Suite 541','Eveniet totam.','Ab nam fugit.',1,'2018-04-02 15:11:55','2018-04-02 15:11:55'),(68,'Kaden','Douglas','9513393345','720271734157','Soluta vel doloremque corporis placeat qui. Ea quibusdam eius laboriosam aut ex natus. Et quos quos sunt expedita. Sit rerum ut minus et ut animi aut. Perferendis veritatis voluptate impedit facere qui. Sunt aut laudantium nemo animi ut voluptatibus quis dolorum. Voluptate possimus laudantium repellendus. Laborum expedita ea harum nihil. Tempore voluptas illo tempora cum dolorum ex enim.','Expedita cum dicta.','608 Rod Unions Apt. 759','Dolor assumenda.','Tempore enim animi.',1,'2018-04-02 15:11:55','2018-04-02 15:11:55'),(69,'Bernice','Aufderhar','9286002877','982391871132','Ut enim sit dolorum consequatur magnam earum non. Modi et officia tenetur nulla animi recusandae ea. Minima voluptatibus eveniet qui. Explicabo quibusdam amet fuga maxime et voluptate. Est et error accusantium pariatur. Nesciunt minus vero incidunt ut omnis velit. Consequuntur quis hic laudantium. Repellat voluptas eaque quo. Voluptates aliquam amet nostrum reiciendis nam accusantium. Amet velit quam nesciunt. Eligendi laborum id sit. Facere qui ab neque dolorem qui id hic.','Minima laudantium.','478 Deron Circle Suite 355','Impedit iusto ipsa.','Saepe non quisquam.',1,'2018-04-02 15:11:55','2018-04-02 15:11:55'),(70,'Cecile','Frami','9943451457','970959585277','Assumenda fuga officiis qui doloremque quia quos quia. Architecto dignissimos nihil distinctio fugit. Maxime ea qui vitae reprehenderit. Nam sit tempora cupiditate tempore earum quas odio. Ut quo iste nihil quos. Odit qui architecto libero delectus porro excepturi ipsa a. Voluptate excepturi ut doloribus minus. Qui non commodi ab quo. Ut est aliquid et. Vitae quibusdam cupiditate temporibus numquam. Quidem nisi et qui. Sit aliquam quos fugiat cum.','Eum eum unde nemo.','44435 Altenwerth Groves','Quasi voluptatem.','Eaque veritatis aut.',1,'2018-04-02 15:11:55','2018-04-02 15:11:55'),(71,'Gudrun','Mante','9501130929','401111325574','Ut officia velit magnam omnis vitae ut et optio. Nobis dolorem eveniet nostrum necessitatibus. Quaerat eaque incidunt enim. Molestiae et perspiciatis nostrum est. Possimus quod quia qui molestias quia quis ipsa. Error amet sunt sapiente eveniet. Blanditiis quia soluta et atque. Molestiae aperiam quae non placeat quia libero explicabo.','Magnam fuga maiores.','3944 Albin Manors Apt. 612','Soluta dolore aut.','Optio sed a in.',1,'2018-04-02 15:11:55','2018-04-02 15:11:55'),(72,'Cruz','Balistreri','9631745911','500799053274','Explicabo saepe repudiandae quis qui facere quia reiciendis. Quod nam adipisci rerum at perferendis id. Qui vitae ea ut est maiores. Deleniti laudantium perferendis animi neque qui debitis odio. Quasi fugit soluta incidunt vel velit totam minima non. Quibusdam facere quam autem possimus. Similique sed porro et autem mollitia commodi.','Asperiores sunt.','1062 Reilly Drive Suite 613','Est sit veritatis.','Eaque qui sunt.',1,'2018-04-02 15:11:55','2018-04-02 15:11:55'),(73,'Adelia','Schmeler','8620343627','595795560470','Qui non enim sequi consequatur doloremque voluptatem. Qui minima ullam deserunt quia aperiam necessitatibus. Beatae veniam qui perspiciatis rerum. Accusamus dolores nobis sint accusantium neque dolores fugit. Corrupti autem ut deleniti aut optio et minima. Doloribus optio vero omnis facere vel sapiente ipsam. Qui consequatur qui itaque aut eaque et. Dolores hic inventore enim aut et.','Consequatur.','4427 Tillman Falls Suite 129','Sunt dolorem vero.','Fuga unde officia.',0,'2018-04-02 15:11:55','2018-04-02 15:11:55'),(74,'Diana','Koss','8893535060','723992892324','Omnis blanditiis nemo sint qui placeat animi enim ut. Odio eaque quaerat sit. Voluptatum velit repellat et impedit a laudantium doloribus. Quisquam repudiandae rerum labore facere optio id. Soluta a ut id sunt. Delectus aut facilis placeat similique natus. Eius consectetur dolores distinctio dolores eveniet. Quia error est quam tenetur. Deserunt impedit nemo suscipit non. Dolores est voluptas quisquam.','Repellendus non.','96632 Nienow Branch Apt. 236','Aut voluptatibus.','Nihil aut non.',0,'2018-04-02 15:11:55','2018-04-02 15:11:55'),(75,'Emmett','Prosacco','9408117662','826672039615','Laudantium est quis magni ducimus eaque ipsa officiis. Est rerum aliquam pariatur quis dolor hic. Cupiditate veritatis sit modi reprehenderit vel tempore. Sunt quos nulla qui impedit quae nobis et. Debitis voluptate consequatur ut sequi eum quidem. Maiores qui dolor est rem. Et ipsa corporis in molestiae ipsam nobis. Similique rerum cum voluptas provident culpa vel. Reiciendis aperiam reiciendis in perspiciatis quibusdam. Ullam quae vel doloremque consequatur sequi temporibus.','Optio tenetur odio.','53123 Colten Junctions','Dolore reiciendis.','Sed culpa odit.',1,'2018-04-02 15:11:55','2018-04-02 15:11:55'),(76,'Nikita','Mills','9461481084','289076680393','Qui pariatur dolores sunt nemo odit et. Et accusantium ullam voluptatem accusantium consectetur qui dolor assumenda. Illum voluptas in animi. Natus et quasi et est corrupti et ut. Ex accusantium optio laudantium veritatis consequuntur saepe reiciendis eveniet. Qui eligendi eligendi quia fugit nihil consequatur expedita. Aut aut minus aut dolorem eligendi asperiores. Beatae culpa ipsa magnam sunt delectus rerum.','Aliquam eum quia.','93093 Gregorio Corners Apt. 816','Repudiandae soluta.','Eum dolorum eum in.',0,'2018-04-02 15:11:55','2018-04-02 15:11:55'),(77,'Monica','Labadie','9869865446','498366297946','Veritatis officia et dolores nostrum. Iure sed et quae labore molestiae ullam maiores. Dolore perspiciatis vero voluptatem nulla ut non qui. Consectetur non ad consequatur nihil nobis tempore voluptatem. Ea voluptates eos qui. Occaecati voluptatum ab ut itaque possimus. Aliquam explicabo culpa ipsam esse. Autem quibusdam alias rerum. Omnis nisi reprehenderit eos eos corporis quibusdam aut. Et numquam vel culpa eum. Pariatur libero rerum eos corrupti.','Necessitatibus.','64954 Hammes Bypass Apt. 304','Dolores qui illum.','Et omnis ipsum.',1,'2018-04-02 15:11:55','2018-04-02 15:11:55'),(78,'Araceli','Raynor','9087646897','495573654569','Unde possimus officiis aut. Ut qui provident omnis sapiente sapiente quod. Aliquid eius aut alias tempora earum natus consequatur velit. Sed saepe quo quod vero minima. Rem optio molestiae consequatur. Earum quibusdam enim nihil voluptates sit. Corporis repellendus est rerum molestiae et. Ea molestias esse nobis quae aperiam quaerat aut. Quo ea consectetur aut nostrum molestiae molestiae eum fugit. Consequuntur et distinctio doloremque ut. Iure at commodi iste veritatis.','Est inventore quia.','997 Serenity Tunnel Apt. 024','Error quia labore.','Ea sed hic quo.',0,'2018-04-02 15:11:55','2018-04-02 15:11:55'),(79,'Creola','Lind','8641723815','792362201072','Adipisci culpa voluptatem temporibus molestiae ipsum. Quo omnis eligendi minus et molestias officiis esse et. Nisi vitae facilis iste quos voluptas. Ipsum est quia qui dignissimos. Et fugit reiciendis id temporibus ut qui. Est fugit sunt sint neque et aut aut. Quam necessitatibus voluptatem dolor.','Explicabo fuga.','838 Dalton Locks Suite 323','Iure qui id.','Perspiciatis.',0,'2018-04-02 15:11:55','2018-04-02 15:11:55'),(80,'Kelsi','Bradtke','9665223364','396578393461','Officiis quibusdam reprehenderit debitis vel amet dolor expedita. Rerum labore quo voluptas repellendus rerum. Consequuntur ab iure vel vitae. Laboriosam dolorum dicta sint velit laudantium quia tempora. Qui numquam et officiis ullam. Eos aliquid voluptas ut. A qui ullam quis unde eos alias. Aut autem deleniti molestiae earum earum. Molestiae dolores deserunt nulla mollitia. Nesciunt molestiae eos nobis fuga consectetur deleniti id. Magni illo sunt minus eos rerum eius.','Praesentium quae.','95927 Wyman Road Apt. 507','Est consequatur.','Expedita vel fugit.',1,'2018-04-02 15:11:55','2018-04-02 15:11:55'),(81,'Wellington','Dooley','9385235391','246287163782','Harum ipsum odit ipsa dicta maiores atque nam et. Voluptatem optio enim fugiat iusto ut. Et voluptatem libero occaecati dolor eaque. Doloribus ipsam minus maiores excepturi. Est voluptatem magni at voluptas. Ipsam quo ut assumenda magnam provident voluptas. Possimus nemo dolore sit repellendus placeat nihil aut sed. Ut voluptate rem eligendi sunt deserunt. Quod dolor vitae et est iste sit eligendi. Sint sint autem dignissimos minima tenetur.','Hic veritatis.','5520 Laurianne Orchard Suite 358','Provident.','Veniam sed ex.',0,'2018-04-02 15:11:55','2018-04-02 15:11:55'),(82,'Elsie','Lindgren','8807944764','137321655076','Accusantium soluta reiciendis alias laudantium. Rerum voluptatem at laboriosam vitae omnis. Aut nihil sed amet nemo. Quidem eveniet vel quia eum. Temporibus nesciunt tempore et a eius qui. Sed est accusantium dignissimos earum officiis itaque sunt. Exercitationem et soluta vitae sint sint. Labore assumenda ipsam pariatur quae libero adipisci odio. Maxime commodi et tempore non quo.','Recusandae ad ut.','4686 Jones Lane','Aspernatur.','Modi iure dolor.',1,'2018-04-02 15:11:55','2018-04-02 15:11:55'),(83,'Tremaine','Kuvalis','9048734855','667207562845','Accusantium incidunt unde consequatur sed sed eligendi tenetur. Eaque in tenetur quaerat impedit ex qui delectus. Ut qui impedit nobis. Unde dolorem dolores est modi odit et omnis. Sit qui aut nobis suscipit. Reiciendis eos doloribus mollitia molestiae qui et. Molestiae sed ipsa necessitatibus ut.','Mollitia sed modi.','32784 Marianne Junction','Minus eius.','Aliquid distinctio.',0,'2018-04-02 15:11:55','2018-04-02 15:11:55'),(84,'Jean','Emard','8997719575','120663717621','Atque suscipit ut a veniam nobis odit quae. Quidem quod vel inventore et. Cum incidunt voluptatem ipsum. Deleniti maxime vel et ex aut. Velit aut nostrum omnis et ab rerum adipisci. Voluptates sunt consequatur enim sed vero ut commodi. Et maxime quia dolor aperiam id sit incidunt tempora. Pariatur quasi ducimus quas dolorem veritatis beatae repellat. Saepe corrupti excepturi a rem quam repudiandae quia. Qui rem exercitationem voluptates tenetur quidem quo.','Porro enim ipsam.','34760 Charlotte Squares','Asperiores quidem.','Quod illo voluptas.',0,'2018-04-02 15:11:55','2018-04-02 15:11:55'),(85,'Kennedy','Collier','9580925918','816128023219','Suscipit voluptas et voluptatibus repellendus. Autem soluta dignissimos laudantium voluptates illum ut quo. Dolorem sed est aut exercitationem voluptatem. Quas excepturi laboriosam at officiis. Et aut dolor rerum est quam nihil fuga. Qui aut id et commodi laboriosam necessitatibus velit. Eos molestiae harum quisquam in sunt. Quo voluptas et in dolorum. Qui vel est voluptatem voluptatibus illum. Autem quis nesciunt est minima ut sunt. Cupiditate exercitationem dolorem nemo velit porro voluptas.','Officia omnis quos.','21333 Travon Place','Quae aperiam vero.','Laboriosam a id.',1,'2018-04-02 15:11:55','2018-04-02 15:11:55'),(86,'Marlee','Koss','9486699885','816527526520','Sunt culpa aut excepturi omnis. Unde cumque asperiores cumque quos esse quis totam. Sit sint veniam quaerat sed et commodi. Mollitia maxime tempora mollitia et. Iusto sit perferendis est voluptatem magnam dolores. Officia animi explicabo molestiae dolorem est. Optio voluptatem saepe labore culpa. Pariatur ut perferendis qui deserunt in. Quibusdam impedit sed placeat debitis aperiam est qui. Eaque est porro minus quia. Delectus omnis occaecati et recusandae repellat et eaque.','Officiis qui culpa.','572 Earnestine Brooks Apt. 382','Tempora voluptas.','Repudiandae et in.',0,'2018-04-02 15:11:55','2018-04-02 15:11:55'),(87,'Aliya','Oberbrunner','9983416950','241048117983','Asperiores iure amet architecto eveniet. Qui aut impedit aut consectetur qui velit in. Nisi totam non eos sequi tenetur. Vitae voluptas autem et eligendi et reprehenderit sunt. Error eius rerum ducimus accusamus sed. Quisquam consequatur quia doloribus facilis. Alias dicta delectus magnam sed. Voluptas deleniti sed id voluptates quisquam praesentium. Alias incidunt minus culpa eos qui fuga et. Labore doloribus sint cum eius modi.','Consequatur.','230 Schmitt Ways','Odit occaecati.','Quod voluptates.',1,'2018-04-02 15:11:56','2018-04-02 15:11:56'),(88,'Betty','Williamson','9222562036','637636631837','Aut dolores voluptate voluptates soluta maiores nobis magni. Quia iste ducimus repudiandae neque eveniet iure. Sed et asperiores in quisquam labore ea nemo. Hic officia saepe inventore sed laudantium nisi eligendi. Officiis quod ad corrupti voluptatem autem sit. Nam earum quia enim non ut eius. Illum est quidem atque ducimus sed. Dolorem assumenda vero tempora recusandae. Facere tenetur libero magnam et. Omnis non consequatur molestiae officia. Consequatur eos rem ea earum est.','Soluta est veniam.','52214 Dibbert Turnpike Apt. 867','Quia omnis ut.','Porro qui placeat.',0,'2018-04-02 15:11:56','2018-04-02 15:11:56'),(89,'Brayan','Ullrich','9002572056','688071593658','Odio perspiciatis molestiae fugit illum et quia. Autem in eos ex sint molestiae. A asperiores dolorum omnis nostrum. Et vero sit ipsam et qui consectetur quae qui. Eos quam et tempora. Aut quidem omnis error tenetur. Provident adipisci ab cupiditate totam dignissimos. Reprehenderit aut voluptatum a sit maiores tempora. Saepe odio distinctio tempora quas explicabo sint. Velit delectus sapiente et aut.','Tenetur vitae ipsum.','77099 Hayes Rest Apt. 075','Et fugit molestiae.','Maiores harum enim.',0,'2018-04-02 15:11:56','2018-04-02 15:11:56'),(90,'Irma','Mills','8836458145','431357363256','Dolores ipsum aspernatur pariatur nesciunt molestias nulla tempore nihil. Qui sequi ex quos illum aperiam accusantium. Sed aliquam et quibusdam et provident laudantium et. Aspernatur esse beatae impedit provident perspiciatis rerum et. Id optio distinctio ipsam. Vero qui perferendis fuga et nobis excepturi. Dicta quibusdam id omnis qui. Quia perspiciatis et sed architecto. Ipsa voluptas explicabo ipsam ex ducimus nisi occaecati. Consequuntur recusandae dignissimos ut consequatur dicta est.','Voluptatem non sed.','721 Bartell Cape Apt. 364','Unde est aliquid.','Corporis explicabo.',0,'2018-04-02 15:11:56','2018-04-02 15:11:56'),(91,'Ines','Hauck','9361579359','822126413409','Aut non voluptatem enim doloribus. Minus in voluptatem illo et esse. Architecto quam quia delectus ut placeat. Vero laborum sequi ut sunt adipisci placeat architecto. Aut sequi voluptates consequuntur saepe rerum aut. Nisi deleniti non et sunt. Quia assumenda et enim sunt delectus qui. Quidem autem ex quis sunt dolorum odio eum. Ut doloribus est non quis voluptas necessitatibus laborum.','Rerum laboriosam.','8955 Van Glens','Non similique.','Aut facilis quia.',0,'2018-04-02 15:11:56','2018-04-02 15:11:56'),(92,'Rowland','Stark','8592943166','743834687958','Voluptates ut cum nobis quia optio. Temporibus distinctio asperiores aut quidem. Quibusdam dicta quod omnis magnam beatae enim. Sapiente accusantium omnis et et aut quo non vitae. Quia ipsa voluptas qui laboriosam qui non voluptatem error. Magni similique sit id reprehenderit nemo odit ut. Quo non facere excepturi minima error. Omnis velit fugiat est est. Reiciendis quia necessitatibus nostrum laudantium ad architecto aut. Deleniti alias ut et fugit nihil voluptatem.','Doloremque.','29051 Kirlin Run Suite 521','Vel autem.','Ut et dignissimos.',1,'2018-04-02 15:11:56','2018-04-02 15:11:56'),(93,'Lisette','Pagac','9922121635','297284411588','Expedita earum possimus ut. Laborum nobis animi placeat. Voluptatibus facilis ut assumenda quisquam eligendi cumque quod. Et libero ut atque ut. Molestiae enim est repellat id ut eos laborum. Non magnam voluptatibus consequatur quo. Nihil veniam nihil fuga quia consequatur. Eos qui nesciunt rerum quas. Excepturi est recusandae est eos. Qui atque adipisci non quas praesentium omnis sed. Perspiciatis ea in perferendis aut nostrum aut. Et inventore et doloremque.','Accusantium aliquid.','92734 Witting Viaduct','Inventore fugit.','Incidunt voluptate.',1,'2018-04-02 15:11:56','2018-04-02 15:11:56'),(94,'Fletcher','Nienow','9869968266','884942062395','Doloremque pariatur deleniti ea eos et commodi. Explicabo aliquid sunt consequatur corrupti eius voluptas. Occaecati quasi suscipit incidunt possimus deleniti fugit. Eius consequuntur explicabo distinctio eos vero. Quidem non corrupti rerum autem deserunt voluptas quibusdam. Voluptatibus ullam qui occaecati iste libero qui quia. Qui debitis veniam explicabo reprehenderit fugiat esse sequi. Voluptatem quia eum deserunt aut.','Magni vel.','8999 Sporer Circle','Tenetur veniam.','Non laboriosam et.',1,'2018-04-02 15:11:56','2018-04-02 15:11:56'),(95,'Al','Wuckert','9042964922','674953926739','Sed quod velit alias velit laboriosam quasi qui tempora. Impedit in accusantium dolor totam rerum tempore. Aut dolores voluptas ea cum enim ad. Debitis delectus dolor qui quo ratione illo occaecati est. Incidunt qui deserunt a harum ratione omnis inventore. Et maiores id ipsam magni vel. Et nemo sint perferendis. Incidunt molestias laborum rerum illum eum aut placeat.','Vitae unde fuga.','595 Rolfson Falls','Accusamus deserunt.','Facere est commodi.',0,'2018-04-02 15:11:56','2018-04-02 15:11:56'),(96,'Jimmy','Klein','8672240902','458643201006','Aut pariatur ipsam dolor rem. Voluptates doloremque harum consequatur est. Porro cumque veritatis necessitatibus dolores sint. Quisquam et iure ab qui sint harum ut. Maiores non id sit quod repudiandae odio placeat. Aut ea est repellendus. Assumenda dicta nesciunt non. Ad unde ex ducimus quidem nisi libero eius dolorem. Ad ullam accusamus voluptatum ad ut dolor. Eum molestiae laborum quia. Eveniet necessitatibus fugit qui est neque harum nihil.','Voluptatem.','434 Towne Spurs Suite 097','Quasi ab impedit.','Et eligendi.',0,'2018-04-02 15:11:56','2018-04-02 15:11:56'),(97,'Edmund','Stark','8933417937','635447482511','Porro voluptatem ex officia nesciunt velit ratione. Expedita enim magnam consequatur. Et reprehenderit nam corrupti. Explicabo quia accusamus aliquam vel totam nam nam. Nulla voluptatibus quis ut enim et. Omnis nihil impedit adipisci officiis. Praesentium vel explicabo aliquam porro rerum qui animi. Dolores placeat blanditiis optio. Unde quis incidunt earum necessitatibus. Eaque architecto inventore et quia illo laudantium. Temporibus consequatur ut odit doloribus velit vel.','Aut excepturi id.','87610 Halie Street Apt. 631','Culpa quia cumque.','Nihil et quisquam.',0,'2018-04-02 15:11:56','2018-04-02 15:11:56'),(98,'Scottie','Raynor','9219173217','181929606273','Non et ut sunt explicabo eos rerum. Non non totam fuga quaerat. Illo occaecati asperiores sapiente. Magnam et nobis repellendus alias rerum odio. Placeat sapiente natus ut nostrum ipsam. Magnam a reprehenderit dolores eveniet quidem corporis dolorem. Molestiae voluptas officia rerum ea quis voluptas. Maiores est nam velit numquam qui. Eos cumque atque ea et consequuntur velit. Dolore soluta omnis repudiandae et voluptatem.','Delectus temporibus.','762 Aaliyah Ferry','Enim facilis quidem.','Facilis quo.',0,'2018-04-02 15:11:56','2018-04-02 15:11:56'),(99,'Curtis','Buckridge','9221760699','831961522915','Fugit doloribus consequuntur voluptatem fuga qui adipisci quia exercitationem. Praesentium aut commodi id fuga voluptatem sed voluptatem aut. Doloribus voluptatem fuga aut excepturi. Beatae voluptate quas doloremque laudantium. Nulla nemo ipsum aliquam molestiae assumenda. Sint tempora numquam culpa consequatur. Rerum voluptatibus dicta enim ducimus.','Autem enim facilis.','251 Muller Glens','Fugit deleniti.','Sed natus molestiae.',0,'2018-04-02 15:11:56','2018-04-02 15:11:56'),(100,'Harmony','Mayert','9064417621','804689289411','Odit tempora nihil dolor iusto quo sit temporibus. Soluta voluptas consequatur labore dolores placeat omnis possimus incidunt. Aperiam qui et minus. Vero quo est recusandae deleniti debitis blanditiis incidunt harum. Quis fugit aut tempora ab quaerat debitis. Non sed eum voluptatum neque facilis molestias voluptatem. Rerum ut magnam nostrum tempora expedita voluptatem iure beatae. Aliquam perferendis sunt eaque illum ea.','Voluptate.','59805 Leilani Ridge Apt. 741','Odit molestiae.','Aut sequi molestias.',0,'2018-04-02 15:11:56','2018-04-02 15:11:56');
/*!40000 ALTER TABLE `users` ENABLE KEYS */;
UNLOCK TABLES;
/*!40103 SET TIME_ZONE=@OLD_TIME_ZONE */;

/*!40101 SET SQL_MODE=@OLD_SQL_MODE */;
/*!40014 SET FOREIGN_KEY_CHECKS=@OLD_FOREIGN_KEY_CHECKS */;
/*!40014 SET UNIQUE_CHECKS=@OLD_UNIQUE_CHECKS */;
/*!40101 SET CHARACTER_SET_CLIENT=@OLD_CHARACTER_SET_CLIENT */;
/*!40101 SET CHARACTER_SET_RESULTS=@OLD_CHARACTER_SET_RESULTS */;
/*!40101 SET COLLATION_CONNECTION=@OLD_COLLATION_CONNECTION */;
/*!40111 SET SQL_NOTES=@OLD_SQL_NOTES */;

-- Dump completed on 2018-04-03 14:00:35
