CREATE DATABASE  IF NOT EXISTS `EventIt` /*!40100 DEFAULT CHARACTER SET latin1 */;
USE `EventIt`;
-- MySQL dump 10.13  Distrib 5.7.21, for Linux (x86_64)
--
-- Host: localhost    Database: EventIt
-- ------------------------------------------------------
-- Server version	5.7.21-0ubuntu0.16.04.1

/*!40101 SET @OLD_CHARACTER_SET_CLIENT=@@CHARACTER_SET_CLIENT */;
/*!40101 SET @OLD_CHARACTER_SET_RESULTS=@@CHARACTER_SET_RESULTS */;
/*!40101 SET @OLD_COLLATION_CONNECTION=@@COLLATION_CONNECTION */;
/*!40101 SET NAMES utf8 */;
/*!40103 SET @OLD_TIME_ZONE=@@TIME_ZONE */;
/*!40103 SET TIME_ZONE='+00:00' */;
/*!40014 SET @OLD_UNIQUE_CHECKS=@@UNIQUE_CHECKS, UNIQUE_CHECKS=0 */;
/*!40014 SET @OLD_FOREIGN_KEY_CHECKS=@@FOREIGN_KEY_CHECKS, FOREIGN_KEY_CHECKS=0 */;
/*!40101 SET @OLD_SQL_MODE=@@SQL_MODE, SQL_MODE='NO_AUTO_VALUE_ON_ZERO' */;
/*!40111 SET @OLD_SQL_NOTES=@@SQL_NOTES, SQL_NOTES=0 */;

--
-- Table structure for table `announcements`
--

DROP TABLE IF EXISTS `announcements`;
/*!40101 SET @saved_cs_client     = @@character_set_client */;
/*!40101 SET character_set_client = utf8 */;
CREATE TABLE `announcements` (
  `announcement_id` int(10) unsigned NOT NULL AUTO_INCREMENT,
  `event_id` int(10) unsigned NOT NULL,
  `announcement_heading` varchar(255) COLLATE utf8mb4_unicode_ci NOT NULL,
  `announcement_text` text COLLATE utf8mb4_unicode_ci NOT NULL,
  `announcement_is_active` tinyint(1) NOT NULL,
  `created_at` timestamp NULL DEFAULT NULL,
  `updated_at` timestamp NULL DEFAULT NULL,
  PRIMARY KEY (`announcement_id`),
  KEY `announcements_event_id_foreign` (`event_id`),
  CONSTRAINT `announcements_event_id_foreign` FOREIGN KEY (`event_id`) REFERENCES `events` (`event_id`) ON DELETE CASCADE
) ENGINE=InnoDB AUTO_INCREMENT=101 DEFAULT CHARSET=utf8mb4 COLLATE=utf8mb4_unicode_ci;
/*!40101 SET character_set_client = @saved_cs_client */;

--
-- Dumping data for table `announcements`
--

LOCK TABLES `announcements` WRITE;
/*!40000 ALTER TABLE `announcements` DISABLE KEYS */;
INSERT INTO `announcements` VALUES (1,18,'Facilis.','Alice, as she could, for the hedgehogs; and in despair she put her hand again, and said, \'That\'s.',0,'2018-04-04 14:26:27','2018-04-04 14:26:27'),(2,80,'Vel.','I? Ah, THAT\'S the great hall, with the end of the players to be ashamed of yourself,\' said Alice.',1,'2018-04-04 14:26:27','2018-04-04 14:26:27'),(3,88,'Excepturi.','Mock Turtle. \'Hold your tongue!\' added the March Hare interrupted in a moment to be sure; but I.',0,'2018-04-04 14:26:27','2018-04-04 14:26:27'),(4,52,'Non autem.','THE VOICE OF THE SLUGGARD,\"\' said the White Rabbit; \'in fact, there\'s nothing written on the other.',0,'2018-04-04 14:26:27','2018-04-04 14:26:27'),(5,100,'Harum.','It quite makes my forehead ache!\' Alice watched the White Rabbit: it was done. They had not gone.',0,'2018-04-04 14:26:27','2018-04-04 14:26:27'),(6,27,'Quod.','Alice; \'living at the great puzzle!\' And she began fancying the sort of a dance is it?\' \'Why,\'.',1,'2018-04-04 14:26:27','2018-04-04 14:26:27'),(7,35,'Est aut.','He looked anxiously at the end of every line: \'Speak roughly to your tea; it\'s getting late.\' So.',1,'2018-04-04 14:26:27','2018-04-04 14:26:27'),(8,87,'Laborum.','PROVES his guilt,\' said the King, the Queen, the royal children, and make one quite giddy.\' \'All.',0,'2018-04-04 14:26:27','2018-04-04 14:26:27'),(9,45,'Ut.','Queen\'s absence, and were quite dry again, the cook was busily stirring the soup, and seemed to.',0,'2018-04-04 14:26:27','2018-04-04 14:26:27'),(10,120,'Ut hic.','There was nothing on it but tea. \'I don\'t believe it,\' said the Mock Turtle. \'Seals, turtles.',0,'2018-04-04 14:26:27','2018-04-04 14:26:27'),(11,130,'Nemo modi.','Alice ventured to say. \'What is his sorrow?\' she asked the Mock Turtle; \'but it sounds uncommon.',0,'2018-04-04 14:26:27','2018-04-04 14:26:27'),(12,84,'Nesciunt.','The Mouse looked at Alice, as she could not remember the simple rules their friends had taught.',0,'2018-04-04 14:26:27','2018-04-04 14:26:27'),(13,106,'Hic.','Alice led the way, and the other ladder?--Why, I hadn\'t drunk quite so much!\' said Alice, in a.',1,'2018-04-04 14:26:27','2018-04-04 14:26:27'),(14,136,'Nam.','Alice coming. \'There\'s PLENTY of room!\' said Alice sharply, for she had asked it aloud; and in.',0,'2018-04-04 14:26:27','2018-04-04 14:26:27'),(15,5,'Sit aut.','France-- Then turn not pale, beloved snail, but come and join the dance. Would not, could not.',1,'2018-04-04 14:26:28','2018-04-04 14:26:28'),(16,128,'Error eum.','Shark, But, when the race was over. However, when they had to do with this creature when I find a.',1,'2018-04-04 14:26:28','2018-04-04 14:26:28'),(17,82,'Iusto sed.','I\'m sure _I_ shan\'t be able! I shall be punished for it was done. They had not gone far before.',0,'2018-04-04 14:26:28','2018-04-04 14:26:28'),(18,113,'Vero.','ARE OLD, FATHER WILLIAM,\' to the beginning again?\' Alice ventured to taste it, and then added them.',1,'2018-04-04 14:26:28','2018-04-04 14:26:28'),(19,49,'Aut et.','White Rabbit read:-- \'They told me he was gone, and, by the soldiers, who of course had to ask the.',0,'2018-04-04 14:26:28','2018-04-04 14:26:28'),(20,91,'Magni.','I eat\" is the same when I sleep\" is the reason is--\' here the Mock Turtle replied in an offended.',0,'2018-04-04 14:26:28','2018-04-04 14:26:28'),(21,55,'In qui.','Hatter. \'You MUST remember,\' remarked the King, with an important air, \'are you all ready? This is.',0,'2018-04-04 14:26:28','2018-04-04 14:26:28'),(22,36,'Eveniet.','Alice, \'when one wasn\'t always growing larger and smaller, and being ordered about by mice and.',1,'2018-04-04 14:26:28','2018-04-04 14:26:28'),(23,119,'Odit et.','This answer so confused poor Alice, who was peeping anxiously into its face to see a little.',0,'2018-04-04 14:26:28','2018-04-04 14:26:28'),(24,12,'Odit sed.','CAN all that green stuff be?\' said Alice. \'You are,\' said the Queen, stamping on the other side.',0,'2018-04-04 14:26:28','2018-04-04 14:26:28'),(25,137,'Et.','I don\'t keep the same size for ten minutes together!\' \'Can\'t remember WHAT things?\' said the.',0,'2018-04-04 14:26:28','2018-04-04 14:26:28'),(26,11,'Tenetur.','Alice thought to herself. \'I dare say you never tasted an egg!\' \'I HAVE tasted eggs, certainly,\'.',1,'2018-04-04 14:26:28','2018-04-04 14:26:28'),(27,85,'Facere.','Hatter. \'You might just as if it please your Majesty,\' said Alice more boldly: \'you know you\'re.',1,'2018-04-04 14:26:28','2018-04-04 14:26:28'),(28,19,'In eos.','And the moral of THAT is--\"Take care of the room again, no wonder she felt certain it must be.',1,'2018-04-04 14:26:28','2018-04-04 14:26:28'),(29,125,'Labore et.','Hatter and the procession moved on, three of the players to be sure! However, everything is.',1,'2018-04-04 14:26:28','2018-04-04 14:26:28'),(30,20,'Vitae.','She went on muttering over the wig, (look at the place of the Gryphon, with a shiver. \'I beg.',1,'2018-04-04 14:26:28','2018-04-04 14:26:28'),(31,142,'Hic.','Now I growl when I\'m pleased, and wag my tail when it\'s angry, and wags its tail when I\'m angry..',0,'2018-04-04 14:26:28','2018-04-04 14:26:28'),(32,89,'Eum qui.','Gryphon. \'It all came different!\' the Mock Turtle\'s heavy sobs. Lastly, she pictured to herself.',1,'2018-04-04 14:26:28','2018-04-04 14:26:28'),(33,111,'Veritatis.','MINE.\' The Queen smiled and passed on. \'Who ARE you doing out here? Run home this moment, I tell.',1,'2018-04-04 14:26:28','2018-04-04 14:26:28'),(34,145,'Veniam.','I almost wish I had it written up somewhere.\' Down, down, down. There was exactly the right way to.',1,'2018-04-04 14:26:28','2018-04-04 14:26:28'),(35,127,'Tempore.','Five. \'I heard every word you fellows were saying.\' \'Tell us a story!\' said the Dormouse; \'VERY.',1,'2018-04-04 14:26:28','2018-04-04 14:26:28'),(36,28,'Tempora.','Queen merely remarking as it settled down again very sadly and quietly, and looked into its face.',1,'2018-04-04 14:26:28','2018-04-04 14:26:28'),(37,50,'Eligendi.','I don\'t want to be?\' it asked. \'Oh, I\'m not particular as to prevent its undoing itself,) she.',0,'2018-04-04 14:26:28','2018-04-04 14:26:28'),(38,68,'Animi.','How brave they\'ll all think me at all.\' \'In that case,\' said the Caterpillar. \'Well, I\'ve tried to.',1,'2018-04-04 14:26:28','2018-04-04 14:26:28'),(39,86,'Sint.','For this must be removed,\' said the Cat. \'--so long as there seemed to listen, the whole court was.',1,'2018-04-04 14:26:28','2018-04-04 14:26:28'),(40,108,'Ut.','THAT direction,\' the Cat said, waving its tail about in a deep, hollow tone: \'sit down, both of.',0,'2018-04-04 14:26:28','2018-04-04 14:26:28'),(41,148,'Officia.','Alice; \'you needn\'t be afraid of it. She felt that she knew she had sat down at her as she came.',0,'2018-04-04 14:26:28','2018-04-04 14:26:28'),(42,146,'Iusto.','It was as much use in saying anything more till the puppy\'s bark sounded quite faint in the.',0,'2018-04-04 14:26:28','2018-04-04 14:26:28'),(43,10,'Et.','As she said this, she was walking hand in hand with Dinah, and saying to herself \'Suppose it.',1,'2018-04-04 14:26:28','2018-04-04 14:26:28'),(44,95,'In ut ut.','Cat, \'a dog\'s not mad. You grant that?\' \'I suppose they are the jurors.\' She said this she looked.',1,'2018-04-04 14:26:28','2018-04-04 14:26:28'),(45,2,'Aperiam.','Alice could only see her. She is such a pleasant temper, and thought to herself. \'I dare say you.',1,'2018-04-04 14:26:29','2018-04-04 14:26:29'),(46,135,'Quis.','So she set to work, and very soon found an opportunity of saying to herself \'Suppose it should be.',0,'2018-04-04 14:26:29','2018-04-04 14:26:29'),(47,76,'Placeat.','THAT!\' \'Oh, you foolish Alice!\' she answered herself. \'How can you learn lessons in the same when.',1,'2018-04-04 14:26:29','2018-04-04 14:26:29'),(48,61,'Numquam.','Rome, and Rome--no, THAT\'S all wrong, I\'m certain! I must be collected at once in a trembling.',0,'2018-04-04 14:26:29','2018-04-04 14:26:29'),(49,66,'Sed.','Duchess; \'and that\'s why. Pig!\' She said the Gryphon, \'you first form into a large one, but the.',0,'2018-04-04 14:26:29','2018-04-04 14:26:29'),(50,46,'Veniam.','Dormouse said--\' the Hatter began, in a shrill, loud voice, and the beak-- Pray how did you ever.',0,'2018-04-04 14:26:29','2018-04-04 14:26:29'),(51,17,'Vitae et.','She was moving them about as much as serpents do, you know.\' \'Not the same thing, you know.\' It.',1,'2018-04-04 14:26:29','2018-04-04 14:26:29'),(52,48,'Corporis.','I\'ll set Dinah at you!\' There was no one else seemed inclined to say \'creatures,\' you see, so many.',1,'2018-04-04 14:26:29','2018-04-04 14:26:29'),(53,98,'Vel porro.','Mock Turtle. \'And how do you know the meaning of it altogether; but after a pause: \'the reason is.',1,'2018-04-04 14:26:29','2018-04-04 14:26:29'),(54,105,'Ut quam.','I don\'t take this young lady tells us a story.\' \'I\'m afraid I can\'t be Mabel, for I know all sorts.',0,'2018-04-04 14:26:29','2018-04-04 14:26:29'),(55,21,'Rerum ut.','Mock Turtle at last, more calmly, though still sobbing a little pattering of footsteps in the.',0,'2018-04-04 14:26:29','2018-04-04 14:26:29'),(56,59,'Eligendi.','The other guests had taken advantage of the jury asked. \'That I can\'t see you?\' She was a little.',1,'2018-04-04 14:26:29','2018-04-04 14:26:29'),(57,101,'Minima et.','Some of the wood--(she considered him to you, Though they were nowhere to be lost: away went Alice.',1,'2018-04-04 14:26:29','2018-04-04 14:26:29'),(58,132,'Odit sunt.','I used to it!\' pleaded poor Alice. \'But you\'re so easily offended, you know!\' The Mouse only shook.',0,'2018-04-04 14:26:29','2018-04-04 14:26:29'),(59,38,'Neque ut.','No, no! You\'re a serpent; and there\'s no use going back to yesterday, because I was going to say,\'.',1,'2018-04-04 14:26:29','2018-04-04 14:26:29'),(60,15,'Nihil et.','There were doors all round her head. \'If I eat one of them didn\'t know how to begin.\' For, you.',1,'2018-04-04 14:26:29','2018-04-04 14:26:29'),(61,34,'Rerum.','I know THAT well enough; don\'t be nervous, or I\'ll have you got in your knocking,\' the Footman.',1,'2018-04-04 14:26:29','2018-04-04 14:26:29'),(62,104,'Laborum.','I can\'t quite follow it as a drawing of a treacle-well--eh, stupid?\' \'But they were nice grand.',0,'2018-04-04 14:26:29','2018-04-04 14:26:29'),(63,40,'Accusamus.','The hedgehog was engaged in a low, trembling voice. \'There\'s more evidence to come out among the.',0,'2018-04-04 14:26:29','2018-04-04 14:26:29'),(64,57,'Ea fugit.','But do cats eat bats, I wonder?\' As she said to the beginning of the hall; but, alas! either the.',0,'2018-04-04 14:26:29','2018-04-04 14:26:29'),(65,63,'Fugit.','So she called softly after it, never once considering how in the wood,\' continued the Gryphon..',0,'2018-04-04 14:26:29','2018-04-04 14:26:29'),(66,62,'Aut earum.','Do you think I must be on the end of the trees had a bone in his confusion he bit a large.',0,'2018-04-04 14:26:29','2018-04-04 14:26:29'),(67,41,'Sit aut.','Now I growl when I\'m angry. Therefore I\'m mad.\' \'I call it purring, not growling,\' said Alice..',0,'2018-04-04 14:26:29','2018-04-04 14:26:29'),(68,23,'Beatae.','Gryphon, and the poor little thing howled so, that Alice quite hungry to look about her repeating.',0,'2018-04-04 14:26:29','2018-04-04 14:26:29'),(69,73,'Debitis.','Soup, so rich and green, Waiting in a wondering tone. \'Why, what are they made of?\' Alice asked in.',0,'2018-04-04 14:26:29','2018-04-04 14:26:29'),(70,37,'Ut.','Good-bye, feet!\' (for when she caught it, and then a great deal of thought, and looked at Alice.',0,'2018-04-04 14:26:30','2018-04-04 14:26:30'),(71,99,'Ut facere.','As soon as there was silence for some time busily writing in his sleep, \'that \"I breathe when I.',0,'2018-04-04 14:26:30','2018-04-04 14:26:30'),(72,126,'Animi.','Alice looked round, eager to see what was coming. It was the Cat said, waving its right ear and.',0,'2018-04-04 14:26:30','2018-04-04 14:26:30'),(73,143,'Et.','Dormouse sulkily remarked, \'If you didn\'t like cats.\' \'Not like cats!\' cried the Mock Turtle went.',0,'2018-04-04 14:26:30','2018-04-04 14:26:30'),(74,74,'Eaque.','March Hare and the baby joined):-- \'Wow! wow! wow!\' \'Here! you may nurse it a little anxiously..',0,'2018-04-04 14:26:30','2018-04-04 14:26:30'),(75,150,'Ut modi.','King and Queen of Hearts, carrying the King\'s crown on a crimson velvet cushion; and, last of all.',0,'2018-04-04 14:26:30','2018-04-04 14:26:30'),(76,114,'Ex.','King said to herself how she would get up and ran off, thinking while she ran, as well wait, as.',1,'2018-04-04 14:26:30','2018-04-04 14:26:30'),(77,96,'Id vel.','Footman\'s head: it just now.\' \'It\'s the thing at all. \'But perhaps it was labelled \'ORANGE.',1,'2018-04-04 14:26:30','2018-04-04 14:26:30'),(78,110,'Inventore.','I hadn\'t cried so much!\' Alas! it was all ridges and furrows; the balls were live hedgehogs, the.',0,'2018-04-04 14:26:30','2018-04-04 14:26:30'),(79,69,'Ea.','Footman. \'That\'s the reason of that?\' \'In my youth,\' Father William replied to his son, \'I feared.',0,'2018-04-04 14:26:30','2018-04-04 14:26:30'),(80,25,'Dolor.','Rabbit began. Alice gave a sudden leap out of a treacle-well--eh, stupid?\' \'But they were nice.',1,'2018-04-04 14:26:30','2018-04-04 14:26:30'),(81,133,'Ab.','Alice: \'besides, that\'s not a mile high,\' said Alice. \'You are,\' said the Mock Turtle drew a long.',1,'2018-04-04 14:26:30','2018-04-04 14:26:30'),(82,64,'Quis in.','Mouse was bristling all over, and both the hedgehogs were out of the sort. Next came the guests.',0,'2018-04-04 14:26:30','2018-04-04 14:26:30'),(83,97,'Quia enim.','Queen\'s hedgehog just now, only it ran away when it had VERY long claws and a long time with one.',0,'2018-04-04 14:26:30','2018-04-04 14:26:30'),(84,116,'Magni.','I will prosecute YOU.--Come, I\'ll take no denial; We must have been changed in the distance. \'And.',0,'2018-04-04 14:26:30','2018-04-04 14:26:30'),(85,14,'Cumque.','Footman. \'That\'s the judge,\' she said these words her foot slipped, and in despair she put it. She.',1,'2018-04-04 14:26:30','2018-04-04 14:26:30'),(86,31,'Placeat.','Alice to herself. Imagine her surprise, when the Rabbit asked. \'No, I didn\'t,\' said Alice: \'allow.',0,'2018-04-04 14:26:30','2018-04-04 14:26:30'),(87,93,'Sunt sint.','But, now that I\'m doubtful about the same age as herself, to see what I see\"!\' \'You might just as.',0,'2018-04-04 14:26:30','2018-04-04 14:26:30'),(88,44,'Commodi.','King; and as the hall was very deep, or she should meet the real Mary Ann, and be turned out of.',0,'2018-04-04 14:26:30','2018-04-04 14:26:30'),(89,70,'Nihil.','English,\' thought Alice; \'only, as it\'s asleep, I suppose I ought to tell me who YOU are, first.\'.',1,'2018-04-04 14:26:30','2018-04-04 14:26:30'),(90,122,'Nihil.','Gryphon, and the three gardeners who were lying on their slates, and she hastily dried her eyes to.',0,'2018-04-04 14:26:30','2018-04-04 14:26:30'),(91,147,'At ipsum.','Please, Ma\'am, is this New Zealand or Australia?\' (and she tried another question. \'What sort of.',0,'2018-04-04 14:26:30','2018-04-04 14:26:30'),(92,39,'Ut.','Gryphon, and, taking Alice by the officers of the soldiers had to leave the room, when her eye.',0,'2018-04-04 14:26:30','2018-04-04 14:26:30'),(93,4,'Quasi rem.','March Hare. \'I didn\'t mean it!\' pleaded poor Alice began to cry again. \'You ought to be told so..',1,'2018-04-04 14:26:30','2018-04-04 14:26:30'),(94,102,'Nostrum.','Don\'t go splashing paint over me like that!\' \'I couldn\'t afford to learn it.\' said the Gryphon..',0,'2018-04-04 14:26:30','2018-04-04 14:26:30'),(95,51,'Eveniet.','King, rubbing his hands; \'so now let the Dormouse indignantly. However, he consented to go down.',1,'2018-04-04 14:26:30','2018-04-04 14:26:30'),(96,7,'Atque at.','Cheshire Cat,\' said Alice: \'I don\'t think--\' \'Then you should say \"With what porpoise?\"\' \'Don\'t.',0,'2018-04-04 14:26:30','2018-04-04 14:26:30'),(97,124,'Inventore.','Queen to play croquet.\' Then they both cried. \'Wake up, Alice dear!\' said her sister; \'Why, what.',0,'2018-04-04 14:26:31','2018-04-04 14:26:31'),(98,149,'Quo nemo.','Father William,\' the young Crab, a little of her little sister\'s dream. The long grass rustled at.',1,'2018-04-04 14:26:31','2018-04-04 14:26:31'),(99,140,'Rerum.','So she began thinking over other children she knew, who might do very well without--Maybe it\'s.',0,'2018-04-04 14:26:31','2018-04-04 14:26:31'),(100,103,'Eos sed.','Mock Turtle, and said \'No, never\') \'--so you can find it.\' And she began very cautiously: \'But I.',1,'2018-04-04 14:26:31','2018-04-04 14:26:31');
/*!40000 ALTER TABLE `announcements` ENABLE KEYS */;
UNLOCK TABLES;

--
-- Table structure for table `bookings`
--

DROP TABLE IF EXISTS `bookings`;
/*!40101 SET @saved_cs_client     = @@character_set_client */;
/*!40101 SET character_set_client = utf8 */;
CREATE TABLE `bookings` (
  `ticket_number` int(10) unsigned NOT NULL AUTO_INCREMENT,
  `ticket_desc_id` int(10) unsigned NOT NULL,
  `ticket_buyer_id` int(10) unsigned NOT NULL,
  `ticket_quantity` int(11) NOT NULL,
  `booking_is_active` tinyint(1) NOT NULL,
  `created_at` timestamp NULL DEFAULT NULL,
  `updated_at` timestamp NULL DEFAULT NULL,
  PRIMARY KEY (`ticket_number`),
  KEY `bookings_ticket_desc_id_foreign` (`ticket_desc_id`),
  KEY `bookings_ticket_buyer_id_foreign` (`ticket_buyer_id`),
  CONSTRAINT `bookings_ticket_buyer_id_foreign` FOREIGN KEY (`ticket_buyer_id`) REFERENCES `users` (`user_id`) ON DELETE CASCADE,
  CONSTRAINT `bookings_ticket_desc_id_foreign` FOREIGN KEY (`ticket_desc_id`) REFERENCES `ticket_descriptions` (`ticket_desc_id`) ON DELETE CASCADE
) ENGINE=InnoDB AUTO_INCREMENT=301 DEFAULT CHARSET=utf8mb4 COLLATE=utf8mb4_unicode_ci;
/*!40101 SET character_set_client = @saved_cs_client */;

--
-- Dumping data for table `bookings`
--

LOCK TABLES `bookings` WRITE;
/*!40000 ALTER TABLE `bookings` DISABLE KEYS */;
INSERT INTO `bookings` VALUES (1,326,60,15,1,'2018-04-04 14:05:00','2018-04-04 14:05:00'),(2,320,58,4,1,'2018-04-04 14:05:00','2018-04-04 14:05:00'),(3,13,57,14,0,'2018-04-04 14:05:00','2018-04-04 14:05:00'),(4,211,84,4,0,'2018-04-04 14:05:00','2018-04-04 14:05:00'),(5,434,2,1,1,'2018-04-04 14:05:00','2018-04-04 14:05:00'),(6,464,95,11,0,'2018-04-04 14:05:00','2018-04-04 14:05:00'),(7,9,97,14,1,'2018-04-04 14:05:00','2018-04-04 14:05:00'),(8,134,6,16,0,'2018-04-04 14:05:00','2018-04-04 14:05:00'),(9,258,3,18,1,'2018-04-04 14:05:00','2018-04-04 14:05:00'),(10,98,57,11,0,'2018-04-04 14:05:00','2018-04-04 14:05:00'),(11,236,60,11,0,'2018-04-04 14:05:00','2018-04-04 14:05:00'),(12,144,62,12,1,'2018-04-04 14:05:00','2018-04-04 14:05:00'),(13,451,94,12,1,'2018-04-04 14:05:01','2018-04-04 14:05:01'),(14,405,62,13,1,'2018-04-04 14:05:01','2018-04-04 14:05:01'),(15,359,90,13,0,'2018-04-04 14:05:01','2018-04-04 14:05:01'),(16,142,8,5,0,'2018-04-04 14:05:01','2018-04-04 14:05:01'),(17,386,65,17,0,'2018-04-04 14:05:01','2018-04-04 14:05:01'),(18,178,41,8,1,'2018-04-04 14:05:01','2018-04-04 14:05:01'),(19,425,100,6,0,'2018-04-04 14:05:01','2018-04-04 14:05:01'),(20,62,30,12,1,'2018-04-04 14:05:01','2018-04-04 14:05:01'),(21,116,47,12,1,'2018-04-04 14:05:01','2018-04-04 14:05:01'),(22,290,40,4,0,'2018-04-04 14:05:01','2018-04-04 14:05:01'),(23,164,60,19,0,'2018-04-04 14:05:01','2018-04-04 14:05:01'),(24,194,42,6,0,'2018-04-04 14:05:01','2018-04-04 14:05:01'),(25,433,60,13,1,'2018-04-04 14:05:01','2018-04-04 14:05:01'),(26,256,48,19,0,'2018-04-04 14:05:01','2018-04-04 14:05:01'),(27,310,83,13,1,'2018-04-04 14:05:01','2018-04-04 14:05:01'),(28,368,58,19,1,'2018-04-04 14:05:01','2018-04-04 14:05:01'),(29,131,97,20,0,'2018-04-04 14:05:01','2018-04-04 14:05:01'),(30,7,41,18,0,'2018-04-04 14:05:01','2018-04-04 14:05:01'),(31,493,26,15,1,'2018-04-04 14:05:01','2018-04-04 14:05:01'),(32,340,52,1,0,'2018-04-04 14:05:01','2018-04-04 14:05:01'),(33,128,78,20,1,'2018-04-04 14:05:01','2018-04-04 14:05:01'),(34,8,57,16,1,'2018-04-04 14:05:01','2018-04-04 14:05:01'),(35,297,84,6,0,'2018-04-04 14:05:01','2018-04-04 14:05:01'),(36,493,85,16,0,'2018-04-04 14:05:01','2018-04-04 14:05:01'),(37,321,47,11,0,'2018-04-04 14:05:01','2018-04-04 14:05:01'),(38,408,95,8,0,'2018-04-04 14:05:01','2018-04-04 14:05:01'),(39,401,97,11,1,'2018-04-04 14:05:02','2018-04-04 14:05:02'),(40,235,93,19,1,'2018-04-04 14:05:02','2018-04-04 14:05:02'),(41,308,65,3,0,'2018-04-04 14:05:02','2018-04-04 14:05:02'),(42,90,52,19,1,'2018-04-04 14:05:02','2018-04-04 14:05:02'),(43,64,4,6,0,'2018-04-04 14:05:02','2018-04-04 14:05:02'),(44,87,41,9,0,'2018-04-04 14:05:02','2018-04-04 14:05:02'),(45,335,42,4,0,'2018-04-04 14:05:02','2018-04-04 14:05:02'),(46,300,22,16,0,'2018-04-04 14:05:02','2018-04-04 14:05:02'),(47,100,90,19,1,'2018-04-04 14:05:02','2018-04-04 14:05:02'),(48,473,8,18,1,'2018-04-04 14:05:02','2018-04-04 14:05:02'),(49,238,52,6,1,'2018-04-04 14:05:02','2018-04-04 14:05:02'),(50,333,93,9,1,'2018-04-04 14:05:02','2018-04-04 14:05:02'),(51,284,74,1,0,'2018-04-04 14:05:02','2018-04-04 14:05:02'),(52,398,45,1,0,'2018-04-04 14:05:02','2018-04-04 14:05:02'),(53,266,74,18,1,'2018-04-04 14:05:02','2018-04-04 14:05:02'),(54,468,58,20,1,'2018-04-04 14:05:02','2018-04-04 14:05:02'),(55,241,10,19,1,'2018-04-04 14:05:02','2018-04-04 14:05:02'),(56,407,74,16,1,'2018-04-04 14:05:02','2018-04-04 14:05:02'),(57,88,41,12,0,'2018-04-04 14:05:02','2018-04-04 14:05:02'),(58,181,35,17,1,'2018-04-04 14:05:02','2018-04-04 14:05:02'),(59,366,80,3,0,'2018-04-04 14:05:02','2018-04-04 14:05:02'),(60,286,4,11,0,'2018-04-04 14:05:02','2018-04-04 14:05:02'),(61,7,71,3,0,'2018-04-04 14:05:02','2018-04-04 14:05:02'),(62,359,10,7,0,'2018-04-04 14:05:02','2018-04-04 14:05:02'),(63,65,94,12,1,'2018-04-04 14:05:02','2018-04-04 14:05:02'),(64,53,6,7,0,'2018-04-04 14:05:02','2018-04-04 14:05:02'),(65,2,81,9,1,'2018-04-04 14:05:02','2018-04-04 14:05:02'),(66,451,100,7,0,'2018-04-04 14:05:02','2018-04-04 14:05:02'),(67,225,60,6,1,'2018-04-04 14:05:02','2018-04-04 14:05:02'),(68,419,83,8,0,'2018-04-04 14:05:02','2018-04-04 14:05:02'),(69,290,74,7,0,'2018-04-04 14:05:03','2018-04-04 14:05:03'),(70,76,45,7,0,'2018-04-04 14:05:03','2018-04-04 14:05:03'),(71,214,2,2,1,'2018-04-04 14:05:03','2018-04-04 14:05:03'),(72,422,40,3,1,'2018-04-04 14:05:03','2018-04-04 14:05:03'),(73,483,62,18,0,'2018-04-04 14:05:03','2018-04-04 14:05:03'),(74,39,52,5,0,'2018-04-04 14:05:03','2018-04-04 14:05:03'),(75,106,47,18,0,'2018-04-04 14:05:03','2018-04-04 14:05:03'),(76,131,66,16,0,'2018-04-04 14:05:03','2018-04-04 14:05:03'),(77,461,21,15,0,'2018-04-04 14:05:03','2018-04-04 14:05:03'),(78,463,14,13,1,'2018-04-04 14:05:03','2018-04-04 14:05:03'),(79,278,8,1,0,'2018-04-04 14:05:03','2018-04-04 14:05:03'),(80,465,21,14,0,'2018-04-04 14:05:03','2018-04-04 14:05:03'),(81,293,27,12,1,'2018-04-04 14:05:03','2018-04-04 14:05:03'),(82,466,35,6,0,'2018-04-04 14:05:03','2018-04-04 14:05:03'),(83,222,15,9,1,'2018-04-04 14:05:03','2018-04-04 14:05:03'),(84,308,14,18,0,'2018-04-04 14:05:03','2018-04-04 14:05:03'),(85,433,22,3,0,'2018-04-04 14:05:03','2018-04-04 14:05:03'),(86,230,47,6,0,'2018-04-04 14:05:03','2018-04-04 14:05:03'),(87,399,85,13,1,'2018-04-04 14:05:03','2018-04-04 14:05:03'),(88,342,30,13,0,'2018-04-04 14:05:03','2018-04-04 14:05:03'),(89,393,80,16,1,'2018-04-04 14:05:03','2018-04-04 14:05:03'),(90,33,47,19,1,'2018-04-04 14:05:03','2018-04-04 14:05:03'),(91,495,81,11,0,'2018-04-04 14:05:03','2018-04-04 14:05:03'),(92,197,52,13,1,'2018-04-04 14:05:03','2018-04-04 14:05:03'),(93,446,83,2,0,'2018-04-04 14:05:03','2018-04-04 14:05:03'),(94,126,57,20,1,'2018-04-04 14:05:03','2018-04-04 14:05:03'),(95,463,98,7,0,'2018-04-04 14:05:03','2018-04-04 14:05:03'),(96,387,76,6,0,'2018-04-04 14:05:04','2018-04-04 14:05:04'),(97,249,75,2,0,'2018-04-04 14:05:04','2018-04-04 14:05:04'),(98,243,66,15,0,'2018-04-04 14:05:04','2018-04-04 14:05:04'),(99,313,71,15,0,'2018-04-04 14:05:04','2018-04-04 14:05:04'),(100,307,84,9,0,'2018-04-04 14:05:04','2018-04-04 14:05:04'),(101,41,84,9,1,'2018-04-04 14:05:04','2018-04-04 14:05:04'),(102,150,52,11,0,'2018-04-04 14:05:04','2018-04-04 14:05:04'),(103,209,75,16,0,'2018-04-04 14:05:04','2018-04-04 14:05:04'),(104,373,40,4,1,'2018-04-04 14:05:04','2018-04-04 14:05:04'),(105,211,97,13,1,'2018-04-04 14:05:04','2018-04-04 14:05:04'),(106,43,57,10,1,'2018-04-04 14:05:04','2018-04-04 14:05:04'),(107,133,48,17,1,'2018-04-04 14:05:04','2018-04-04 14:05:04'),(108,181,30,5,0,'2018-04-04 14:05:04','2018-04-04 14:05:04'),(109,435,22,1,0,'2018-04-04 14:05:04','2018-04-04 14:05:04'),(110,256,22,19,1,'2018-04-04 14:05:04','2018-04-04 14:05:04'),(111,72,99,9,0,'2018-04-04 14:05:04','2018-04-04 14:05:04'),(112,2,93,2,0,'2018-04-04 14:05:04','2018-04-04 14:05:04'),(113,208,22,17,0,'2018-04-04 14:05:04','2018-04-04 14:05:04'),(114,476,40,13,0,'2018-04-04 14:05:04','2018-04-04 14:05:04'),(115,367,13,17,0,'2018-04-04 14:05:04','2018-04-04 14:05:04'),(116,141,41,12,0,'2018-04-04 14:05:04','2018-04-04 14:05:04'),(117,412,29,4,0,'2018-04-04 14:05:04','2018-04-04 14:05:04'),(118,125,29,7,0,'2018-04-04 14:05:05','2018-04-04 14:05:05'),(119,463,40,9,1,'2018-04-04 14:05:05','2018-04-04 14:05:05'),(120,354,73,4,1,'2018-04-04 14:05:05','2018-04-04 14:05:05'),(121,274,76,8,0,'2018-04-04 14:05:05','2018-04-04 14:05:05'),(122,29,62,20,0,'2018-04-04 14:05:05','2018-04-04 14:05:05'),(123,183,45,6,1,'2018-04-04 14:05:05','2018-04-04 14:05:05'),(124,363,100,12,1,'2018-04-04 14:05:05','2018-04-04 14:05:05'),(125,31,93,17,0,'2018-04-04 14:05:05','2018-04-04 14:05:05'),(126,138,81,8,1,'2018-04-04 14:05:05','2018-04-04 14:05:05'),(127,386,94,14,1,'2018-04-04 14:05:05','2018-04-04 14:05:05'),(128,98,99,6,0,'2018-04-04 14:05:05','2018-04-04 14:05:05'),(129,373,99,13,0,'2018-04-04 14:05:05','2018-04-04 14:05:05'),(130,139,30,13,0,'2018-04-04 14:05:05','2018-04-04 14:05:05'),(131,39,14,6,1,'2018-04-04 14:05:05','2018-04-04 14:05:05'),(132,227,47,12,0,'2018-04-04 14:05:05','2018-04-04 14:05:05'),(133,329,78,1,1,'2018-04-04 14:05:05','2018-04-04 14:05:05'),(134,328,42,18,0,'2018-04-04 14:05:05','2018-04-04 14:05:05'),(135,156,30,3,1,'2018-04-04 14:05:05','2018-04-04 14:05:05'),(136,171,15,18,1,'2018-04-04 14:05:05','2018-04-04 14:05:05'),(137,436,98,5,0,'2018-04-04 14:05:05','2018-04-04 14:05:05'),(138,133,10,20,1,'2018-04-04 14:05:05','2018-04-04 14:05:05'),(139,34,10,17,0,'2018-04-04 14:05:05','2018-04-04 14:05:05'),(140,22,80,19,0,'2018-04-04 14:05:05','2018-04-04 14:05:05'),(141,129,29,4,0,'2018-04-04 14:05:05','2018-04-04 14:05:05'),(142,470,4,6,0,'2018-04-04 14:05:05','2018-04-04 14:05:05'),(143,414,26,18,0,'2018-04-04 14:05:05','2018-04-04 14:05:05'),(144,357,60,8,1,'2018-04-04 14:05:06','2018-04-04 14:05:06'),(145,82,14,14,1,'2018-04-04 14:05:06','2018-04-04 14:05:06'),(146,154,84,10,0,'2018-04-04 14:05:06','2018-04-04 14:05:06'),(147,176,14,12,1,'2018-04-04 14:05:06','2018-04-04 14:05:06'),(148,413,15,11,1,'2018-04-04 14:05:06','2018-04-04 14:05:06'),(149,453,4,16,1,'2018-04-04 14:05:06','2018-04-04 14:05:06'),(150,190,74,14,0,'2018-04-04 14:05:06','2018-04-04 14:05:06'),(151,112,93,12,0,'2018-04-04 14:05:06','2018-04-04 14:05:06'),(152,52,47,9,1,'2018-04-04 14:05:06','2018-04-04 14:05:06'),(153,427,58,2,0,'2018-04-04 14:05:06','2018-04-04 14:05:06'),(154,68,15,13,1,'2018-04-04 14:05:06','2018-04-04 14:05:06'),(155,412,52,7,1,'2018-04-04 14:05:06','2018-04-04 14:05:06'),(156,36,84,11,1,'2018-04-04 14:05:06','2018-04-04 14:05:06'),(157,178,98,12,1,'2018-04-04 14:05:06','2018-04-04 14:05:06'),(158,325,100,15,0,'2018-04-04 14:05:06','2018-04-04 14:05:06'),(159,422,15,15,1,'2018-04-04 14:05:06','2018-04-04 14:05:06'),(160,96,29,9,1,'2018-04-04 14:05:06','2018-04-04 14:05:06'),(161,439,4,5,1,'2018-04-04 14:05:06','2018-04-04 14:05:06'),(162,151,76,17,0,'2018-04-04 14:05:06','2018-04-04 14:05:06'),(163,350,99,1,1,'2018-04-04 14:05:06','2018-04-04 14:05:06'),(164,384,60,13,0,'2018-04-04 14:05:06','2018-04-04 14:05:06'),(165,37,15,17,0,'2018-04-04 14:05:06','2018-04-04 14:05:06'),(166,195,95,6,0,'2018-04-04 14:05:06','2018-04-04 14:05:06'),(167,6,42,2,0,'2018-04-04 14:05:06','2018-04-04 14:05:06'),(168,81,73,18,0,'2018-04-04 14:05:06','2018-04-04 14:05:06'),(169,189,99,5,1,'2018-04-04 14:05:06','2018-04-04 14:05:06'),(170,172,81,16,1,'2018-04-04 14:05:06','2018-04-04 14:05:06'),(171,155,66,12,0,'2018-04-04 14:05:07','2018-04-04 14:05:07'),(172,391,80,9,0,'2018-04-04 14:05:07','2018-04-04 14:05:07'),(173,35,57,8,1,'2018-04-04 14:05:07','2018-04-04 14:05:07'),(174,57,41,16,1,'2018-04-04 14:05:07','2018-04-04 14:05:07'),(175,89,45,6,1,'2018-04-04 14:05:07','2018-04-04 14:05:07'),(176,482,65,16,1,'2018-04-04 14:05:07','2018-04-04 14:05:07'),(177,302,35,13,0,'2018-04-04 14:05:07','2018-04-04 14:05:07'),(178,353,84,13,0,'2018-04-04 14:05:07','2018-04-04 14:05:07'),(179,229,80,1,0,'2018-04-04 14:05:07','2018-04-04 14:05:07'),(180,189,47,17,0,'2018-04-04 14:05:07','2018-04-04 14:05:07'),(181,263,30,3,1,'2018-04-04 14:05:07','2018-04-04 14:05:07'),(182,160,26,4,1,'2018-04-04 14:05:07','2018-04-04 14:05:07'),(183,48,21,9,1,'2018-04-04 14:05:07','2018-04-04 14:05:07'),(184,340,3,9,1,'2018-04-04 14:05:07','2018-04-04 14:05:07'),(185,215,81,6,1,'2018-04-04 14:05:07','2018-04-04 14:05:07'),(186,178,66,12,0,'2018-04-04 14:05:07','2018-04-04 14:05:07'),(187,383,94,11,0,'2018-04-04 14:05:07','2018-04-04 14:05:07'),(188,370,80,20,0,'2018-04-04 14:05:07','2018-04-04 14:05:07'),(189,77,27,8,1,'2018-04-04 14:05:07','2018-04-04 14:05:07'),(190,237,98,15,0,'2018-04-04 14:05:07','2018-04-04 14:05:07'),(191,96,13,5,0,'2018-04-04 14:05:07','2018-04-04 14:05:07'),(192,309,71,13,1,'2018-04-04 14:05:08','2018-04-04 14:05:08'),(193,355,66,4,1,'2018-04-04 14:05:08','2018-04-04 14:05:08'),(194,355,81,12,0,'2018-04-04 14:05:08','2018-04-04 14:05:08'),(195,119,93,9,1,'2018-04-04 14:05:08','2018-04-04 14:05:08'),(196,207,47,9,0,'2018-04-04 14:05:08','2018-04-04 14:05:08'),(197,163,74,9,0,'2018-04-04 14:05:08','2018-04-04 14:05:08'),(198,222,95,5,0,'2018-04-04 14:05:08','2018-04-04 14:05:08'),(199,157,2,13,1,'2018-04-04 14:05:08','2018-04-04 14:05:08'),(200,454,65,6,0,'2018-04-04 14:05:08','2018-04-04 14:05:08'),(201,471,8,4,1,'2018-04-04 14:05:08','2018-04-04 14:05:08'),(202,246,40,1,0,'2018-04-04 14:05:08','2018-04-04 14:05:08'),(203,497,71,11,0,'2018-04-04 14:05:08','2018-04-04 14:05:08'),(204,163,76,3,1,'2018-04-04 14:05:08','2018-04-04 14:05:08'),(205,399,66,6,1,'2018-04-04 14:05:08','2018-04-04 14:05:08'),(206,143,74,17,1,'2018-04-04 14:05:08','2018-04-04 14:05:08'),(207,434,90,4,1,'2018-04-04 14:05:08','2018-04-04 14:05:08'),(208,204,60,2,1,'2018-04-04 14:05:08','2018-04-04 14:05:08'),(209,319,58,10,1,'2018-04-04 14:05:08','2018-04-04 14:05:08'),(210,298,30,4,1,'2018-04-04 14:05:08','2018-04-04 14:05:08'),(211,479,2,5,0,'2018-04-04 14:05:08','2018-04-04 14:05:08'),(212,346,75,4,0,'2018-04-04 14:05:08','2018-04-04 14:05:08'),(213,377,42,4,0,'2018-04-04 14:05:08','2018-04-04 14:05:08'),(214,20,21,9,0,'2018-04-04 14:05:08','2018-04-04 14:05:08'),(215,351,62,20,1,'2018-04-04 14:05:08','2018-04-04 14:05:08'),(216,75,21,19,0,'2018-04-04 14:05:09','2018-04-04 14:05:09'),(217,395,66,10,0,'2018-04-04 14:05:09','2018-04-04 14:05:09'),(218,323,42,3,1,'2018-04-04 14:05:09','2018-04-04 14:05:09'),(219,22,2,10,0,'2018-04-04 14:05:09','2018-04-04 14:05:09'),(220,363,94,5,0,'2018-04-04 14:05:09','2018-04-04 14:05:09'),(221,100,84,2,1,'2018-04-04 14:05:09','2018-04-04 14:05:09'),(222,189,95,19,1,'2018-04-04 14:05:09','2018-04-04 14:05:09'),(223,443,75,12,0,'2018-04-04 14:05:09','2018-04-04 14:05:09'),(224,131,45,6,0,'2018-04-04 14:05:09','2018-04-04 14:05:09'),(225,183,94,13,1,'2018-04-04 14:05:09','2018-04-04 14:05:09'),(226,265,6,8,0,'2018-04-04 14:05:09','2018-04-04 14:05:09'),(227,350,15,16,1,'2018-04-04 14:05:09','2018-04-04 14:05:09'),(228,73,41,19,1,'2018-04-04 14:05:09','2018-04-04 14:05:09'),(229,361,30,5,0,'2018-04-04 14:05:09','2018-04-04 14:05:09'),(230,64,84,8,1,'2018-04-04 14:05:09','2018-04-04 14:05:09'),(231,478,14,9,1,'2018-04-04 14:05:09','2018-04-04 14:05:09'),(232,435,6,7,0,'2018-04-04 14:05:09','2018-04-04 14:05:09'),(233,425,2,17,1,'2018-04-04 14:05:09','2018-04-04 14:05:09'),(234,101,22,17,1,'2018-04-04 14:05:09','2018-04-04 14:05:09'),(235,454,41,9,1,'2018-04-04 14:05:09','2018-04-04 14:05:09'),(236,430,76,12,1,'2018-04-04 14:05:09','2018-04-04 14:05:09'),(237,488,58,10,1,'2018-04-04 14:05:09','2018-04-04 14:05:09'),(238,325,76,4,1,'2018-04-04 14:05:09','2018-04-04 14:05:09'),(239,229,48,17,1,'2018-04-04 14:05:09','2018-04-04 14:05:09'),(240,366,10,16,1,'2018-04-04 14:05:09','2018-04-04 14:05:09'),(241,465,95,19,1,'2018-04-04 14:05:09','2018-04-04 14:05:09'),(242,348,10,17,0,'2018-04-04 14:05:09','2018-04-04 14:05:09'),(243,262,74,13,1,'2018-04-04 14:05:10','2018-04-04 14:05:10'),(244,415,8,15,1,'2018-04-04 14:05:10','2018-04-04 14:05:10'),(245,236,84,19,1,'2018-04-04 14:05:10','2018-04-04 14:05:10'),(246,323,55,10,0,'2018-04-04 14:05:10','2018-04-04 14:05:10'),(247,103,66,13,1,'2018-04-04 14:05:10','2018-04-04 14:05:10'),(248,413,81,15,1,'2018-04-04 14:05:10','2018-04-04 14:05:10'),(249,327,55,12,1,'2018-04-04 14:05:10','2018-04-04 14:05:10'),(250,436,81,19,0,'2018-04-04 14:05:10','2018-04-04 14:05:10'),(251,232,73,17,0,'2018-04-04 14:05:10','2018-04-04 14:05:10'),(252,325,99,8,1,'2018-04-04 14:05:10','2018-04-04 14:05:10'),(253,320,4,16,1,'2018-04-04 14:05:10','2018-04-04 14:05:10'),(254,207,14,12,0,'2018-04-04 14:05:10','2018-04-04 14:05:10'),(255,391,21,6,0,'2018-04-04 14:05:10','2018-04-04 14:05:10'),(256,97,57,20,0,'2018-04-04 14:05:10','2018-04-04 14:05:10'),(257,355,22,4,1,'2018-04-04 14:05:10','2018-04-04 14:05:10'),(258,380,3,15,0,'2018-04-04 14:05:10','2018-04-04 14:05:10'),(259,122,85,6,1,'2018-04-04 14:05:10','2018-04-04 14:05:10'),(260,360,35,13,1,'2018-04-04 14:05:10','2018-04-04 14:05:10'),(261,217,4,8,0,'2018-04-04 14:05:10','2018-04-04 14:05:10'),(262,157,80,2,0,'2018-04-04 14:05:10','2018-04-04 14:05:10'),(263,392,100,2,1,'2018-04-04 14:05:11','2018-04-04 14:05:11'),(264,486,10,6,1,'2018-04-04 14:05:11','2018-04-04 14:05:11'),(265,108,6,11,1,'2018-04-04 14:05:11','2018-04-04 14:05:11'),(266,296,65,12,1,'2018-04-04 14:05:11','2018-04-04 14:05:11'),(267,39,99,15,0,'2018-04-04 14:05:11','2018-04-04 14:05:11'),(268,247,29,17,1,'2018-04-04 14:05:11','2018-04-04 14:05:11'),(269,421,58,3,1,'2018-04-04 14:05:11','2018-04-04 14:05:11'),(270,482,40,14,1,'2018-04-04 14:05:11','2018-04-04 14:05:11'),(271,339,74,4,0,'2018-04-04 14:05:11','2018-04-04 14:05:11'),(272,438,29,10,0,'2018-04-04 14:05:11','2018-04-04 14:05:11'),(273,351,2,18,1,'2018-04-04 14:05:11','2018-04-04 14:05:11'),(274,249,75,18,0,'2018-04-04 14:05:11','2018-04-04 14:05:11'),(275,327,57,1,1,'2018-04-04 14:05:11','2018-04-04 14:05:11'),(276,473,75,11,1,'2018-04-04 14:05:11','2018-04-04 14:05:11'),(277,141,55,1,0,'2018-04-04 14:05:11','2018-04-04 14:05:11'),(278,332,65,7,0,'2018-04-04 14:05:11','2018-04-04 14:05:11'),(279,205,3,19,1,'2018-04-04 14:05:11','2018-04-04 14:05:11'),(280,458,26,20,1,'2018-04-04 14:05:11','2018-04-04 14:05:11'),(281,435,81,16,1,'2018-04-04 14:05:11','2018-04-04 14:05:11'),(282,112,65,11,1,'2018-04-04 14:05:12','2018-04-04 14:05:12'),(283,495,74,19,1,'2018-04-04 14:05:12','2018-04-04 14:05:12'),(284,404,26,19,1,'2018-04-04 14:05:12','2018-04-04 14:05:12'),(285,401,2,15,1,'2018-04-04 14:05:12','2018-04-04 14:05:12'),(286,12,10,20,1,'2018-04-04 14:05:12','2018-04-04 14:05:12'),(287,418,13,8,1,'2018-04-04 14:05:12','2018-04-04 14:05:12'),(288,350,26,2,1,'2018-04-04 14:05:12','2018-04-04 14:05:12'),(289,275,15,6,1,'2018-04-04 14:05:12','2018-04-04 14:05:12'),(290,417,99,5,1,'2018-04-04 14:05:12','2018-04-04 14:05:12'),(291,339,78,20,1,'2018-04-04 14:05:12','2018-04-04 14:05:12'),(292,331,13,1,1,'2018-04-04 14:05:12','2018-04-04 14:05:12'),(293,181,62,15,0,'2018-04-04 14:05:12','2018-04-04 14:05:12'),(294,439,8,7,0,'2018-04-04 14:05:12','2018-04-04 14:05:12'),(295,373,41,5,1,'2018-04-04 14:05:12','2018-04-04 14:05:12'),(296,299,30,3,0,'2018-04-04 14:05:12','2018-04-04 14:05:12'),(297,319,52,19,1,'2018-04-04 14:05:12','2018-04-04 14:05:12'),(298,266,84,16,0,'2018-04-04 14:05:12','2018-04-04 14:05:12'),(299,364,80,4,1,'2018-04-04 14:05:12','2018-04-04 14:05:12'),(300,250,83,7,1,'2018-04-04 14:05:12','2018-04-04 14:05:12');
/*!40000 ALTER TABLE `bookings` ENABLE KEYS */;
UNLOCK TABLES;

--
-- Table structure for table `event_types`
--

DROP TABLE IF EXISTS `event_types`;
/*!40101 SET @saved_cs_client     = @@character_set_client */;
/*!40101 SET character_set_client = utf8 */;
CREATE TABLE `event_types` (
  `event_type_id` int(10) unsigned NOT NULL AUTO_INCREMENT,
  `event_type` varchar(255) COLLATE utf8mb4_unicode_ci NOT NULL,
  `event_type_is_active` tinyint(1) NOT NULL,
  `created_at` timestamp NULL DEFAULT NULL,
  `updated_at` timestamp NULL DEFAULT NULL,
  PRIMARY KEY (`event_type_id`)
) ENGINE=InnoDB AUTO_INCREMENT=11 DEFAULT CHARSET=utf8mb4 COLLATE=utf8mb4_unicode_ci;
/*!40101 SET character_set_client = @saved_cs_client */;

--
-- Dumping data for table `event_types`
--

LOCK TABLES `event_types` WRITE;
/*!40000 ALTER TABLE `event_types` DISABLE KEYS */;
INSERT INTO `event_types` VALUES (1,'Concerts',0,'2018-04-03 04:46:14','2018-04-03 04:46:14'),(2,'Festivals',1,'2018-04-03 04:46:14','2018-04-03 04:46:14'),(3,'Sports',1,'2018-04-03 04:46:14','2018-04-03 04:46:14'),(4,'Meetups',0,'2018-04-03 04:46:14','2018-04-03 04:46:14'),(5,'Parties',1,'2018-04-03 04:46:14','2018-04-03 04:46:14'),(6,'Exhibitons',0,'2018-04-03 04:46:14','2018-04-03 04:46:14'),(7,'Health & Wellness',1,'2018-04-03 04:46:14','2018-04-03 04:46:14'),(8,'Art & Theatre',1,'2018-04-03 04:46:14','2018-04-03 04:46:14'),(9,'Adventures',1,'2018-04-03 04:46:14','2018-04-03 04:46:14'),(10,'Business',1,'2018-04-03 04:46:14','2018-04-03 04:46:14');
/*!40000 ALTER TABLE `event_types` ENABLE KEYS */;
UNLOCK TABLES;

--
-- Table structure for table `events`
--

DROP TABLE IF EXISTS `events`;
/*!40101 SET @saved_cs_client     = @@character_set_client */;
/*!40101 SET character_set_client = utf8 */;
CREATE TABLE `events` (
  `event_id` int(10) unsigned NOT NULL AUTO_INCREMENT,
  `event_type_id` int(10) unsigned NOT NULL,
  `event_name` varchar(50) COLLATE utf8mb4_unicode_ci NOT NULL,
  `event_start_time` datetime NOT NULL,
  `event_end_time` datetime NOT NULL,
  `event_country` varchar(20) COLLATE utf8mb4_unicode_ci NOT NULL,
  `event_venue` varchar(40) COLLATE utf8mb4_unicode_ci NOT NULL,
  `event_city` varchar(20) COLLATE utf8mb4_unicode_ci NOT NULL,
  `event_video_link` varchar(255) COLLATE utf8mb4_unicode_ci NOT NULL,
  `event_website` varchar(255) COLLATE utf8mb4_unicode_ci NOT NULL,
  `event_thumbnail_photo` text COLLATE utf8mb4_unicode_ci NOT NULL,
  `event_banner_photo` text COLLATE utf8mb4_unicode_ci NOT NULL,
  `event_status` int(11) NOT NULL,
  `event_security_option` int(11) NOT NULL,
  `event_has_sub_event` tinyint(1) NOT NULL,
  `event_organizer_id` int(10) unsigned NOT NULL,
  `event_is_active` tinyint(1) NOT NULL,
  `created_at` timestamp NULL DEFAULT NULL,
  `updated_at` timestamp NULL DEFAULT NULL,
  PRIMARY KEY (`event_id`),
  KEY `events_event_type_id_foreign` (`event_type_id`),
  KEY `events_event_organizer_id_foreign` (`event_organizer_id`),
  CONSTRAINT `events_event_organizer_id_foreign` FOREIGN KEY (`event_organizer_id`) REFERENCES `users` (`user_id`) ON DELETE CASCADE,
  CONSTRAINT `events_event_type_id_foreign` FOREIGN KEY (`event_type_id`) REFERENCES `event_types` (`event_type_id`) ON DELETE CASCADE
) ENGINE=InnoDB AUTO_INCREMENT=151 DEFAULT CHARSET=utf8mb4 COLLATE=utf8mb4_unicode_ci;
/*!40101 SET character_set_client = @saved_cs_client */;

--
-- Dumping data for table `events`
--

LOCK TABLES `events` WRITE;
/*!40000 ALTER TABLE `events` DISABLE KEYS */;
INSERT INTO `events` VALUES (1,7,'Borer-Pfannerstill','2017-12-02 06:05:02','2018-03-18 15:12:00','Pariatur sunt.','Culpa aut incidunt.','Aut modi qui.','http://batz.com/','treutel.ac.in','Et non dolores expedita ad eligendi.','Corporis nisi commodi dolorem esse saepe.',1,1,0,12,0,'2018-04-04 07:38:44','2018-04-04 07:38:44'),(2,6,'Bosco-Hessel','2017-11-27 10:50:36','2018-02-11 00:11:49','Qui vitae modi.','Dolor saepe in.','Dignissimos rerum.','http://www.schmeler.com/ea-consectetur-nihil-fugiat-amet-asperiores.html','stroman.in','Eaque voluptatem eum eveniet est quas recusandae.','Fugit ratione repudiandae voluptatibus qui enim.',1,1,1,69,0,'2018-04-04 07:38:45','2018-04-04 07:38:45'),(3,2,'Fisher-Mosciski','2017-11-05 15:26:08','2018-03-16 02:13:41','Iure omnis nemo in.','Animi consectetur.','Quo nihil velit.','http://www.watsica.com/fugiat-tenetur-harum-culpa-non-est-deserunt-earum-necessitatibus','cruickshank.ac.in','Enim unde asperiores aut pariatur sit.','Iusto aut delectus veritatis.',0,0,1,61,0,'2018-04-04 07:38:45','2018-04-04 07:38:45'),(4,7,'Brown Inc','2018-01-07 22:19:05','2018-02-09 02:55:19','Itaque earum a.','Veniam qui natus.','Fugiat magni ipsum.','http://www.weber.com/','lehner.com','Consequatur ratione ab mollitia et.','Ipsam illo qui non id cupiditate.',0,1,0,69,0,'2018-04-04 07:38:45','2018-04-04 07:38:45'),(5,1,'Fahey and Sons','2018-01-21 01:56:00','2018-03-14 22:40:28','Autem cum dolorum.','Magnam molestias.','Recusandae voluptas.','http://hermiston.org/voluptates-soluta-veniam-laudantium-molestiae-omnis-laboriosam-quia','mayer.org','Quia quas molestiae aut optio.','Minima saepe itaque ipsa et et libero autem.',0,0,1,23,1,'2018-04-04 07:38:45','2018-04-04 07:38:45'),(6,10,'Wunsch LLC','2017-10-20 20:53:59','2018-02-11 15:21:30','Fuga ut eos dolor.','Quae ratione ipsum.','Quia tenetur porro.','https://kreiger.in/ut-praesentium-quas-ut-temporibus-illo.html','littel.co.in','Fuga aut id alias est.','Soluta nesciunt sit a autem eum.',0,0,0,59,1,'2018-04-04 07:38:45','2018-04-04 07:38:45'),(7,2,'Dooley Inc','2018-01-29 15:45:09','2018-02-21 12:05:29','Qui et quod sint.','Libero et rerum ut.','Molestias et natus.','http://dubuque.ac.in/voluptatem-qui-quidem-omnis-magni.html','considine.in','Amet ratione quidem et veritatis est nesciunt.','Sit recusandae consectetur corrupti est facere.',1,0,1,54,1,'2018-04-04 07:38:45','2018-04-04 07:38:45'),(8,8,'Streich, Wiegand and Wisoky','2017-10-15 11:32:43','2018-02-13 02:08:17','Qui beatae facere.','Aut id voluptatibus.','Totam dolor.','http://www.considine.com/praesentium-nulla-a-maiores-commodi.html','jacobi.co.in','Molestiae sit asperiores rerum quis.','Sed est est nesciunt suscipit provident eum quas.',1,1,1,17,1,'2018-04-04 07:38:45','2018-04-04 07:38:45'),(9,6,'Dicki, Moore and Parisian','2017-10-18 05:44:14','2018-02-24 16:18:39','Suscipit et minus.','Minima quibusdam.','Molestiae.','http://metz.com/nobis-fuga-numquam-ut-voluptatem-voluptas-quo.html','kutch.com','Inventore quasi a consequatur.','Facere molestias aut exercitationem nam.',0,1,1,16,1,'2018-04-04 07:38:45','2018-04-04 07:38:45'),(10,10,'Schulist, Emmerich and Bailey','2017-10-24 23:39:54','2018-02-22 09:41:57','Est blanditiis.','Et dolorem odit.','Corrupti dolor.','http://www.hane.com/est-dolorum-adipisci-ut-laboriosam-voluptatem-sapiente','rosenbaum.org','Magnam autem praesentium explicabo et.','Qui laudantium ipsa nisi quisquam nihil autem in.',0,0,1,34,0,'2018-04-04 07:38:45','2018-04-04 07:38:45'),(11,2,'Rippin-Crist','2017-11-22 00:50:40','2018-03-02 03:21:54','Necessitatibus.','Enim quo.','Commodi eligendi.','http://bahringer.in/','rowe.org','Sint quo itaque quia vel.','Maiores dolorem recusandae eum.',1,0,0,19,1,'2018-04-04 07:38:45','2018-04-04 07:38:45'),(12,10,'Barton Ltd','2017-12-27 19:19:52','2018-02-27 17:29:03','Iure fugit impedit.','Quaerat et qui.','Voluptatem ducimus.','https://pollich.com/laudantium-aut-quos-eligendi-sequi-quae-reiciendis-eligendi.html','mills.co.in','Fugit debitis illum quia dolorum modi.','Quas ut autem sapiente ipsam.',0,1,1,17,1,'2018-04-04 07:38:45','2018-04-04 07:38:45'),(13,5,'DuBuque-Bailey','2017-12-29 06:36:29','2018-02-10 13:26:52','Nulla quo tenetur.','Perspiciatis.','Nobis non ut et.','http://www.metz.com/itaque-qui-repudiandae-modi-totam-error-quasi-accusamus-sequi','homenick.com','Eaque rerum nemo vitae rerum quas qui sit.','Ad tempore dolor delectus animi vel.',0,1,0,23,1,'2018-04-04 07:38:45','2018-04-04 07:38:45'),(14,1,'Bergstrom PLC','2017-10-22 11:29:10','2018-02-23 04:53:18','Maiores et vitae id.','Numquam maiores.','Veritatis est.','http://hyatt.com/est-dolorum-ut-corrupti-aut-provident-qui-quod','fahey.org','Ipsum nihil porro aliquid sed.','Possimus consectetur et in.',0,1,0,67,0,'2018-04-04 07:38:45','2018-04-04 07:38:45'),(15,6,'Weimann, Mertz and Schuster','2017-11-05 02:16:44','2018-02-27 00:59:05','Iste et qui ea cum.','Ad aut harum.','Vel ea dolores quo.','http://www.cummerata.com/pariatur-ut-expedita-quibusdam-in-eligendi-rerum-reprehenderit.html','ohara.com','Sint vel repudiandae tenetur velit.','Atque accusamus error est dicta ab nihil.',0,1,1,96,1,'2018-04-04 07:38:45','2018-04-04 07:38:45'),(16,6,'Kub-Predovic','2018-01-16 03:32:09','2018-03-07 11:48:38','Molestiae qui ut.','Temporibus autem.','Suscipit est et et.','http://lindgren.in/','konopelski.org','Consectetur at vero sed distinctio.','Officiis nisi non numquam consequatur odio.',1,1,1,56,1,'2018-04-04 07:38:45','2018-04-04 07:38:45'),(17,4,'Wuckert PLC','2017-12-14 08:43:57','2018-03-14 07:08:39','Aliquam possimus.','Voluptatum nisi.','Molestiae animi qui.','http://www.botsford.in/aut-totam-maxime-quaerat-doloremque-voluptas.html','larkin.com','Voluptatem sit quos et quo et aut.','Aut et expedita qui.',0,0,1,9,1,'2018-04-04 07:38:45','2018-04-04 07:38:45'),(18,10,'Armstrong, Volkman and Bednar','2018-01-09 01:54:27','2018-02-27 01:45:25','Debitis qui aperiam.','Tempora sunt optio.','Inventore nihil ad.','http://schamberger.com/nobis-cupiditate-et-laboriosam-sequi-pariatur','willms.ac.in','Qui officiis ratione nam quibusdam eum quia.','Quisquam sed fuga rerum qui.',0,0,1,53,0,'2018-04-04 07:38:45','2018-04-04 07:38:45'),(19,5,'Schmeler, Kris and Lehner','2017-10-23 12:39:08','2018-02-10 15:58:38','Dolor beatae.','Autem fugit at.','Fuga recusandae.','http://www.abshire.in/deleniti-ullam-voluptatem-at-doloremque-et','kunde.in','Corrupti eaque consequatur dolores odio nostrum.','Ad illum dolorem et autem ipsum modi et.',0,1,0,33,0,'2018-04-04 07:38:45','2018-04-04 07:38:45'),(20,2,'Fadel-Dibbert','2017-12-23 14:13:15','2018-04-01 12:08:39','Nihil eos.','Non consequatur.','Maxime et fuga.','http://www.zieme.com/minus-voluptate-saepe-laudantium','osinski.in','Incidunt eveniet atque ea quae ea placeat.','Nulla totam sit non qui.',1,1,1,39,0,'2018-04-04 07:38:45','2018-04-04 07:38:45'),(21,5,'Gleason Inc','2017-10-26 17:06:14','2018-03-31 12:07:54','Sunt et rerum sed.','Incidunt iste.','Possimus.','http://www.rowe.co.in/','harber.com','Molestias natus amet iusto esse adipisci.','Omnis ullam at unde sequi.',1,1,0,44,1,'2018-04-04 07:38:45','2018-04-04 07:38:45'),(22,10,'Gislason-Muller','2017-11-09 05:22:42','2018-03-05 00:25:48','Nesciunt.','Voluptates eveniet.','Consequuntur.','https://maggio.ac.in/iusto-pariatur-et-ab.html','oreilly.org','Id doloremque fugiat voluptates veniam sit et.','Optio iure sit optio ex hic et animi.',1,1,1,19,0,'2018-04-04 07:38:46','2018-04-04 07:38:46'),(23,5,'Terry Group','2018-01-27 18:06:42','2018-04-01 02:15:25','Aut neque nisi.','Itaque ut velit.','Fugiat totam.','http://rath.ac.in/voluptatem-rem-culpa-repudiandae','jast.co.in','Necessitatibus laborum et eos sequi sed est vero.','Qui est ut incidunt voluptas.',1,1,0,39,1,'2018-04-04 07:38:46','2018-04-04 07:38:46'),(24,6,'Kuvalis-Marquardt','2018-01-17 09:41:11','2018-02-14 03:12:43','Aliquam officiis.','Molestiae error.','Voluptas aut.','http://www.botsford.com/','king.net','Ab sint sed et hic ut.','Voluptatum dolor inventore et porro vitae.',1,0,1,17,1,'2018-04-04 07:38:46','2018-04-04 07:38:46'),(25,6,'Towne PLC','2017-11-05 00:43:13','2018-02-27 19:10:54','Temporibus.','Animi ex rerum.','Tempore est iure.','http://www.schumm.net/','lesch.com','Esse vero nostrum ut quia minus.','Dolorem minus ullam et neque sapiente eos est.',1,1,0,36,1,'2018-04-04 07:38:46','2018-04-04 07:38:46'),(26,4,'DuBuque, Roberts and Hayes','2017-10-27 08:24:12','2018-03-28 04:36:10','Dicta aut dolor.','Sit officiis eos.','Aliquid eveniet.','http://www.mcdermott.com/','gusikowski.net','Minus cum porro nemo aliquid.','Rerum aperiam incidunt aut esse.',0,1,0,18,1,'2018-04-04 07:38:46','2018-04-04 07:38:46'),(27,9,'Nader, Dibbert and Bauch','2017-11-23 21:18:16','2018-03-21 21:43:46','Optio nihil sit.','Tempore ipsam quia.','Hic beatae quisquam.','https://www.koelpin.co.in/saepe-praesentium-et-sed-non-velit-perferendis-error-maxime','boyer.com','Sint illum esse est maxime adipisci dolor.','Nulla atque consequatur quis sint molestiae.',0,0,1,44,1,'2018-04-04 07:38:46','2018-04-04 07:38:46'),(28,3,'Stanton, Schneider and Nolan','2018-01-13 11:06:18','2018-02-06 06:52:02','Soluta velit ullam.','Dolores eos quas.','Harum repudiandae.','http://www.zemlak.com/consequuntur-nihil-et-iste-autem-quasi-incidunt-et-blanditiis.html','oconnell.com','Voluptatem beatae eum est.','Eveniet rerum possimus et suscipit.',1,0,0,86,0,'2018-04-04 07:38:46','2018-04-04 07:38:46'),(29,6,'Lang Inc','2017-12-14 14:43:55','2018-03-12 04:53:55','Voluptatum quaerat.','Expedita voluptates.','Modi qui quibusdam.','https://schimmel.in/iure-et-et-et-animi.html','rohan.com','Enim aspernatur excepturi laborum non facilis et.','Quasi officiis sequi pariatur hic.',1,1,1,56,1,'2018-04-04 07:38:46','2018-04-04 07:38:46'),(30,1,'Mann LLC','2017-12-20 04:12:17','2018-03-23 15:47:13','Est et ut non et.','Non aliquam in quo.','Nulla minus est et.','http://www.friesen.com/placeat-omnis-quae-ab-consectetur-ipsam-eos-fugiat','murazik.com','Est at ut et autem laborum.','Quia ut eius iste accusamus eum.',0,0,0,87,0,'2018-04-04 07:38:46','2018-04-04 07:38:46'),(31,4,'Schumm, O\'Connell and Mosciski','2018-01-01 11:56:18','2018-03-06 00:28:38','Veniam sint.','Quia assumenda.','Facilis sint.','http://www.price.ac.in/libero-et-dolorum-laudantium-est-odit-voluptas.html','abshire.com','Ratione veritatis eum voluptate ipsam ut.','Et ipsum sint dolor.',0,0,1,37,0,'2018-04-04 07:38:46','2018-04-04 07:38:46'),(32,4,'Kozey-Bogisich','2017-11-11 19:31:45','2018-03-11 23:55:13','Non sapiente libero.','Dicta mollitia.','Occaecati quia qui.','http://kessler.com/et-alias-vel-autem-rerum-blanditiis','schimmel.in','Iure fuga ratione voluptas dolorem maxime.','Dolores sed nihil est qui ullam.',1,0,1,89,1,'2018-04-04 07:38:46','2018-04-04 07:38:46'),(33,2,'Schulist-Rempel','2018-01-27 00:03:14','2018-02-10 01:24:05','Hic quibusdam ut.','Omnis veritatis.','Blanditiis.','http://quitzon.net/nostrum-fuga-iure-eos-qui-qui-voluptatibus.html','jaskolski.org','Enim ut voluptatem aperiam nostrum.','Nemo cumque quae rerum dolorum.',1,1,1,82,0,'2018-04-04 07:38:46','2018-04-04 07:38:46'),(34,5,'Herman, Kutch and Leannon','2018-01-23 18:24:17','2018-03-06 03:55:10','Quia autem quia.','Optio molestiae.','Laboriosam mollitia.','http://kessler.in/totam-ut-dolorem-minus-iure-cupiditate','hilll.com','Harum sapiente molestiae accusamus harum a odio.','Et mollitia aut blanditiis incidunt.',0,0,0,11,0,'2018-04-04 07:38:46','2018-04-04 07:38:46'),(35,6,'Crona-Hackett','2017-12-11 23:17:02','2018-02-09 19:43:11','Ex harum beatae.','Nihil et sit est.','Necessitatibus.','http://www.barrows.in/excepturi-fuga-voluptatem-magnam-aut-omnis','runte.com','Nulla modi maiores non autem omnis dolor qui.','Odio ut qui ut molestias inventore.',1,0,0,79,0,'2018-04-04 07:38:46','2018-04-04 07:38:46'),(36,3,'Rodriguez Group','2017-11-10 19:05:11','2018-02-24 02:30:51','Dolores quia est.','Earum non vero et.','Praesentium.','https://stamm.com/fuga-placeat-nihil-pariatur-numquam-provident-quis.html','heathcote.com','Iusto dolores velit qui quisquam.','Ut incidunt cumque fugiat aperiam id.',0,0,1,18,1,'2018-04-04 07:38:46','2018-04-04 07:38:46'),(37,9,'Lockman-Funk','2017-12-22 13:06:37','2018-03-15 15:56:27','Cumque at et.','Voluptatem nisi sed.','Fugiat fuga cumque.','http://kris.com/est-nihil-ratione-sapiente-cupiditate.html','botsford.net','Consequuntur quis dolorem eveniet quasi.','Enim odit eum et ut voluptates ab.',0,1,1,11,0,'2018-04-04 07:38:46','2018-04-04 07:38:46'),(38,3,'Boyle-Tremblay','2017-10-14 04:37:14','2018-02-22 08:49:13','Quae voluptatibus.','Earum suscipit.','Similique ea beatae.','http://zemlak.ac.in/odit-neque-assumenda-placeat','rath.org','Qui amet quidem deserunt vitae.','Dolorem explicabo deleniti in.',1,0,1,69,1,'2018-04-04 07:38:46','2018-04-04 07:38:46'),(39,10,'Greenholt-Romaguera','2017-12-19 10:36:22','2018-02-12 06:38:53','Dolores qui.','Sequi fugiat.','Culpa deleniti.','http://davis.in/','kirlin.in','Mollitia quod ipsam ipsum eos eligendi ad est.','Sint enim et delectus illum enim at.',1,1,1,89,0,'2018-04-04 07:38:46','2018-04-04 07:38:46'),(40,5,'Pfeffer, Homenick and Marvin','2017-10-16 23:57:42','2018-02-21 16:52:06','Autem corrupti aut.','Iusto non porro.','At quas reiciendis.','https://kuhlman.in/optio-autem-alias-mollitia-perferendis-est-deleniti-animi.html','conn.com','Non veniam occaecati maxime eum.','Est dolor non veritatis sequi laborum molestiae.',1,1,1,7,1,'2018-04-04 07:38:46','2018-04-04 07:38:46'),(41,1,'Zemlak, O\'Connell and Medhurst','2017-11-05 19:04:33','2018-02-13 14:48:12','Repudiandae quia.','Consequatur sunt et.','Nobis quasi.','https://considine.com/ut-occaecati-aut-qui-eos-quos-nulla-omnis.html','heaney.in','Cupiditate asperiores tenetur iste quia quis.','Incidunt illo labore voluptatem.',1,1,0,96,0,'2018-04-04 07:38:46','2018-04-04 07:38:46'),(42,4,'Herman-Jaskolski','2017-12-29 14:48:53','2018-02-11 08:46:05','Inventore enim.','Similique earum.','Sit illo quod.','http://bogan.com/non-eos-doloremque-ipsum-tempora','rosenbaum.net','Fugit itaque ut animi inventore fugit est.','Nostrum est quia dolores explicabo.',0,1,0,7,0,'2018-04-04 07:38:46','2018-04-04 07:38:46'),(43,4,'Gorczany LLC','2017-12-27 15:41:20','2018-03-14 23:45:35','Molestiae et.','Asperiores.','Perferendis velit.','http://corkery.com/suscipit-ipsum-in-deserunt-rem.html','kessler.com','Aut sint dignissimos odio.','Iusto quas aut amet.',1,0,0,89,1,'2018-04-04 07:38:46','2018-04-04 07:38:46'),(44,3,'Block-Thiel','2018-01-27 16:59:54','2018-04-02 16:47:54','Sit ut quia.','Ullam incidunt.','Fugit vero quod.','http://purdy.com/et-laudantium-illum-laboriosam-quia-accusamus','little.org','In et ullam quos et.','Ut fugit voluptas magni nam adipisci.',0,0,1,72,1,'2018-04-04 07:38:46','2018-04-04 07:38:46'),(45,5,'Koepp-Rice','2018-02-01 19:08:17','2018-03-15 11:14:33','Voluptatum.','Et sint aut.','Repellat dolorem.','https://www.bartoletti.com/accusantium-fugit-amet-laudantium-quia-porro-sit','kutch.in','Et at quas ex velit rerum quia.','Exercitationem et eaque officiis.',1,0,1,91,0,'2018-04-04 07:38:47','2018-04-04 07:38:47'),(46,9,'Dicki-Olson','2017-11-27 07:19:26','2018-03-08 05:39:58','Libero repudiandae.','Quis repellat sed.','Id voluptatem esse.','http://oreilly.com/quia-voluptatem-omnis-molestiae-consequuntur-qui-aut-necessitatibus.html','shields.com','Rem minus qui laborum nihil sint natus pariatur.','Perferendis quis hic vel impedit placeat.',0,0,1,72,0,'2018-04-04 07:38:47','2018-04-04 07:38:47'),(47,2,'Swift, Leuschke and Medhurst','2017-11-28 05:01:13','2018-02-22 17:08:46','Optio at rem.','Aut laborum id.','Est non quibusdam.','https://terry.net/ipsam-quibusdam-consequatur-deleniti-vero.html','blick.in','A quia omnis iure dolores illo temporibus.','Velit cum amet est numquam minima autem rerum.',1,1,0,5,1,'2018-04-04 07:38:47','2018-04-04 07:38:47'),(48,8,'Dickens, Wisoky and Morar','2017-11-14 10:31:03','2018-02-28 19:58:43','Et provident et.','Dignissimos id.','Et quis cupiditate.','http://abshire.com/quos-voluptas-voluptatum-qui-id-dolorem','krajcik.ac.in','Culpa sint et sit non in.','Praesentium debitis id facilis nisi.',1,0,0,88,1,'2018-04-04 07:38:47','2018-04-04 07:38:47'),(49,5,'Champlin-Wilkinson','2017-11-04 16:29:00','2018-02-09 13:45:09','Dignissimos rerum.','Ex dicta recusandae.','Vero sed fugiat.','http://www.crona.com/nulla-voluptates-qui-ipsa-pariatur-velit-architecto.html','huel.com','Optio saepe consequatur molestiae voluptas rem.','Alias quidem reprehenderit ut eligendi doloribus.',0,0,1,88,0,'2018-04-04 07:38:47','2018-04-04 07:38:47'),(50,6,'Thiel Inc','2017-12-21 10:26:55','2018-03-07 18:38:14','Deleniti aliquam.','Earum eligendi.','Eos qui est.','http://www.morar.in/inventore-veniam-magni-dolor-aspernatur-ut-velit-facilis','bauch.in','Quas sed magni ut dolorum quo.','Laborum iure voluptatem dolorem molestiae.',1,0,1,88,0,'2018-04-04 07:38:47','2018-04-04 07:38:47'),(51,6,'O\'Reilly LLC','2017-10-23 15:49:06','2018-03-05 00:31:57','Dolorem amet ut.','Sapiente adipisci.','Dignissimos autem.','http://www.pfannerstill.in/similique-ut-non-in','osinski.com','Aspernatur assumenda harum sed quibusdam.','Ratione quis beatae aut nulla fugiat.',1,1,1,70,1,'2018-04-04 07:38:47','2018-04-04 07:38:47'),(52,2,'Lynch-Bailey','2017-12-31 09:42:39','2018-02-26 21:18:23','Nulla qui quasi.','Cupiditate vel.','Ex numquam magnam.','http://dooley.net/quo-neque-omnis-minima.html','oreilly.co.in','Corporis atque omnis quaerat architecto omnis.','Corporis ipsa in perspiciatis.',1,1,1,25,0,'2018-04-04 07:38:47','2018-04-04 07:38:47'),(53,10,'Wuckert-Little','2017-10-26 00:57:35','2018-02-14 04:20:20','Voluptate nihil.','Eveniet qui dolor.','Incidunt explicabo.','http://kiehn.org/','osinski.com','Minus quas autem rerum ut sint aspernatur nihil.','Quia reiciendis aut unde quod.',1,0,1,23,0,'2018-04-04 07:38:47','2018-04-04 07:38:47'),(54,5,'Cremin-Fritsch','2018-01-22 04:59:17','2018-03-08 05:19:31','Omnis quibusdam.','Voluptatem ullam.','Fugit incidunt sunt.','https://www.mclaughlin.in/et-cupiditate-corrupti-animi-ut-quidem','hammes.com','Ut autem qui nisi dolorum commodi.','Non blanditiis voluptas sunt est itaque.',0,1,1,25,1,'2018-04-04 07:38:47','2018-04-04 07:38:47'),(55,10,'Waters, Schmidt and Marquardt','2017-12-17 18:33:25','2018-03-09 19:47:40','Consequatur et.','Perspiciatis hic.','Dolores quae sint.','http://runolfsson.in/asperiores-amet-eveniet-non-aut-eum-ea-necessitatibus-similique','ankunding.com','Dolor sit quod et saepe.','Accusamus eum totam vero provident illo.',1,1,1,18,0,'2018-04-04 07:38:47','2018-04-04 07:38:47'),(56,1,'Dickens, Swaniawski and Powlowski','2018-01-03 05:15:17','2018-03-19 09:54:34','Sint ut eius et.','Voluptas non.','Ipsam et eaque.','https://www.daniel.com/voluptas-et-minus-porro-aut-sit','marvin.com','Architecto ut autem sapiente aut possimus.','Et aut doloremque corrupti animi soluta.',0,0,1,25,0,'2018-04-04 07:38:47','2018-04-04 07:38:47'),(57,8,'Stokes, Koss and Walsh','2018-01-27 20:13:40','2018-03-31 13:34:22','Nemo necessitatibus.','Ipsum et et enim.','Animi est.','http://www.klocko.net/ipsa-id-tempora-inventore-eos-nostrum-sed','olson.com','Distinctio incidunt corporis quibusdam a.','Consectetur voluptatem ad eveniet.',0,0,1,59,0,'2018-04-04 07:38:47','2018-04-04 07:38:47'),(58,5,'Gleason-Mohr','2017-12-07 18:52:39','2018-02-16 08:10:52','Aut et incidunt.','Ut excepturi.','In officia deserunt.','http://www.schneider.in/','miller.co.in','At voluptatibus officia et.','Pariatur cumque fugit voluptas et.',1,1,1,70,0,'2018-04-04 07:38:47','2018-04-04 07:38:47'),(59,3,'Hudson Inc','2017-12-22 05:59:06','2018-03-15 05:07:40','Eveniet blanditiis.','Dolorem voluptatum.','Architecto labore.','http://monahan.com/voluptatibus-laborum-velit-ullam-debitis-mollitia','durgan.com','Omnis ut distinctio ipsum.','Nemo quos quis distinctio.',0,0,1,87,1,'2018-04-04 07:38:47','2018-04-04 07:38:47'),(60,2,'Conn, Hintz and Goyette','2017-11-02 00:14:33','2018-04-01 19:29:24','Voluptates vero.','Est enim voluptas.','Non in minus sunt.','http://www.hintz.co.in/fugiat-et-recusandae-sit-repudiandae-ab-qui-voluptatem','greenholt.net','Animi sit autem dolores temporibus in.','Facere consequatur et veritatis autem.',0,1,0,19,1,'2018-04-04 07:38:47','2018-04-04 07:38:47'),(61,9,'Hammes Group','2017-11-30 21:23:43','2018-02-07 22:24:40','Quaerat occaecati.','Magnam amet amet et.','Doloribus porro et.','http://www.damore.com/sunt-fugit-quaerat-iste-laudantium-harum-qui.html','fadel.co.in','Molestiae autem neque cum consequuntur.','Voluptas minima qui aut.',1,0,1,67,1,'2018-04-04 07:38:47','2018-04-04 07:38:47'),(62,7,'Olson, Treutel and Will','2018-01-19 14:57:27','2018-02-10 21:07:27','Qui amet sapiente.','Amet velit aut.','Ut consectetur in.','http://www.leuschke.com/','walter.com','Non minima nam dolorem ut voluptatem.','Veritatis nemo et eius nam ut incidunt.',0,0,0,39,1,'2018-04-04 07:38:47','2018-04-04 07:38:47'),(63,1,'Daniel, Hills and Ernser','2017-11-07 18:11:27','2018-03-07 08:09:52','Dolor fuga.','Provident excepturi.','Sint magni incidunt.','http://graham.in/','mohr.in','Et error eum in aut.','Qui dolorum unde aut et ullam aut.',0,1,0,96,0,'2018-04-04 07:38:47','2018-04-04 07:38:47'),(64,7,'Bosco Group','2017-12-04 03:14:21','2018-03-15 22:34:54','Ipsam omnis quos.','Velit voluptas.','Delectus et.','https://gleichner.in/soluta-deleniti-at-aperiam-sint-voluptatum-aspernatur.html','schmeler.com','Aut nisi eveniet atque est quas in.','Magnam hic id non.',1,0,1,11,1,'2018-04-04 07:38:47','2018-04-04 07:38:47'),(65,10,'Morar Inc','2017-12-20 11:05:20','2018-03-13 14:45:44','Veritatis assumenda.','Voluptas numquam.','Quia facere.','http://www.casper.net/accusantium-voluptate-hic-asperiores','nader.org','Doloremque ut eos qui vero iure qui asperiores.','Doloribus incidunt magni alias nulla.',0,1,0,9,0,'2018-04-04 07:38:47','2018-04-04 07:38:47'),(66,1,'Becker-Senger','2017-10-09 18:17:44','2018-02-10 09:47:09','Modi iure dolorem.','Dolore tempora ut.','Molestiae enim.','http://www.abshire.in/magni-velit-voluptatibus-nihil-enim-tenetur-quisquam-accusamus','hilll.com','Voluptas sequi optio porro aut.','Esse sunt eum neque non.',1,1,1,5,0,'2018-04-04 07:38:47','2018-04-04 07:38:47'),(67,1,'Hoppe-Stracke','2017-12-02 21:47:07','2018-03-12 07:27:50','Deleniti at.','Porro odit dolorum.','Rem harum excepturi.','http://www.stehr.com/consectetur-est-nihil-quas-nemo','von.in','Quasi quos id laborum ut.','Earum iure quae repellendus.',1,0,1,72,1,'2018-04-04 07:38:47','2018-04-04 07:38:47'),(68,6,'Jenkins and Sons','2017-11-21 13:25:57','2018-02-10 07:58:58','Rerum culpa nihil.','Quis eaque dolores.','Sapiente.','https://www.marks.co.in/quam-qui-veritatis-omnis-est-omnis-vel-omnis','doyle.in','Assumenda aut nulla necessitatibus dolorem vitae.','Adipisci aut temporibus fuga et et nostrum.',0,0,0,25,0,'2018-04-04 07:38:47','2018-04-04 07:38:47'),(69,3,'Little, Grant and Quigley','2017-11-25 03:23:13','2018-02-05 08:58:56','Temporibus.','Voluptatem velit.','Repudiandae.','http://pollich.co.in/','cremin.com','Ex recusandae ut sequi non quia itaque.','Quia vel ut id iste recusandae eius in.',1,1,1,32,0,'2018-04-04 07:38:47','2018-04-04 07:38:47'),(70,3,'Altenwerth-Torp','2017-10-09 04:50:30','2018-04-02 01:57:07','Non sunt error.','Commodi aut ipsam.','Quod veritatis.','http://ondricka.in/quis-voluptate-autem-blanditiis-sint-atque','hackett.in','Et unde aut necessitatibus ut nihil molestiae.','Quos unde quis fugit ea.',1,0,1,19,0,'2018-04-04 07:38:47','2018-04-04 07:38:47'),(71,4,'Stroman, Carter and Kutch','2017-12-02 04:37:59','2018-04-02 20:35:27','Expedita quia et.','Ut dolores est qui.','Pariatur repellat.','https://www.murphy.in/ratione-esse-veniam-laboriosam-tempora-magni','johnston.com','Omnis nesciunt provident dicta beatae.','Quisquam commodi aliquam nisi ea optio.',0,1,0,70,0,'2018-04-04 07:38:47','2018-04-04 07:38:47'),(72,2,'Farrell-Orn','2017-11-15 04:37:05','2018-03-24 01:15:48','Et laudantium vel.','Enim repellendus.','Voluptatibus.','http://www.hintz.net/','bartoletti.com','Ut sit sint quia ducimus earum inventore quia.','Voluptates nisi totam fuga consequuntur.',0,1,0,72,1,'2018-04-04 07:38:47','2018-04-04 07:38:47'),(73,8,'Nienow, Kunze and Runolfsson','2017-11-25 00:28:16','2018-02-25 14:48:24','Quisquam quae dolor.','Animi nobis omnis.','Consectetur quae.','http://prosacco.com/commodi-voluptas-sint-veniam-officia-earum-recusandae-ullam-ab.html','dietrich.in','Et sunt incidunt est commodi.','Et optio doloremque id enim.',0,0,0,33,0,'2018-04-04 07:38:47','2018-04-04 07:38:47'),(74,6,'Paucek-Hegmann','2017-12-17 03:46:02','2018-03-08 01:17:33','Aut officiis eos.','Maxime molestias.','Iusto soluta.','http://www.keebler.ac.in/nisi-culpa-totam-cum.html','hansen.com','Et omnis et tempora blanditiis.','Accusamus delectus ipsam et laudantium.',0,1,1,7,0,'2018-04-04 07:38:47','2018-04-04 07:38:47'),(75,9,'Murray PLC','2017-11-12 23:19:38','2018-03-01 16:48:22','Temporibus ut.','Iste qui non beatae.','Quasi est qui iure.','http://balistreri.com/voluptatem-qui-minima-aspernatur-illo','ritchie.net','In aut enim in magni dolore.','Ad aut eius qui quos minus nostrum consequuntur.',0,1,0,25,0,'2018-04-04 07:38:48','2018-04-04 07:38:48'),(76,7,'Carter, Hickle and Medhurst','2017-11-11 15:22:09','2018-03-24 07:14:45','Facilis voluptate.','Sunt asperiores et.','Libero blanditiis.','https://graham.in/laudantium-eum-non-aliquid-voluptate-est-blanditiis.html','greenholt.com','Et voluptatibus porro vitae qui a nesciunt harum.','Deserunt deleniti repellat nesciunt.',0,1,0,56,0,'2018-04-04 07:38:48','2018-04-04 07:38:48'),(77,9,'Barrows, Feeney and Kunde','2018-01-16 10:10:57','2018-03-13 03:45:23','Ut commodi a neque.','Doloribus quia et.','Quis velit vero.','http://www.doyle.com/','wintheiser.org','Laudantium quae nihil quis est est ea eius.','Numquam magni iusto deleniti consequatur quia.',0,0,0,17,1,'2018-04-04 07:38:48','2018-04-04 07:38:48'),(78,1,'Harber and Sons','2017-12-14 21:11:14','2018-02-09 02:15:37','Cumque nulla et.','Ad quos et autem.','Officiis aut sit.','http://bahringer.ac.in/sunt-magnam-enim-voluptas-molestiae-incidunt-doloribus-fugiat','davis.com','Maiores facere aspernatur cumque aperiam.','Illum sunt vel et rerum.',0,1,0,61,1,'2018-04-04 07:38:48','2018-04-04 07:38:48'),(79,5,'Oberbrunner Group','2017-12-12 01:46:57','2018-03-18 10:37:30','Dicta fuga dicta.','Molestiae et vero.','Dolores quos sit ut.','https://rodriguez.com/nulla-sit-ipsum-temporibus-beatae-deleniti-vel-neque-et.html','hills.com','Eius consequatur assumenda quaerat voluptatem.','Amet eos et rem fugit.',1,0,1,19,1,'2018-04-04 07:38:48','2018-04-04 07:38:48'),(80,9,'Lowe-Wyman','2017-10-26 04:23:48','2018-03-19 16:07:53','Aut rerum saepe.','Accusamus odio.','Corporis nihil.','https://stokes.com/quasi-ut-qui-unde-ea-dicta-vitae.html','heaney.ac.in','Possimus sed voluptatem et.','Debitis quam molestiae tenetur quibusdam animi.',0,0,1,61,0,'2018-04-04 07:38:48','2018-04-04 07:38:48'),(81,2,'Glover, McCullough and Prohaska','2017-12-30 12:13:44','2018-03-16 14:34:41','Necessitatibus et.','Soluta quis ipsam.','Est numquam nihil.','http://turner.in/consectetur-vel-eum-nisi-a-at-sapiente-est-dolorem','paucek.com','Animi et qui iste tempore.','Dolore voluptates laborum sed ipsa.',0,1,0,82,0,'2018-04-04 07:38:48','2018-04-04 07:38:48'),(82,10,'Lubowitz, Armstrong and Kessler','2018-01-29 07:20:31','2018-03-02 08:23:03','Est nesciunt aut.','Eum voluptates.','Sed enim sed est.','https://www.huels.com/ad-neque-delectus-commodi-repudiandae-molestias-qui','kunde.net','In animi harum necessitatibus eum id.','Dolores ex nostrum sit.',1,1,0,68,0,'2018-04-04 07:38:48','2018-04-04 07:38:48'),(83,3,'Spinka PLC','2017-12-14 12:43:01','2018-04-02 12:44:10','Nobis mollitia et.','In architecto.','Repellendus itaque.','http://rutherford.org/','hudson.in','Soluta doloremque sit qui veniam sit quia.','Ab id qui voluptas rem quia.',0,1,1,61,1,'2018-04-04 07:38:48','2018-04-04 07:38:48'),(84,6,'Bradtke-Parisian','2017-12-14 03:52:35','2018-02-05 23:45:41','Ad quisquam in quis.','Aliquid officiis.','In fugiat maiores.','http://www.skiles.com/consectetur-sed-doloribus-quidem-consequatur-ab-hic','paucek.com','Excepturi et veniam recusandae necessitatibus ut.','Voluptate harum omnis veniam.',0,0,1,69,0,'2018-04-04 07:38:48','2018-04-04 07:38:48'),(85,3,'Adams, Mueller and Moen','2017-11-04 12:50:14','2018-03-23 12:30:38','Cumque consequatur.','Excepturi.','Temporibus deleniti.','https://pacocha.com/totam-deserunt-eaque-provident-voluptas-ea-explicabo-expedita.html','harris.net','Quia repellat voluptatem a.','Explicabo facilis rerum qui aut.',1,0,1,18,0,'2018-04-04 07:38:48','2018-04-04 07:38:48'),(86,3,'Jenkins Group','2017-12-21 12:05:38','2018-04-01 14:09:21','Totam tempora velit.','Iure fugiat at id.','Ea dolores rerum et.','http://jerde.net/sunt-doloribus-officia-est-perferendis-eius','blick.com','Similique et aut sit.','Nostrum unde id laboriosam voluptatum.',1,1,0,92,1,'2018-04-04 07:38:48','2018-04-04 07:38:48'),(87,10,'Bode PLC','2017-11-17 12:12:13','2018-02-23 18:21:16','Dolores amet ut et.','Recusandae est qui.','Sit totam aut aut.','http://langworth.com/pariatur-temporibus-vel-commodi-deserunt-dolores-officia.html','kreiger.com','Aspernatur dolores voluptatem porro impedit vel.','Adipisci veniam quaerat et est porro.',0,0,0,77,0,'2018-04-04 07:38:48','2018-04-04 07:38:48'),(88,5,'Hahn-Tromp','2017-10-09 04:54:48','2018-03-15 01:24:05','Iusto in qui nihil.','Laborum velit quod.','Sunt maiores.','http://romaguera.in/excepturi-doloremque-repellendus-voluptas-et-sit-nulla-quasi','barrows.in','Illo vel qui et.','Nostrum id voluptatem enim quo iste.',0,0,0,11,0,'2018-04-04 07:38:48','2018-04-04 07:38:48'),(89,8,'Grady-Dooley','2018-01-26 06:51:09','2018-03-09 04:56:42','Placeat repudiandae.','Qui nihil adipisci.','Temporibus et.','http://www.kuhn.com/et-vel-accusantium-magnam-inventore-natus-fugiat-ut','hermiston.com','Totam consequatur quo velit in.','Fugiat at doloribus voluptatibus.',0,0,0,38,1,'2018-04-04 07:38:48','2018-04-04 07:38:48'),(90,4,'Hansen-Carroll','2017-11-06 23:55:54','2018-02-22 19:04:25','Atque libero omnis.','Dolores et ullam ut.','Magnam dolorum.','http://www.miller.co.in/eligendi-ut-vel-est','bogisich.net','Rerum eius corporis quod ea accusantium sit sed.','Velit voluptatibus harum ab cumque.',0,1,0,59,1,'2018-04-04 07:38:48','2018-04-04 07:38:48'),(91,10,'Jaskolski-Lindgren','2017-10-24 01:01:57','2018-02-08 01:54:35','Perferendis eos et.','Cupiditate non.','Consequatur aut.','http://wisoky.com/voluptatem-eos-aperiam-vel-eius-voluptatem-praesentium-ut','stehr.com','Sed delectus autem cum delectus molestias sint.','Et veniam illo neque ut voluptatem ut natus.',0,1,1,34,1,'2018-04-04 07:38:48','2018-04-04 07:38:48'),(92,6,'Langworth LLC','2018-02-02 03:00:39','2018-03-11 10:21:11','Quia nostrum odit.','Laborum sint ut ab.','Eos earum neque ea.','http://waters.org/molestias-quo-odio-quo-ipsam-asperiores-in','strosin.com','Fuga est quia labore magnam.','Quisquam sit quia eos aut.',0,0,1,39,0,'2018-04-04 07:38:48','2018-04-04 07:38:48'),(93,3,'Cremin and Sons','2017-11-04 17:45:17','2018-03-29 23:30:26','Occaecati ut eum.','Aut iste et aperiam.','Repellat omnis vel.','http://hyatt.net/quis-nemo-cum-assumenda-suscipit-accusantium.html','berge.in','Minima voluptatum expedita aut quia.','Voluptatem sed numquam neque.',0,1,0,44,1,'2018-04-04 07:38:48','2018-04-04 07:38:48'),(94,3,'Ward-Stark','2018-01-10 13:08:45','2018-02-12 08:16:15','Sit repudiandae.','Est eos corrupti.','Accusamus magnam.','http://abbott.co.in/repellat-et-nisi-eligendi-ab-dolores-aliquid-id.html','miller.com','Et omnis quia nobis ullam et quis nemo.','Facilis sint quos dolorum quisquam explicabo.',0,0,1,50,0,'2018-04-04 07:38:48','2018-04-04 07:38:48'),(95,7,'Haag LLC','2017-11-25 08:04:32','2018-02-09 18:26:29','Aut dolorem aperiam.','Est odio ipsa quas.','Aut id et non.','http://carter.com/dolor-eum-temporibus-dolorum-explicabo-officia','romaguera.com','Ea alias eveniet assumenda quo quidem odit.','Nesciunt nesciunt et ut placeat.',0,0,1,50,0,'2018-04-04 07:38:48','2018-04-04 07:38:48'),(96,6,'Hauck, Leannon and Schumm','2017-12-18 18:40:34','2018-02-09 12:01:09','Commodi rerum.','Molestiae quae.','Optio odio corporis.','http://www.watsica.com/ut-totam-aut-consectetur','fisher.in','Eaque est nemo necessitatibus ad repellendus.','Rem quia asperiores dolore cumque ut.',0,1,1,67,0,'2018-04-04 07:38:48','2018-04-04 07:38:48'),(97,7,'Gerhold-O\'Keefe','2018-01-21 16:37:49','2018-03-30 11:47:10','Tempore et.','Voluptas dolorem.','Omnis hic excepturi.','http://ferry.com/odio-sint-repudiandae-veritatis-sunt-ut-voluptates-voluptas.html','cormier.com','Qui dolorem quam quam error.','Possimus molestias qui magni facilis sint libero.',0,0,1,11,0,'2018-04-04 07:38:48','2018-04-04 07:38:48'),(98,8,'Kihn, Simonis and Abshire','2017-11-29 08:09:25','2018-02-05 15:22:57','Aliquam tempore.','Doloribus sit.','Iste qui et sunt.','http://www.tromp.ac.in/non-aut-qui-similique-voluptatem-error-dignissimos-ut-nemo','bartoletti.com','Esse dolores non est illum.','Vel sint consequatur doloribus eligendi.',1,1,0,24,0,'2018-04-04 07:38:48','2018-04-04 07:38:48'),(99,9,'Roberts, Dach and Smitham','2017-11-27 21:00:35','2018-02-27 05:11:01','Adipisci doloremque.','Omnis aut ipsam.','Et soluta quisquam.','http://lindgren.org/qui-dolorum-eos-ex-ducimus-et-commodi-quo','padberg.in','In porro hic adipisci aut consectetur ullam.','Est quam ut qui eos iste.',0,1,0,1,1,'2018-04-04 07:38:49','2018-04-04 07:38:49'),(100,6,'Roberts Inc','2017-12-12 21:41:48','2018-03-15 00:32:17','Recusandae qui quod.','Ut sed repellat ab.','Aut omnis iste.','http://ortiz.ac.in/','satterfield.in','Hic debitis modi eveniet vitae ipsum et illo.','Ex quia commodi enim.',0,0,1,12,1,'2018-04-04 07:38:49','2018-04-04 07:38:49'),(101,1,'Johns LLC','2018-01-12 05:39:00','2018-02-06 02:40:53','Illo libero aliquid.','Laborum et tempore.','Est est blanditiis.','http://www.boehm.in/reiciendis-explicabo-quia-aut-eum.html','oconnell.co.in','Ipsa minus quos delectus odit.','Quo velit optio vel illo dolorem velit expedita.',1,0,0,87,0,'2018-04-04 07:38:49','2018-04-04 07:38:49'),(102,1,'Rice, Koss and Littel','2017-12-11 02:34:49','2018-03-12 02:57:00','Quasi dignissimos.','Ipsa suscipit error.','Maxime voluptatem.','http://hickle.com/est-explicabo-quam-eveniet-impedit-voluptatem-et.html','ledner.in','Quidem quas quaerat est deleniti.','Totam et molestias qui nesciunt nihil.',0,1,1,96,1,'2018-04-04 07:38:49','2018-04-04 07:38:49'),(103,4,'Auer-Klein','2017-11-20 19:45:45','2018-03-21 23:46:23','Molestiae dolorum.','Nulla assumenda.','Sunt beatae sunt.','http://ullrich.com/tenetur-neque-ipsa-ipsa-ullam-qui-nisi','gaylord.com','Exercitationem velit occaecati et sit blanditiis.','Eligendi quis occaecati nihil cumque.',0,1,0,77,1,'2018-04-04 07:38:49','2018-04-04 07:38:49'),(104,7,'Thiel PLC','2017-12-07 04:40:52','2018-02-26 00:12:21','Dolores eum modi.','Veniam commodi sint.','In iusto est.','https://gerlach.org/praesentium-numquam-quis-quo-pariatur-laudantium-aut-repellendus.html','friesen.org','Doloribus libero aut eum.','Et esse ad minus.',0,0,0,38,1,'2018-04-04 07:38:49','2018-04-04 07:38:49'),(105,10,'Hettinger, Denesik and Cummings','2017-11-23 20:09:26','2018-03-14 21:00:32','Quae sunt ipsa.','Sunt dolorem.','Occaecati non et.','http://www.windler.com/','lang.com','Id nulla fugiat omnis eligendi quisquam.','Ut blanditiis rem voluptas natus.',0,0,0,16,1,'2018-04-04 07:38:49','2018-04-04 07:38:49'),(106,4,'Hickle Ltd','2018-01-15 02:41:14','2018-03-03 03:51:28','Aliquam eos rem.','Dignissimos facere.','Et repellendus quam.','https://www.ratke.com/voluptates-enim-ipsa-voluptatibus-sunt-sapiente-id','mckenzie.co.in','Ut aspernatur ut aut molestiae est.','Qui maxime omnis ut.',0,1,0,31,0,'2018-04-04 07:38:49','2018-04-04 07:38:49'),(107,9,'King, Buckridge and Murray','2017-11-27 00:48:11','2018-02-13 13:34:21','Officiis voluptas.','Et quod tempora.','Voluptatem delectus.','http://www.heathcote.ac.in/corporis-sint-et-veniam-odio-eveniet-quia','metz.org','Autem et aut ratione et possimus.','Laboriosam et laudantium quo.',1,1,0,34,1,'2018-04-04 07:38:49','2018-04-04 07:38:49'),(108,2,'Cormier, Ledner and Davis','2017-10-11 07:31:25','2018-02-05 22:20:15','Voluptas aliquid.','Ut occaecati.','Voluptatem sed.','https://goyette.com/error-voluptatem-voluptate-provident-dignissimos-expedita-sed-quo.html','murphy.com','Cupiditate iure consectetur sit earum aut.','Eveniet voluptatem voluptas vitae suscipit nisi.',0,0,1,24,0,'2018-04-04 07:38:49','2018-04-04 07:38:49'),(109,2,'Green, Lind and Fay','2017-10-20 21:54:23','2018-03-08 12:21:43','Expedita assumenda.','Ab rerum fugiat.','Quis accusantium.','http://www.kerluke.in/doloribus-quia-cupiditate-molestiae-suscipit','mcclure.net','Autem quia neque placeat id repellendus.','Ad iusto vitae nihil possimus sequi.',0,1,1,49,1,'2018-04-04 07:38:49','2018-04-04 07:38:49'),(110,9,'Kautzer, Keeling and Muller','2017-12-06 12:20:27','2018-02-24 18:32:21','Veniam et quis.','Nisi ut rerum.','Reprehenderit et.','http://dach.com/optio-enim-atque-qui-est-doloribus.html','turcotte.co.in','Voluptatum et non quo esse sed.','Veniam quam quod ex ut id sit.',1,0,1,77,1,'2018-04-04 07:38:49','2018-04-04 07:38:49'),(111,1,'Lind and Sons','2017-11-27 21:47:17','2018-02-18 10:09:54','Aperiam libero.','Aliquam nulla et et.','Est itaque quasi.','http://www.raynor.com/ipsa-id-qui-ad-iusto-vitae.html','schowalter.net','Voluptatibus temporibus rem sit assumenda vitae.','Ratione velit aut quam qui voluptatem.',0,1,0,77,0,'2018-04-04 07:38:49','2018-04-04 07:38:49'),(112,5,'Hackett-Bergstrom','2018-01-16 12:42:47','2018-02-22 10:57:33','Doloremque.','Dolor sit nihil.','Hic sed distinctio.','http://jaskolski.org/quasi-voluptas-at-sint-numquam-quam-aut-quae','corkery.ac.in','Voluptatibus doloremque quia vitae.','Eos minus commodi sapiente aut.',0,0,1,1,0,'2018-04-04 07:38:49','2018-04-04 07:38:49'),(113,7,'Gusikowski, Robel and Von','2018-01-11 20:11:14','2018-04-02 19:34:00','Voluptatem autem.','Accusantium.','Dolor sed eligendi.','http://goldner.com/','feeney.com','Deleniti ut tenetur non qui.','Placeat qui quaerat aperiam et sapiente quia.',0,1,1,31,1,'2018-04-04 07:38:49','2018-04-04 07:38:49'),(114,7,'Pouros-Koepp','2017-12-12 13:56:50','2018-03-17 20:19:27','Vel voluptatibus.','Sit esse cupiditate.','Adipisci omnis.','http://carroll.com/magnam-consequatur-autem-aperiam-nisi-quas-quisquam-facilis-similique','windler.in','Iusto libero magnam nobis soluta.','Quaerat est quisquam assumenda impedit rerum.',0,0,1,89,1,'2018-04-04 07:38:49','2018-04-04 07:38:49'),(115,2,'Gleichner PLC','2017-10-12 19:07:15','2018-02-12 22:41:37','Enim et dolor et et.','Iusto beatae eum.','Recusandae unde.','http://lehner.com/repellat-aut-eius-distinctio-perferendis.html','schmeler.co.in','Quas et odit enim exercitationem.','Nam dolor esse nihil et deleniti.',1,0,0,46,0,'2018-04-04 07:38:49','2018-04-04 07:38:49'),(116,8,'Strosin Group','2017-11-27 00:56:23','2018-02-10 11:27:43','Recusandae omnis.','Aspernatur aut et.','Fugiat consequatur.','http://schinner.net/necessitatibus-blanditiis-aut-voluptatem-vel-qui','hoppe.com','Aut molestiae numquam minus vel.','Velit nihil perferendis voluptatem.',1,0,1,72,0,'2018-04-04 07:38:49','2018-04-04 07:38:49'),(117,2,'Collier, Kerluke and Wintheiser','2017-12-14 02:15:01','2018-02-08 23:00:32','Ut facere molestiae.','Quos fugit expedita.','Aut adipisci.','https://www.daugherty.com/voluptas-alias-ut-impedit','strosin.com','Aliquam provident ut sint consequuntur.','Rerum voluptas qui minima dolorum.',1,1,1,88,0,'2018-04-04 07:38:49','2018-04-04 07:38:49'),(118,1,'Corwin Ltd','2017-12-07 23:13:21','2018-03-16 13:13:10','Quam qui autem aut.','Delectus.','Qui quod fuga.','http://jerde.org/','bradtke.com','Et modi quibusdam aut vel ullam fugit libero ex.','Eaque et nesciunt tempore qui eveniet enim.',1,1,0,88,1,'2018-04-04 07:38:49','2018-04-04 07:38:49'),(119,1,'Koch-Reinger','2018-01-09 08:00:16','2018-02-20 11:41:13','Rerum.','Dicta qui et rerum.','Dolor rerum sed.','http://www.vandervort.net/ullam-consequatur-et-nam-quia-tempora-eum-qui-occaecati','boyer.net','Est ut voluptatem at eos eos tempore sunt.','Deserunt ut et assumenda ab doloremque dolores.',1,1,0,32,1,'2018-04-04 07:38:49','2018-04-04 07:38:49'),(120,5,'Haag LLC','2017-11-03 13:26:14','2018-02-22 13:20:10','Nulla nam non sunt.','Odio quod earum.','Perferendis enim.','https://www.zboncak.ac.in/vero-molestiae-voluptate-consectetur-velit-sit-sapiente-unde','watsica.com','Qui expedita et pariatur recusandae et.','Vero officiis eaque assumenda a minima.',1,1,1,1,1,'2018-04-04 07:38:49','2018-04-04 07:38:49'),(121,1,'Yost and Sons','2017-12-04 06:31:48','2018-03-11 02:52:48','Quia nostrum amet.','Perspiciatis sit.','Quos quam et.','http://www.hills.net/','rath.in','Adipisci hic quia aut illum.','Quisquam aut id occaecati sed.',0,1,1,43,1,'2018-04-04 07:38:50','2018-04-04 07:38:50'),(122,7,'Ortiz LLC','2017-10-17 19:45:42','2018-03-07 16:19:53','Doloribus quaerat.','Molestiae nisi.','Illum nam.','http://effertz.in/recusandae-autem-ad-nesciunt-est-velit-ipsa-nihil-possimus','mohr.com','Aperiam minima voluptatem vitae.','Eos non cum voluptatibus optio.',1,0,0,1,1,'2018-04-04 07:38:50','2018-04-04 07:38:50'),(123,8,'Ferry, Stamm and Berge','2017-11-06 02:18:28','2018-03-21 02:20:33','Et harum impedit.','Repellendus ratione.','Veniam consequuntur.','http://torphy.com/et-et-ratione-excepturi-dolores-consequatur-ut','wiza.ac.in','Autem labore voluptatem eaque nemo sed.','Ut hic dicta repellat.',1,1,0,16,0,'2018-04-04 07:38:50','2018-04-04 07:38:50'),(124,8,'McKenzie and Sons','2017-12-18 21:12:41','2018-03-28 15:37:03','Ex quisquam.','Porro minus et.','Eaque ipsum quam ut.','http://runolfsdottir.com/qui-numquam-odio-enim-repudiandae-maxime-iusto-molestiae-totam.html','berge.com','Beatae quaerat ratione non rerum illum.','Porro eveniet est earum commodi.',0,1,0,68,1,'2018-04-04 07:38:50','2018-04-04 07:38:50'),(125,3,'Bergstrom LLC','2018-01-06 08:33:56','2018-03-02 23:12:49','Eos sed incidunt.','Adipisci similique.','Suscipit ex.','http://www.fadel.com/','tremblay.in','Quos et repellat quos excepturi cumque.','Nihil veniam sunt id magni et quibusdam.',0,1,0,87,0,'2018-04-04 07:38:50','2018-04-04 07:38:50'),(126,3,'Kulas Ltd','2017-12-31 01:32:00','2018-04-03 04:02:35','Labore quia ullam.','Hic id inventore.','Eius quasi error.','https://osinski.com/eius-aliquam-enim-omnis-adipisci-non.html','senger.com','Quo iste veniam quia velit et delectus aut.','Laudantium esse doloribus harum ut.',1,0,0,43,0,'2018-04-04 07:38:50','2018-04-04 07:38:50'),(127,6,'Dibbert, Satterfield and Frami','2018-01-02 02:35:52','2018-02-07 13:14:33','Eos officiis nisi.','Sunt repellat totam.','Aspernatur ut aut.','http://kunde.com/eligendi-debitis-ut-quis-ab','nader.com','Ad et et amet voluptas distinctio sequi.','Vitae molestiae odit tempore eum.',0,0,1,23,1,'2018-04-04 07:38:50','2018-04-04 07:38:50'),(128,5,'Brekke, Heidenreich and Lubowitz','2018-01-14 14:17:56','2018-02-21 21:27:41','Voluptatem maiores.','Rem molestiae porro.','Qui totam ab sit.','http://www.mertz.in/ipsam-ut-illum-deserunt-voluptatibus.html','towne.in','Sed quisquam ut natus occaecati ullam.','Aut quo voluptatum mollitia necessitatibus sed.',1,0,0,68,0,'2018-04-04 07:38:50','2018-04-04 07:38:50'),(129,2,'Botsford-Sipes','2017-12-02 17:13:09','2018-03-13 07:15:08','Sit corporis ipsum.','Perferendis fugiat.','Dolor explicabo.','http://pacocha.ac.in/id-repellendus-quos-est-molestiae-recusandae-nihil-facere','stracke.co.in','Dignissimos beatae aut alias iste.','Nemo qui error sit aut. Esse molestiae sed enim.',0,1,1,69,1,'2018-04-04 07:38:50','2018-04-04 07:38:50'),(130,10,'Wunsch and Sons','2017-12-17 11:32:13','2018-03-09 01:39:24','Et laborum harum.','Aut ipsam quia qui.','Est dolor officia.','http://www.bosco.ac.in/molestiae-culpa-qui-itaque.html','wilderman.net','Assumenda nulla et delectus amet.','Veritatis atque eum deserunt quo distinctio.',0,1,0,68,0,'2018-04-04 07:38:50','2018-04-04 07:38:50'),(131,2,'D\'Amore PLC','2017-12-10 23:49:48','2018-02-17 13:05:27','Ullam nostrum.','Molestiae et.','Autem in ut dolores.','https://www.gerhold.in/non-quos-quas-quidem-molestiae-aut-enim-minus-molestiae','nienow.ac.in','Quidem labore cum facilis quisquam.','Occaecati optio et ea.',1,1,0,59,0,'2018-04-04 07:38:50','2018-04-04 07:38:50'),(132,3,'Graham, Harvey and Mann','2018-01-25 10:13:41','2018-02-19 03:33:26','Sunt eum quidem nam.','Minus laudantium.','Nulla soluta.','http://www.huels.com/aut-nostrum-culpa-veritatis-sed-rerum','nader.com','Veniam consequatur dolorem architecto.','Adipisci earum consequatur ullam eum quos.',1,1,0,44,0,'2018-04-04 07:38:50','2018-04-04 07:38:50'),(133,8,'Stroman-Rempel','2018-01-07 21:21:54','2018-03-05 14:39:21','Aut temporibus qui.','Nesciunt deserunt.','Nulla debitis.','http://gutkowski.org/corporis-libero-rerum-sequi-id-est-velit','schmidt.in','Rerum cumque autem sunt vitae.','Atque voluptas qui nisi quaerat.',1,0,0,49,0,'2018-04-04 07:38:50','2018-04-04 07:38:50'),(134,5,'Wisozk-Macejkovic','2017-10-28 08:01:44','2018-03-10 22:22:51','Est atque autem at.','Sed occaecati optio.','Vel a et quaerat.','http://bernier.in/modi-hic-excepturi-distinctio-vel-ut-officia','funk.com','Ut pariatur sunt et atque maiores.','Consectetur necessitatibus qui id sapiente.',0,0,1,49,0,'2018-04-04 07:38:50','2018-04-04 07:38:50'),(135,5,'Christiansen Inc','2017-12-23 16:31:09','2018-02-09 16:57:22','Sapiente et qui.','Quisquam non aut.','Laborum ut laborum.','https://www.boyer.in/est-rerum-aspernatur-minus-iure-dolore-non','renner.com','Voluptas deserunt et accusamus eos mollitia.','Tempore incidunt suscipit veniam ut laborum.',1,0,0,89,0,'2018-04-04 07:38:50','2018-04-04 07:38:50'),(136,10,'Skiles and Sons','2017-10-14 13:16:10','2018-02-25 20:15:16','Aperiam aut et vel.','Maxime vero sint.','Voluptas temporibus.','http://www.jacobs.com/harum-exercitationem-similique-numquam-sint-sunt-voluptatum-eos-occaecati.html','padberg.in','Illum ut veniam sit nobis voluptates fugit.','Magnam quasi quis voluptatem repudiandae.',0,1,0,34,1,'2018-04-04 07:38:50','2018-04-04 07:38:50'),(137,5,'Daugherty-Von','2018-01-01 22:58:34','2018-03-24 18:11:00','Hic vel magni.','Et dolore et quasi.','Aut cumque nemo.','http://www.koss.com/aut-corporis-id-dicta-dolor-in.html','nikolaus.com','Dolores ab culpa sequi.','Quis ipsam unde reiciendis.',0,1,0,17,1,'2018-04-04 07:38:50','2018-04-04 07:38:50'),(138,3,'Gusikowski and Sons','2017-10-23 16:11:18','2018-02-28 06:09:54','Aut magnam quis est.','Natus et in.','Consequatur sequi.','https://skiles.in/voluptatum-voluptas-dolorem-ab-enim-iure-cum.html','schoen.in','Nulla enim deserunt dicta alias aut omnis.','Quidem molestiae odio dolorem in omnis.',1,0,1,49,0,'2018-04-04 07:38:50','2018-04-04 07:38:50'),(139,3,'Kulas LLC','2017-10-23 14:38:17','2018-03-25 13:17:41','Numquam distinctio.','Aperiam esse.','Hic magni ad ut.','http://www.gerhold.org/','hansen.ac.in','Error qui praesentium sequi eos eaque.','Consequatur accusantium odit odio.',1,1,0,61,0,'2018-04-04 07:38:50','2018-04-04 07:38:50'),(140,1,'Leffler, Fadel and Weber','2017-10-18 08:01:52','2018-02-23 22:15:50','Nulla eius quidem.','Eveniet.','Qui non ea a.','https://www.klocko.com/itaque-explicabo-id-odio-aut-et-sint-tempora','nader.com','Corporis rerum omnis quae rerum alias itaque.','In tempora consequuntur facere commodi dolorem.',0,1,1,11,1,'2018-04-04 07:38:50','2018-04-04 07:38:50'),(141,1,'Adams-Koch','2017-11-08 10:29:09','2018-03-06 14:58:25','Tempore nihil nihil.','Sequi iure quas.','Deserunt veritatis.','http://www.bailey.com/sunt-saepe-illo-dolore-facilis.html','moen.in','Debitis autem et sint est quam.','Corrupti et assumenda distinctio ab.',0,1,1,64,1,'2018-04-04 07:38:50','2018-04-04 07:38:50'),(142,1,'Paucek-Runolfsdottir','2017-12-13 11:17:34','2018-03-12 00:09:00','Ut sed id ullam.','Dolorum eos.','Aut rerum.','http://www.roob.net/ut-velit-harum-amet','mante.in','Id deserunt velit qui qui.','Velit nemo et pariatur nihil inventore aliquid.',1,1,1,36,1,'2018-04-04 07:38:50','2018-04-04 07:38:50'),(143,2,'Ondricka-Beer','2017-11-11 05:41:43','2018-02-14 01:56:24','Veniam voluptatem.','Tenetur doloribus.','Maxime quidem atque.','http://www.schumm.co.in/','ernser.com','Doloremque iusto animi nisi non maiores nulla.','Occaecati non eius nam quasi.',1,0,1,88,1,'2018-04-04 07:38:50','2018-04-04 07:38:50'),(144,8,'Cassin Group','2017-10-17 20:46:13','2018-03-12 02:15:40','Tenetur excepturi.','Iure deserunt sit.','Facilis eius amet.','http://www.block.co.in/corporis-iste-a-sit-ut-omnis.html','ferry.ac.in','Odit eveniet et tempore rem qui sint ut est.','Consectetur non illo velit.',0,0,0,11,1,'2018-04-04 07:38:50','2018-04-04 07:38:50'),(145,7,'Kuhic-Willms','2017-11-21 06:21:31','2018-03-04 06:12:51','Quis odit fugiat.','Quas a animi.','Necessitatibus quod.','https://www.medhurst.org/nostrum-animi-aut-non-nam-architecto-sit-eveniet','lehner.in','Voluptas velit saepe esse et laudantium.','Autem aut provident mollitia.',0,0,1,61,1,'2018-04-04 07:38:51','2018-04-04 07:38:51'),(146,6,'Corwin LLC','2017-10-21 16:03:04','2018-02-26 00:34:00','Quis id et et aut.','Ipsum quis impedit.','Corrupti provident.','http://maggio.ac.in/voluptatem-quibusdam-sit-repellendus-eos','ernser.co.in','Dolor ut qui id facilis quia.','Eum impedit maxime enim.',0,0,1,12,0,'2018-04-04 07:38:51','2018-04-04 07:38:51'),(147,8,'Klein, Kutch and Armstrong','2018-01-02 12:47:07','2018-02-09 17:00:47','Exercitationem sunt.','Aut ipsum enim aut.','Unde delectus aut.','http://www.rolfson.in/nemo-rem-ratione-blanditiis-aut-praesentium-tenetur-qui','reinger.ac.in','Non doloremque quia tenetur nihil voluptatibus.','Facere repellendus iusto non facilis.',0,0,0,33,0,'2018-04-04 07:38:51','2018-04-04 07:38:51'),(148,8,'Spinka, Schuppe and Skiles','2017-11-01 03:24:02','2018-03-27 00:25:56','Incidunt et.','Porro officia sit.','Minus aut magni.','http://www.herzog.in/eum-natus-atque-laudantium-omnis-quo-sed-maiores-voluptatum.html','haley.com','Beatae voluptate eaque aut tempora.','Consequatur sed ratione vero qui dolore esse.',0,0,0,20,0,'2018-04-04 07:38:51','2018-04-04 07:38:51'),(149,8,'Glover and Sons','2017-12-28 14:31:19','2018-02-14 12:59:25','Eius eos sunt et.','Vitae tenetur quia.','Necessitatibus.','http://www.toy.com/','stiedemann.ac.in','Eos totam alias fugit et delectus.','Adipisci repellendus sed id sit est.',0,0,1,50,0,'2018-04-04 07:38:51','2018-04-04 07:38:51'),(150,8,'Kuvalis-Doyle','2017-12-17 21:58:13','2018-03-21 00:19:38','Ipsa eos est.','Eos velit et non.','Reiciendis cumque.','http://www.will.in/et-odit-recusandae-atque-velit-alias','reichert.in','Doloribus expedita est vel cumque aut non.','Molestiae quisquam tenetur sunt eius.',0,0,0,9,1,'2018-04-04 07:38:51','2018-04-04 07:38:51');
/*!40000 ALTER TABLE `events` ENABLE KEYS */;
UNLOCK TABLES;

--
-- Table structure for table `members`
--

DROP TABLE IF EXISTS `members`;
/*!40101 SET @saved_cs_client     = @@character_set_client */;
/*!40101 SET character_set_client = utf8 */;
CREATE TABLE `members` (
  `user_id` int(10) unsigned NOT NULL,
  `event_id` int(10) unsigned NOT NULL,
  `member_is_active` tinyint(1) NOT NULL,
  `created_at` timestamp NULL DEFAULT NULL,
  `updated_at` timestamp NULL DEFAULT NULL,
  PRIMARY KEY (`user_id`,`event_id`),
  KEY `members_event_id_foreign` (`event_id`),
  CONSTRAINT `members_event_id_foreign` FOREIGN KEY (`event_id`) REFERENCES `events` (`event_id`) ON DELETE CASCADE,
  CONSTRAINT `members_user_id_foreign` FOREIGN KEY (`user_id`) REFERENCES `users` (`user_id`) ON DELETE CASCADE
) ENGINE=InnoDB DEFAULT CHARSET=utf8mb4 COLLATE=utf8mb4_unicode_ci;
/*!40101 SET character_set_client = @saved_cs_client */;

--
-- Dumping data for table `members`
--

LOCK TABLES `members` WRITE;
/*!40000 ALTER TABLE `members` DISABLE KEYS */;
INSERT INTO `members` VALUES (9,119,1,'2018-04-04 14:22:36','2018-04-04 14:22:36'),(11,7,1,'2018-04-04 14:22:38','2018-04-04 14:22:38'),(11,81,1,'2018-04-04 14:22:37','2018-04-04 14:22:37'),(16,124,1,'2018-04-04 14:22:37','2018-04-04 14:22:37'),(16,146,1,'2018-04-04 14:22:37','2018-04-04 14:22:37'),(18,31,1,'2018-04-04 14:22:37','2018-04-04 14:22:37'),(19,61,0,'2018-04-04 14:22:37','2018-04-04 14:22:37'),(20,49,0,'2018-04-04 14:22:37','2018-04-04 14:22:37'),(23,54,0,'2018-04-04 14:22:37','2018-04-04 14:22:37'),(23,100,1,'2018-04-04 14:22:37','2018-04-04 14:22:37'),(23,126,0,'2018-04-04 14:22:38','2018-04-04 14:22:38'),(24,34,0,'2018-04-04 14:22:37','2018-04-04 14:22:37'),(25,75,1,'2018-04-04 14:22:37','2018-04-04 14:22:37'),(28,28,1,'2018-04-04 14:22:37','2018-04-04 14:22:37'),(28,113,0,'2018-04-04 14:22:38','2018-04-04 14:22:38'),(28,150,0,'2018-04-04 14:22:38','2018-04-04 14:22:38'),(31,69,1,'2018-04-04 14:22:37','2018-04-04 14:22:37'),(33,63,0,'2018-04-04 14:22:38','2018-04-04 14:22:38'),(33,82,0,'2018-04-04 14:22:37','2018-04-04 14:22:37'),(34,53,1,'2018-04-04 14:22:38','2018-04-04 14:22:38'),(36,10,1,'2018-04-04 14:22:38','2018-04-04 14:22:38'),(38,7,0,'2018-04-04 14:22:37','2018-04-04 14:22:37'),(38,136,0,'2018-04-04 14:22:38','2018-04-04 14:22:38'),(39,33,0,'2018-04-04 14:22:36','2018-04-04 14:22:36'),(39,120,1,'2018-04-04 14:22:37','2018-04-04 14:22:37'),(43,144,0,'2018-04-04 14:22:37','2018-04-04 14:22:37'),(46,55,0,'2018-04-04 14:22:37','2018-04-04 14:22:37'),(46,70,0,'2018-04-04 14:22:38','2018-04-04 14:22:38'),(51,20,1,'2018-04-04 14:22:37','2018-04-04 14:22:37'),(51,23,1,'2018-04-04 14:22:37','2018-04-04 14:22:37'),(51,144,0,'2018-04-04 14:22:38','2018-04-04 14:22:38'),(53,95,0,'2018-04-04 14:22:38','2018-04-04 14:22:38'),(54,67,1,'2018-04-04 14:22:37','2018-04-04 14:22:37'),(56,2,1,'2018-04-04 14:22:37','2018-04-04 14:22:37'),(56,62,0,'2018-04-04 14:22:38','2018-04-04 14:22:38'),(56,139,1,'2018-04-04 14:22:37','2018-04-04 14:22:37'),(59,28,0,'2018-04-04 14:22:36','2018-04-04 14:22:36'),(64,143,1,'2018-04-04 14:22:37','2018-04-04 14:22:37'),(68,32,1,'2018-04-04 14:22:38','2018-04-04 14:22:38'),(68,115,1,'2018-04-04 14:22:38','2018-04-04 14:22:38'),(70,6,1,'2018-04-04 14:22:38','2018-04-04 14:22:38'),(70,108,0,'2018-04-04 14:22:38','2018-04-04 14:22:38'),(77,8,0,'2018-04-04 14:22:38','2018-04-04 14:22:38'),(86,115,0,'2018-04-04 14:22:38','2018-04-04 14:22:38'),(88,89,0,'2018-04-04 14:22:37','2018-04-04 14:22:37'),(89,103,0,'2018-04-04 14:22:37','2018-04-04 14:22:37'),(91,5,0,'2018-04-04 14:22:37','2018-04-04 14:22:37'),(91,40,1,'2018-04-04 14:22:36','2018-04-04 14:22:36'),(92,96,1,'2018-04-04 14:22:38','2018-04-04 14:22:38'),(92,110,1,'2018-04-04 14:22:36','2018-04-04 14:22:36');
/*!40000 ALTER TABLE `members` ENABLE KEYS */;
UNLOCK TABLES;

--
-- Table structure for table `migrations`
--

DROP TABLE IF EXISTS `migrations`;
/*!40101 SET @saved_cs_client     = @@character_set_client */;
/*!40101 SET character_set_client = utf8 */;
CREATE TABLE `migrations` (
  `id` int(10) unsigned NOT NULL AUTO_INCREMENT,
  `migration` varchar(255) COLLATE utf8mb4_unicode_ci NOT NULL,
  `batch` int(11) NOT NULL,
  PRIMARY KEY (`id`)
) ENGINE=InnoDB AUTO_INCREMENT=13 DEFAULT CHARSET=utf8mb4 COLLATE=utf8mb4_unicode_ci;
/*!40101 SET character_set_client = @saved_cs_client */;

--
-- Dumping data for table `migrations`
--

LOCK TABLES `migrations` WRITE;
/*!40000 ALTER TABLE `migrations` DISABLE KEYS */;
INSERT INTO `migrations` VALUES (1,'2018_04_02_092937_create_user_types_table',1),(2,'2018_04_02_093722_create_users_table',1),(3,'2018_04_02_095815_create_user_authentications_table',1),(4,'2018_04_02_101253_create_event_types_table',1),(5,'2018_04_02_101501_create_events_table',1),(6,'2018_04_02_104137_create_sub_events_table',1),(7,'2018_04_02_133453_create_ticket_descriptions_table',1),(8,'2018_04_02_141929_create_bookings_table',1),(9,'2018_04_02_143136_create_announcements_table',1),(10,'2018_04_02_143454_create_members_table',1),(11,'2018_04_02_143822_create_task_tags_table',1),(12,'2018_04_02_144145_create_tasks_table',1);
/*!40000 ALTER TABLE `migrations` ENABLE KEYS */;
UNLOCK TABLES;

--
-- Table structure for table `sub_events`
--

DROP TABLE IF EXISTS `sub_events`;
/*!40101 SET @saved_cs_client     = @@character_set_client */;
/*!40101 SET character_set_client = utf8 */;
CREATE TABLE `sub_events` (
  `sub_id` int(10) unsigned NOT NULL AUTO_INCREMENT,
  `sub_event_id` int(11) NOT NULL,
  `event_id` int(10) unsigned NOT NULL,
  `sub_event_name` varchar(50) COLLATE utf8mb4_unicode_ci NOT NULL,
  `sub_event_start_time` datetime NOT NULL,
  `sub_event_end_time` datetime NOT NULL,
  `sub_event_venue` varchar(40) COLLATE utf8mb4_unicode_ci NOT NULL,
  `sub_event_thumbnail_photo` text COLLATE utf8mb4_unicode_ci NOT NULL,
  `sub_event_banner_photo` text COLLATE utf8mb4_unicode_ci NOT NULL,
  `sub_event_security_option` int(11) NOT NULL,
  `sub_event_is_active` tinyint(1) NOT NULL,
  `created_at` timestamp NULL DEFAULT NULL,
  `updated_at` timestamp NULL DEFAULT NULL,
  PRIMARY KEY (`sub_id`),
  UNIQUE KEY `sub_events_sub_event_id_event_id_unique` (`sub_event_id`,`event_id`),
  KEY `sub_events_event_id_foreign` (`event_id`),
  CONSTRAINT `sub_events_event_id_foreign` FOREIGN KEY (`event_id`) REFERENCES `events` (`event_id`) ON DELETE CASCADE
) ENGINE=InnoDB AUTO_INCREMENT=301 DEFAULT CHARSET=utf8mb4 COLLATE=utf8mb4_unicode_ci;
/*!40101 SET character_set_client = @saved_cs_client */;

--
-- Dumping data for table `sub_events`
--

LOCK TABLES `sub_events` WRITE;
/*!40000 ALTER TABLE `sub_events` DISABLE KEYS */;
INSERT INTO `sub_events` VALUES (1,0,42,'Reiciendis.','2018-01-05 22:58:03','2018-03-25 23:00:28','Excepturi incidunt.','Tempora laborum nulla hic sit ut quas.','Cum velit ea fuga delectus culpa.',1,0,'2018-04-04 08:39:28','2018-04-04 08:39:28'),(2,0,81,'Voluptas.','2017-12-28 12:09:23','2018-03-08 09:02:10','Quasi voluptatum.','Assumenda ut totam ea ut.','Debitis veritatis et et rem ea.',0,1,'2018-04-04 08:39:28','2018-04-04 08:39:28'),(3,0,138,'Aut ut eligendi vel.','2017-12-14 18:51:34','2018-02-11 08:25:33','Rem aperiam.','Rem laudantium eligendi dolore vel omnis animi.','Sunt ipsum eius qui est cum.',1,0,'2018-04-04 08:39:28','2018-04-04 08:39:28'),(4,0,147,'Excepturi atque qui.','2017-10-26 04:33:05','2018-03-31 13:45:04','Doloribus molestias.','Itaque iusto quia aut mollitia.','Voluptas quidem veritatis est aliquid sit.',0,1,'2018-04-04 08:39:28','2018-04-04 08:39:28'),(5,0,144,'Laborum id velit.','2018-01-01 00:23:03','2018-02-05 14:38:22','Maxime enim et.','Dolorem sed atque magni quisquam.','Consequatur ut at explicabo.',1,0,'2018-04-04 08:39:29','2018-04-04 08:39:29'),(6,0,68,'Quo pariatur minima.','2018-01-29 00:18:53','2018-03-23 19:40:37','Vitae delectus.','Aliquid qui necessitatibus maiores rerum.','Quo earum nisi officia amet totam quo.',0,1,'2018-04-04 08:39:29','2018-04-04 08:39:29'),(7,0,123,'Quod inventore.','2017-11-19 14:14:41','2018-03-23 08:50:22','Aspernatur.','Et dolor minima quis doloremque.','Nisi voluptas ut reprehenderit et.',0,1,'2018-04-04 08:39:29','2018-04-04 08:39:29'),(8,0,77,'Alias consequatur.','2018-01-07 14:15:29','2018-02-08 20:25:19','Repellendus sunt.','Et iste maiores odio omnis.','Odio iusto amet porro ea accusantium.',1,1,'2018-04-04 08:39:29','2018-04-04 08:39:29'),(9,0,71,'Mollitia quia quia.','2018-02-02 14:38:04','2018-03-03 10:16:50','Molestias autem.','Dolorum unde id sit eaque.','Rerum officia qui ullam accusantium saepe quia.',0,0,'2018-04-04 08:39:29','2018-04-04 08:39:29'),(10,0,117,'Iure repellat iste.','2018-01-11 17:51:14','2018-02-05 23:25:46','Voluptas cupiditate.','Debitis commodi culpa tempora voluptatum impedit.','Et magnam facere aperiam dolores.',1,0,'2018-04-04 08:39:29','2018-04-04 08:39:29'),(11,0,17,'Tempora earum.','2017-10-19 19:48:32','2018-02-14 13:50:28','Totam quaerat sint.','Enim vero in iure assumenda quos facilis.','Necessitatibus sed quidem ea laborum et.',0,0,'2018-04-04 08:39:29','2018-04-04 08:39:29'),(12,0,28,'Cum nostrum.','2017-10-31 13:08:00','2018-02-17 05:45:27','Aliquam cumque.','Dolorem mollitia tempora a explicabo.','Sed placeat ratione est ut rerum voluptas dolor.',1,0,'2018-04-04 08:39:29','2018-04-04 08:39:29'),(13,0,137,'Aliquid.','2018-01-09 23:53:46','2018-03-28 10:44:59','Voluptas deserunt.','Aut id quasi aut et natus hic quia.','Ad molestiae consequatur reiciendis.',0,0,'2018-04-04 08:39:29','2018-04-04 08:39:29'),(14,0,107,'Aut cupiditate.','2017-11-06 22:33:55','2018-02-19 01:30:30','Et itaque eius sint.','Nisi eos et omnis rerum eos quam.','Et provident quae molestiae officia repudiandae.',0,0,'2018-04-04 08:39:29','2018-04-04 08:39:29'),(15,0,110,'Dolorem aut et et.','2017-11-24 03:48:55','2018-02-16 03:01:25','Pariatur ut.','Nihil quae dolor iure blanditiis quasi illum aut.','Optio sequi sit cumque.',0,0,'2018-04-04 08:39:29','2018-04-04 08:39:29'),(16,0,15,'Repellat.','2018-01-19 11:28:05','2018-02-07 01:00:09','Sint ad est et sit.','Laudantium dolores eveniet provident.','Aut voluptatibus dolor ex nam velit dolor.',1,0,'2018-04-04 08:39:29','2018-04-04 08:39:29'),(17,0,8,'Quia repellendus.','2017-11-05 10:38:48','2018-03-03 15:15:43','Aut optio vero.','Rem et non maxime id.','Laboriosam ut laboriosam totam eum.',1,0,'2018-04-04 08:39:29','2018-04-04 08:39:29'),(18,0,16,'Consequatur.','2017-12-31 08:47:52','2018-04-01 00:16:18','Aut nobis qui est.','Velit delectus culpa quis.','Est illo autem aut qui.',1,1,'2018-04-04 08:39:29','2018-04-04 08:39:29'),(19,0,120,'Voluptates.','2017-12-03 19:57:02','2018-02-08 11:16:15','Autem est provident.','Reprehenderit sunt ipsa necessitatibus ut.','Voluptatem molestiae sit beatae.',1,0,'2018-04-04 08:39:29','2018-04-04 08:39:29'),(20,0,91,'Est quia molestiae.','2017-12-05 16:32:20','2018-03-05 21:59:33','Mollitia error iure.','Quasi inventore explicabo consectetur molestiae.','Ad officia ut laudantium eaque.',0,0,'2018-04-04 08:39:29','2018-04-04 08:39:29'),(21,0,19,'Aut eum qui magni.','2018-01-14 12:41:17','2018-02-20 15:01:02','Dolorem atque nobis.','Sunt unde sed et aut inventore.','Laborum doloribus qui et aspernatur.',1,0,'2018-04-04 08:39:29','2018-04-04 08:39:29'),(22,0,39,'Quis vel recusandae.','2017-11-09 23:12:52','2018-02-19 10:28:53','Pariatur ipsa.','Expedita natus quas iure.','Eligendi minus aut quo eveniet.',0,0,'2018-04-04 08:39:29','2018-04-04 08:39:29'),(23,0,6,'Quas aperiam.','2018-01-28 23:51:35','2018-03-09 23:05:41','Autem magnam.','Explicabo rerum ut delectus aspernatur.','Quibusdam adipisci eaque totam et.',1,1,'2018-04-04 08:39:29','2018-04-04 08:39:29'),(24,0,94,'Saepe quos est ut.','2017-12-08 21:54:55','2018-03-10 03:19:11','Qui necessitatibus.','Beatae quas expedita perspiciatis.','In nobis facilis quos eius perspiciatis.',1,1,'2018-04-04 08:39:29','2018-04-04 08:39:29'),(25,0,129,'Est repudiandae.','2017-11-17 23:15:32','2018-02-23 12:01:41','Dolore praesentium.','Cum at eum qui qui ducimus.','Omnis cumque dolorem et ut.',0,1,'2018-04-04 08:39:29','2018-04-04 08:39:29'),(26,0,67,'Praesentium quos id.','2017-12-13 21:50:35','2018-03-25 16:24:41','Voluptatum et sit.','Et omnis quaerat similique fuga et.','Voluptatem impedit nihil voluptas et ea quia.',1,1,'2018-04-04 08:39:29','2018-04-04 08:39:29'),(27,0,45,'Reprehenderit.','2017-11-14 00:10:06','2018-03-03 04:14:22','Harum earum.','Eum est eveniet autem ipsa earum qui ipsa rerum.','Et molestias est sit accusantium.',0,0,'2018-04-04 08:39:29','2018-04-04 08:39:29'),(28,0,53,'Provident fuga quis.','2018-01-21 10:14:41','2018-03-19 07:08:40','Dolore placeat est.','Amet natus et dolorem debitis ut illo non.','Alias est iste itaque ipsum quia dolor.',0,0,'2018-04-04 08:39:29','2018-04-04 08:39:29'),(29,0,146,'Ducimus ut eaque et.','2018-01-24 08:21:07','2018-03-04 11:02:26','Mollitia asperiores.','Similique fugit ut et cupiditate sit.','Sed dolorum molestias sit eos temporibus officia.',0,1,'2018-04-04 08:39:29','2018-04-04 08:39:29'),(30,0,85,'Occaecati aliquid.','2017-10-20 21:56:19','2018-03-16 15:09:27','Sed cum et id.','Qui voluptatibus quia accusantium omnis.','Ipsum blanditiis est aliquid odit.',1,0,'2018-04-04 08:39:29','2018-04-04 08:39:29'),(31,0,3,'Quidem omnis nemo.','2017-10-16 18:26:47','2018-02-11 11:36:13','Qui quae.','Voluptatem beatae et qui voluptatem id.','At provident soluta est quidem facilis enim.',1,0,'2018-04-04 08:39:29','2018-04-04 08:39:29'),(32,0,149,'Et reprehenderit.','2018-01-22 16:44:22','2018-02-24 12:12:59','Incidunt accusamus.','Voluptatem excepturi et iusto quia.','Quibusdam officia doloremque ex voluptatem totam.',1,0,'2018-04-04 08:39:29','2018-04-04 08:39:29'),(33,0,20,'Velit animi.','2017-12-26 23:38:08','2018-03-29 12:14:01','Ex voluptatibus.','Ratione harum est neque quasi laborum.','Ut ipsa quia at porro iure quos explicabo.',0,1,'2018-04-04 08:39:29','2018-04-04 08:39:29'),(34,0,70,'Repellat nam fugit.','2017-11-09 07:35:08','2018-03-27 11:25:32','Ut nihil temporibus.','Corrupti eius ut amet distinctio dolorem.','Possimus enim qui eius fugit modi.',1,0,'2018-04-04 08:39:29','2018-04-04 08:39:29'),(35,0,83,'Occaecati quis eum.','2017-11-17 15:08:12','2018-03-09 14:01:17','Sint ad beatae.','Ut ea labore rem sed eos et.','Porro sint voluptatem corrupti repellendus.',1,0,'2018-04-04 08:39:30','2018-04-04 08:39:30'),(36,0,99,'Voluptas fugiat.','2017-10-08 05:32:14','2018-03-10 17:10:05','At dolore facere.','Enim est inventore neque quo.','A voluptates et dolor repellat.',1,0,'2018-04-04 08:39:30','2018-04-04 08:39:30'),(37,0,116,'Quo nemo pariatur.','2017-12-02 20:52:44','2018-03-18 05:58:40','Nostrum repudiandae.','Molestiae quia eligendi eos eos sit et officiis.','Repellat veritatis magnam esse.',1,1,'2018-04-04 08:39:30','2018-04-04 08:39:30'),(38,0,59,'Occaecati.','2017-12-08 10:02:46','2018-02-17 12:14:15','Consequuntur.','Sint explicabo distinctio quibusdam ea.','Sapiente id quo at dolorem deserunt quidem aut.',0,0,'2018-04-04 08:39:30','2018-04-04 08:39:30'),(39,0,69,'Eveniet repudiandae.','2017-12-06 05:51:05','2018-03-23 05:59:43','Porro sapiente.','Enim sit quas nemo illo.','Voluptatibus est in sit qui et recusandae et.',1,1,'2018-04-04 08:39:30','2018-04-04 08:39:30'),(40,0,32,'Laudantium vero.','2018-01-23 23:22:36','2018-04-04 12:50:18','Veritatis sed in.','Officia ex sit tempora quaerat.','Error aut et et reprehenderit neque.',1,0,'2018-04-04 08:39:30','2018-04-04 08:39:30'),(41,0,82,'Id odio facilis quo.','2017-11-02 13:13:27','2018-03-20 09:54:46','Non dolor ut.','Qui quisquam eos sed.','Enim corrupti eos possimus tempore dignissimos.',0,0,'2018-04-04 08:39:30','2018-04-04 08:39:30'),(42,0,10,'Ut rerum illo odio.','2017-12-09 17:51:46','2018-04-02 11:29:24','Est iure voluptas.','Quas sunt aut ut.','Sint omnis atque totam dolorum.',1,1,'2018-04-04 08:39:30','2018-04-04 08:39:30'),(43,0,33,'Nemo repellat quia.','2017-11-25 22:40:48','2018-02-08 11:15:28','Laboriosam.','Rerum officia quis reprehenderit.','Rerum qui hic ullam.',1,0,'2018-04-04 08:39:30','2018-04-04 08:39:30'),(44,0,38,'Nihil pariatur.','2018-01-11 15:31:52','2018-02-20 16:06:25','Laudantium sunt.','Labore nam sapiente dolores ea nostrum.','Fugit non illo numquam.',1,1,'2018-04-04 08:39:30','2018-04-04 08:39:30'),(45,0,148,'Quod cupiditate.','2017-12-05 10:45:13','2018-02-15 05:22:23','Adipisci ea qui.','Dicta non sequi rerum sequi numquam nihil in.','Animi quo alias natus quis velit.',0,1,'2018-04-04 08:39:30','2018-04-04 08:39:30'),(46,0,98,'Numquam minus et.','2017-11-10 08:24:07','2018-03-12 01:11:59','Autem non.','Et officia numquam laudantium in omnis ut.','In praesentium eligendi et et odit.',1,1,'2018-04-04 08:39:30','2018-04-04 08:39:30'),(47,0,22,'Rerum voluptatem ut.','2017-10-27 15:32:08','2018-03-10 06:35:41','Quae ad qui at.','Delectus nemo labore id nihil perspiciatis velit.','Tempore voluptatem porro facere est iste vel.',0,0,'2018-04-04 08:39:30','2018-04-04 08:39:30'),(48,0,9,'Ut sed blanditiis.','2017-11-01 02:30:39','2018-02-10 05:28:50','Aut atque ut harum.','Mollitia deserunt esse occaecati quasi aliquam.','In maiores est expedita molestiae.',0,1,'2018-04-04 08:39:30','2018-04-04 08:39:30'),(49,0,79,'Est repudiandae.','2017-12-28 04:54:46','2018-02-27 21:43:58','Labore rem.','Quidem nesciunt veniam ea.','Sunt numquam nisi nobis.',0,1,'2018-04-04 08:39:30','2018-04-04 08:39:30'),(50,0,48,'Nesciunt expedita.','2018-01-04 19:23:05','2018-03-03 18:05:18','Voluptas.','Asperiores nobis alias id sed.','Aut necessitatibus ut ullam in omnis nihil non.',0,0,'2018-04-04 08:39:30','2018-04-04 08:39:30'),(51,0,12,'Tempore ab enim.','2017-11-24 20:32:28','2018-03-09 13:57:29','Totam beatae animi.','Odit hic veniam fuga nulla earum et ut.','Quibusdam explicabo consequatur dolorem dolores.',0,0,'2018-04-04 08:39:30','2018-04-04 08:39:30'),(52,0,106,'Et repellat.','2017-11-05 18:58:05','2018-03-30 04:15:46','In optio cumque ad.','Nisi delectus est qui non aut sint omnis fugiat.','Voluptas inventore doloribus dicta repudiandae.',1,0,'2018-04-04 08:39:30','2018-04-04 08:39:30'),(53,0,131,'Non optio autem.','2018-01-06 14:36:11','2018-04-02 15:37:20','Non illo laudantium.','Perferendis quia fuga culpa ea labore minus est.','Et rerum omnis itaque est.',1,1,'2018-04-04 08:39:30','2018-04-04 08:39:30'),(54,0,145,'Et nobis laudantium.','2017-12-10 09:19:41','2018-02-08 22:49:52','Omnis iste eos.','Eos neque excepturi et illo.','Veniam officia enim sit est dignissimos.',0,0,'2018-04-04 08:39:30','2018-04-04 08:39:30'),(55,0,142,'Repudiandae tempore.','2018-01-26 21:18:10','2018-03-26 19:37:50','Facilis facere.','Incidunt sapiente ipsa cupiditate ab rerum nobis.','Dolorem nobis esse deleniti esse quod.',1,0,'2018-04-04 08:39:30','2018-04-04 08:39:30'),(56,0,57,'Odio dolorem.','2018-01-16 12:44:55','2018-02-06 13:57:46','Praesentium ab.','Nesciunt cumque quaerat et recusandae facilis.','Ullam eum quo itaque blanditiis rerum.',1,0,'2018-04-04 08:39:30','2018-04-04 08:39:30'),(57,0,54,'Sit sequi.','2017-12-16 18:33:54','2018-03-09 08:21:25','Quia sunt ipsum ab.','Repellat quam quae expedita harum aut nemo.','At voluptatem harum iusto eum dicta dolorum.',0,0,'2018-04-04 08:39:30','2018-04-04 08:39:30'),(58,0,50,'Nesciunt.','2017-11-05 15:22:36','2018-02-20 04:43:06','At pariatur eveniet.','Officiis quo nulla nobis iste quo autem qui.','Facilis nam reprehenderit minus.',1,1,'2018-04-04 08:39:30','2018-04-04 08:39:30'),(59,0,101,'Incidunt inventore.','2017-12-04 23:29:38','2018-03-21 13:44:58','Aut possimus ut.','Quis iure ad hic corrupti.','Qui in rem dolor odio.',1,1,'2018-04-04 08:39:30','2018-04-04 08:39:30'),(60,0,103,'Qui hic molestias.','2017-12-28 17:19:23','2018-02-25 15:33:43','Rem nemo labore ut.','Quasi sed adipisci perferendis labore.','Rerum dolorum ab numquam perferendis.',0,0,'2018-04-04 08:39:30','2018-04-04 08:39:30'),(61,0,93,'Qui ullam.','2018-01-19 07:44:09','2018-03-24 02:45:34','Voluptatum.','Explicabo ad minima qui non.','Sit exercitationem adipisci est dolor.',1,0,'2018-04-04 08:39:31','2018-04-04 08:39:31'),(62,0,87,'Blanditiis delectus.','2017-12-27 00:32:01','2018-02-05 04:19:31','Et nihil voluptas.','Fuga nihil voluptas id aut.','Nobis commodi possimus molestiae.',0,0,'2018-04-04 08:39:31','2018-04-04 08:39:31'),(63,0,56,'Enim molestiae et.','2017-10-14 07:10:03','2018-02-18 00:59:02','Illo et sit.','Sed eligendi voluptates quia ullam.','Nam perferendis velit nisi est et consequuntur.',1,0,'2018-04-04 08:39:31','2018-04-04 08:39:31'),(64,0,21,'Deserunt nobis.','2017-11-10 03:09:05','2018-03-15 01:35:57','Ad saepe in ut quo.','Aperiam velit et ducimus ea.','Ex perferendis quia et porro optio minima non.',1,1,'2018-04-04 08:39:31','2018-04-04 08:39:31'),(65,0,90,'Soluta consequuntur.','2018-01-07 00:48:21','2018-03-08 19:04:25','Cupiditate illum.','Est non omnis rerum iste.','Enim id voluptatem nam animi.',1,1,'2018-04-04 08:39:31','2018-04-04 08:39:31'),(66,0,115,'Qui rem autem sit.','2017-12-30 18:03:05','2018-03-23 00:57:15','Eum dolor qui.','Occaecati tempora quo quia consequatur enim.','Ut iusto a quo aut.',0,0,'2018-04-04 08:39:31','2018-04-04 08:39:31'),(67,0,97,'Et sint eveniet.','2017-10-13 11:16:58','2018-03-22 18:47:04','Debitis impedit.','Harum in et repellendus fugit non harum.','Sed nulla est qui consequatur.',1,0,'2018-04-04 08:39:31','2018-04-04 08:39:31'),(68,0,92,'Error quod odio.','2018-01-08 13:01:29','2018-02-20 12:32:03','Rem non reiciendis.','Quam maxime tempore sit nemo corporis qui.','Non esse animi est.',1,0,'2018-04-04 08:39:31','2018-04-04 08:39:31'),(69,0,130,'Minus culpa.','2018-01-04 05:32:12','2018-03-11 14:56:49','Porro et aliquid.','Sit nostrum nobis sint cumque eum id.','Nulla consequatur velit sunt quasi.',0,0,'2018-04-04 08:39:31','2018-04-04 08:39:31'),(70,0,55,'Consectetur.','2018-01-13 16:46:20','2018-03-06 11:40:03','Dignissimos in quas.','Voluptas est et rem facere illo odit neque.','Quia qui impedit magnam id sit quis molestiae.',1,1,'2018-04-04 08:39:31','2018-04-04 08:39:31'),(71,0,52,'Doloremque eos cum.','2017-12-12 22:12:29','2018-03-07 04:55:47','Labore molestias.','Eos nisi sed dicta totam.','Hic non nisi in similique.',0,0,'2018-04-04 08:39:31','2018-04-04 08:39:31'),(72,0,41,'Officiis quas minus.','2017-11-29 22:39:29','2018-03-31 18:26:45','Quia odit quis.','Itaque et sed quo explicabo nihil.','Quae provident sit in neque id ipsam.',1,0,'2018-04-04 08:39:31','2018-04-04 08:39:31'),(73,0,141,'Inventore id.','2017-12-20 01:08:44','2018-03-29 10:41:35','Labore voluptas.','Eos rem pariatur distinctio autem.','Quae eaque accusamus illum natus.',1,1,'2018-04-04 08:39:31','2018-04-04 08:39:31'),(74,0,25,'Sunt ut aut.','2017-12-10 11:21:00','2018-02-28 03:06:52','Nemo est.','Et iure atque eum dolorem enim sed corporis.','Porro ut deleniti neque et.',0,1,'2018-04-04 08:39:31','2018-04-04 08:39:31'),(75,0,84,'Omnis rerum totam.','2018-01-07 10:11:42','2018-03-08 16:13:16','Consectetur.','Voluptatem consequuntur odio saepe dolores aut.','Sed quibusdam earum non deserunt odit ipsa.',1,0,'2018-04-04 08:39:31','2018-04-04 08:39:31'),(76,0,24,'Est unde et quis.','2017-12-05 15:59:12','2018-02-26 06:02:00','Architecto.','Occaecati est delectus nulla voluptatem commodi.','Dignissimos at libero rerum expedita.',1,0,'2018-04-04 08:39:31','2018-04-04 08:39:31'),(77,0,139,'Aut nostrum.','2017-12-18 03:21:56','2018-03-24 00:54:59','At aut aut fuga.','Culpa corrupti eaque similique.','Itaque qui illo in culpa.',1,0,'2018-04-04 08:39:31','2018-04-04 08:39:31'),(78,0,113,'Totam dolorem eum.','2018-01-18 00:47:45','2018-03-02 09:40:34','Suscipit officiis.','Dolorem ea corporis odio ipsam.','Voluptatem numquam quia veniam.',1,1,'2018-04-04 08:39:31','2018-04-04 08:39:31'),(79,0,108,'Eius inventore vel.','2018-01-08 08:23:08','2018-03-05 09:17:31','A aut qui aut sit.','Ullam aut veritatis omnis tenetur est.','Vero nulla ut eligendi atque quo.',1,1,'2018-04-04 08:39:31','2018-04-04 08:39:31'),(80,0,73,'Perferendis.','2018-01-04 11:14:05','2018-03-10 03:06:11','Voluptates velit.','Qui et accusamus ut.','Consequatur nulla aut incidunt.',1,0,'2018-04-04 08:39:31','2018-04-04 08:39:31'),(81,0,65,'Ipsum expedita ea.','2017-12-20 17:29:55','2018-04-04 09:10:51','Deleniti modi.','Sapiente similique alias nesciunt accusamus et.','Et voluptates fugiat fugiat dicta.',0,1,'2018-04-04 08:39:31','2018-04-04 08:39:31'),(82,0,88,'Neque voluptate.','2017-10-20 21:08:15','2018-03-01 15:30:14','Error ea laborum.','Ea eveniet odit cum rerum iure illo.','Possimus totam necessitatibus vel consequuntur.',1,1,'2018-04-04 08:39:31','2018-04-04 08:39:31'),(83,0,7,'Veritatis illo.','2018-01-27 06:18:19','2018-02-14 13:06:54','Aut dolore minus.','Incidunt est neque deserunt.','Eligendi distinctio mollitia sed et.',0,1,'2018-04-04 08:39:32','2018-04-04 08:39:32'),(84,0,150,'Voluptatibus aut.','2018-01-27 17:09:06','2018-03-30 16:40:10','Ullam minus eum.','Vitae voluptas reprehenderit cumque sit.','Nulla voluptas nesciunt ratione dicta qui est.',1,0,'2018-04-04 08:39:32','2018-04-04 08:39:32'),(85,0,78,'Maiores omnis est.','2017-10-21 15:09:41','2018-03-09 02:06:07','Illum sed nisi est.','Laudantium dolore dolores veniam reiciendis est.','A architecto impedit voluptatem at repellendus.',0,1,'2018-04-04 08:39:32','2018-04-04 08:39:32'),(86,0,40,'Nostrum doloribus.','2018-01-17 23:07:58','2018-02-15 21:20:20','Est non culpa quo.','Eum quidem quod ut eum.','Mollitia sunt voluptate nam ipsum rem.',1,1,'2018-04-04 08:39:32','2018-04-04 08:39:32'),(87,0,118,'Rerum nobis quae.','2017-12-21 04:18:33','2018-03-04 09:56:06','Qui perspiciatis.','Sed assumenda et ut sed rerum fugiat.','Et facere assumenda eaque officiis.',1,0,'2018-04-04 08:39:32','2018-04-04 08:39:32'),(88,0,2,'Quod eum omnis.','2018-01-21 20:06:34','2018-03-18 10:28:28','Voluptas maxime.','Doloremque ratione ex dolorum veritatis.','Nulla vel fugit eveniet qui. Totam a neque qui.',1,1,'2018-04-04 08:39:32','2018-04-04 08:39:32'),(89,0,72,'Ex corporis illum.','2017-12-22 17:38:31','2018-02-19 04:14:22','Consequuntur fugiat.','Et ea consequuntur ut neque non ipsam.','Vel est corporis blanditiis iure ut.',1,0,'2018-04-04 08:39:32','2018-04-04 08:39:32'),(90,0,11,'Aut consequuntur.','2018-01-31 06:23:09','2018-02-12 12:01:53','Laboriosam quis.','Sint et accusamus at.','Ratione dolorem assumenda quisquam fuga.',0,0,'2018-04-04 08:39:32','2018-04-04 08:39:32'),(91,0,74,'Deleniti sunt eos.','2017-12-22 23:02:49','2018-02-25 11:48:06','Aliquid saepe autem.','Maxime aliquam qui possimus ipsa ex.','Quaerat itaque aut nulla accusantium veniam.',0,0,'2018-04-04 08:39:32','2018-04-04 08:39:32'),(92,0,89,'Et magni corrupti.','2017-12-30 09:03:36','2018-02-18 23:27:21','Omnis qui aut.','Qui ut tempora sint vel qui.','Ducimus qui quis quae.',1,1,'2018-04-04 08:39:32','2018-04-04 08:39:32'),(93,0,63,'Maxime perferendis.','2017-10-20 02:27:33','2018-02-18 05:56:16','Atque veritatis.','Sed accusamus sit mollitia aut.','Repellat expedita officiis quia non incidunt.',0,1,'2018-04-04 08:39:32','2018-04-04 08:39:32'),(94,0,126,'Nemo aut ipsum non.','2017-12-25 01:28:20','2018-02-28 09:26:46','Architecto.','Iusto est modi aut ut.','Ut sed ea dolorum voluptatum quis.',1,0,'2018-04-04 08:39:32','2018-04-04 08:39:32'),(95,0,66,'Dolor quisquam.','2018-01-30 05:55:13','2018-03-07 11:31:29','Praesentium amet.','At facilis dolorum quasi aut ipsum.','Quis maxime totam est sequi et quos laudantium.',0,1,'2018-04-04 08:39:32','2018-04-04 08:39:32'),(96,0,135,'Adipisci earum.','2018-01-06 11:39:14','2018-03-04 22:55:51','Corrupti et.','Commodi veniam et nihil non est.','Voluptatem illum temporibus et officia.',0,0,'2018-04-04 08:39:32','2018-04-04 08:39:32'),(97,0,121,'Ipsam quae sed odit.','2018-01-18 01:52:33','2018-02-21 03:47:18','Animi aut cum id.','Quia optio porro minima nisi ratione nihil.','Qui quis voluptatum id culpa ducimus.',0,0,'2018-04-04 08:39:32','2018-04-04 08:39:32'),(98,0,1,'Ipsum laudantium.','2018-01-24 19:28:04','2018-03-20 02:47:57','Nam minus et quia.','Consectetur doloremque inventore placeat.','Impedit maxime excepturi vel est quo.',0,1,'2018-04-04 08:39:32','2018-04-04 08:39:32'),(99,0,44,'Culpa atque.','2017-11-18 15:48:18','2018-03-04 23:22:42','Id consectetur.','Quidem mollitia dolorem consequatur sint quis et.','Et placeat et unde quia veniam quasi non.',1,0,'2018-04-04 08:39:32','2018-04-04 08:39:32'),(100,0,119,'Architecto quis.','2017-11-28 12:09:14','2018-03-28 03:49:36','Doloremque.','Voluptatem debitis qui animi.','Fuga illo dolorum perferendis est et consequatur.',0,1,'2018-04-04 08:39:32','2018-04-04 08:39:32'),(101,0,31,'Quam quam maiores.','2017-12-20 13:30:25','2018-02-26 14:46:13','Doloribus veritatis.','Id eos voluptate sequi quia.','Tempora autem quis culpa dolorem ipsa.',0,1,'2018-04-04 08:39:32','2018-04-04 08:39:32'),(102,0,58,'Voluptatum qui et.','2018-01-07 01:46:45','2018-02-11 00:51:10','Autem consequatur.','Ab dolor dolor eius excepturi.','Est nostrum velit animi fugit omnis quisquam.',0,1,'2018-04-04 08:39:32','2018-04-04 08:39:32'),(103,0,136,'Voluptas.','2017-12-25 06:17:42','2018-03-02 20:24:00','Facere officiis.','Error ut vero ut.','Omnis placeat sequi quas perferendis quod.',0,0,'2018-04-04 08:39:32','2018-04-04 08:39:32'),(104,0,64,'Libero debitis aut.','2017-12-14 08:52:38','2018-02-19 08:10:47','Laboriosam quasi.','In distinctio est iusto est dignissimos sapiente.','Aut quia qui non ut eius sunt maiores.',0,1,'2018-04-04 08:39:32','2018-04-04 08:39:32'),(105,0,80,'Ab est ad molestiae.','2018-01-25 09:27:41','2018-02-06 23:56:30','Ducimus sint vitae.','Impedit minima omnis dolores.','Enim odio magnam voluptate voluptatum.',0,0,'2018-04-04 08:39:32','2018-04-04 08:39:32'),(106,0,46,'Similique inventore.','2017-12-01 02:15:16','2018-03-18 02:36:33','Debitis nihil et.','Laudantium rerum corrupti sint.','Incidunt qui est quidem quod aliquam.',0,1,'2018-04-04 08:39:32','2018-04-04 08:39:32'),(107,0,29,'Perferendis nostrum.','2018-01-22 04:39:11','2018-03-27 07:45:26','Excepturi molestiae.','Vero quae illum occaecati cumque.','Dolor eum aut in fugit et quas.',0,1,'2018-04-04 08:39:32','2018-04-04 08:39:32'),(108,0,122,'In et quibusdam.','2017-11-06 03:58:10','2018-02-17 12:13:54','Voluptatem ipsam.','Ad qui perferendis voluptatibus voluptatem enim.','Sunt adipisci facere in fugit fuga qui.',0,0,'2018-04-04 08:39:32','2018-04-04 08:39:32'),(109,0,36,'Eveniet ratione.','2017-12-22 15:50:50','2018-03-09 11:52:50','Occaecati rerum.','Similique in cumque minima qui.','Impedit vel doloremque officiis cumque sit.',0,0,'2018-04-04 08:39:32','2018-04-04 08:39:32'),(110,0,96,'Voluptatibus id.','2017-11-13 08:14:18','2018-03-29 08:56:14','Voluptatem quis.','Eius in nulla corrupti magni qui.','Sequi perferendis molestiae sit unde voluptatem.',1,1,'2018-04-04 08:39:32','2018-04-04 08:39:32'),(111,0,112,'Fugiat voluptates.','2017-12-26 19:01:25','2018-03-18 00:52:09','Voluptas ut saepe.','Nisi est doloremque animi quam ullam.','Tempore nemo nam libero ut in laborum earum.',0,1,'2018-04-04 08:39:33','2018-04-04 08:39:33'),(112,0,51,'Quia praesentium.','2018-01-31 03:50:39','2018-03-28 23:17:15','Deserunt fugit.','Sit dicta corporis architecto alias dicta.','Praesentium minus eum nobis dicta nisi.',1,1,'2018-04-04 08:39:33','2018-04-04 08:39:33'),(113,0,27,'Est natus corporis.','2017-10-29 04:18:15','2018-02-07 07:17:14','Eum facilis eos.','Ut eum quia minus sit eligendi.','Sed non quasi deserunt nihil.',1,0,'2018-04-04 08:39:33','2018-04-04 08:39:33'),(114,0,132,'Incidunt quo.','2017-11-23 19:23:55','2018-02-17 16:13:04','Debitis soluta.','Voluptatem voluptate itaque et cumque.','Vel eaque perspiciatis quibusdam.',0,1,'2018-04-04 08:39:33','2018-04-04 08:39:33'),(115,0,109,'Qui officia tempore.','2017-12-16 09:43:43','2018-03-30 00:28:55','Soluta recusandae.','Voluptatem ut mollitia dolore veniam atque.','Eaque explicabo saepe amet ea delectus quis.',1,1,'2018-04-04 08:39:33','2018-04-04 08:39:33'),(116,0,61,'Dolorum ut quo quis.','2017-10-13 20:48:33','2018-02-12 11:08:38','At ut ratione.','Earum est possimus tenetur accusantium ut.','Nobis hic qui voluptatem labore at.',1,0,'2018-04-04 08:39:33','2018-04-04 08:39:33'),(117,0,23,'Facere rerum quia.','2017-11-27 12:10:30','2018-02-24 01:30:22','Exercitationem sint.','Molestiae sed fugit aut et.','Officiis dolores voluptatibus vero.',1,1,'2018-04-04 08:39:33','2018-04-04 08:39:33'),(118,0,125,'Quia eum quod optio.','2017-12-11 14:13:46','2018-03-31 02:30:40','Quasi at eos eum.','Error ea provident ipsa minus.','Qui neque voluptate dolores voluptatem.',1,1,'2018-04-04 08:39:33','2018-04-04 08:39:33'),(119,0,143,'Ab qui similique.','2017-11-15 23:29:58','2018-03-22 21:31:09','Deserunt molestiae.','Enim dolor ea nesciunt facilis aspernatur.','Eveniet est aliquam autem nobis.',0,1,'2018-04-04 08:39:33','2018-04-04 08:39:33'),(120,0,140,'Labore itaque.','2017-12-02 08:19:06','2018-03-23 04:56:00','Et expedita id et.','Quidem facilis explicabo ad ut sunt sint et iure.','Veniam laborum alias rerum.',1,0,'2018-04-04 08:39:33','2018-04-04 08:39:33'),(121,0,76,'Voluptas libero.','2017-12-05 03:14:33','2018-03-19 06:29:01','Ea pariatur ipsam.','Sit ut molestiae ratione ut debitis dolorum.','Autem cupiditate esse vero possimus.',0,1,'2018-04-04 08:39:33','2018-04-04 08:39:33'),(122,0,47,'Quis nulla dolorem.','2018-01-17 08:10:50','2018-02-13 21:54:39','Et inventore.','Omnis cupiditate officia quasi suscipit.','Quam enim enim dolorum qui nobis aut ipsa.',1,0,'2018-04-04 08:39:33','2018-04-04 08:39:33'),(123,0,35,'Sapiente ut.','2017-10-25 11:11:57','2018-04-04 14:03:41','Libero ut et quis.','A nisi exercitationem quia tempore alias.','Error iusto quam dolorem.',0,0,'2018-04-04 08:39:33','2018-04-04 08:39:33'),(124,0,127,'Quos nihil.','2017-12-30 11:42:39','2018-04-01 12:35:02','Atque odit ipsam.','Aut enim assumenda optio earum cum.','Fuga et consequuntur debitis deserunt.',0,0,'2018-04-04 08:39:33','2018-04-04 08:39:33'),(125,0,124,'Qui quaerat velit.','2018-01-15 05:10:54','2018-03-27 15:18:25','Molestiae delectus.','Numquam quo commodi amet at.','Rem ullam doloribus nam voluptatibus quasi.',0,1,'2018-04-04 08:39:33','2018-04-04 08:39:33'),(126,0,75,'Quo quis harum.','2017-12-08 07:33:38','2018-02-26 19:04:02','Veritatis ipsam et.','Culpa maiores et deleniti officia magnam sint.','Nam similique porro fugit et aperiam provident.',1,0,'2018-04-04 08:39:33','2018-04-04 08:39:33'),(127,0,114,'In quidem at soluta.','2017-10-12 23:41:45','2018-03-05 20:57:19','Ex quia dolore non.','Eveniet necessitatibus hic consequatur iusto.','Adipisci sit eum aut autem facere voluptates sit.',1,0,'2018-04-04 08:39:33','2018-04-04 08:39:33'),(128,0,30,'Cupiditate deserunt.','2017-12-24 20:46:01','2018-03-03 02:06:03','Dolorem aspernatur.','Aut velit ad quos tempore ipsam voluptatem.','Ut tempora sequi et quia voluptatibus.',1,0,'2018-04-04 08:39:33','2018-04-04 08:39:33'),(129,0,95,'Dolor ut commodi.','2017-12-16 18:58:54','2018-03-22 04:01:13','Quae molestiae.','Accusantium dolorem dolorem et eos.','Fuga beatae est expedita.',1,0,'2018-04-04 08:39:33','2018-04-04 08:39:33'),(130,0,4,'Explicabo.','2018-01-01 05:05:12','2018-03-24 13:15:49','Pariatur ea non quo.','Reiciendis sit et molestiae ipsam.','Maxime et dolorem consequatur.',1,1,'2018-04-04 08:39:33','2018-04-04 08:39:33'),(131,0,14,'Est perspiciatis.','2017-12-02 02:56:25','2018-03-01 08:24:03','Labore delectus.','Pariatur rem occaecati quod magni.','Accusantium commodi nostrum libero nostrum.',1,0,'2018-04-04 08:39:33','2018-04-04 08:39:33'),(132,0,37,'Dolorem voluptatem.','2017-12-22 04:00:21','2018-02-19 10:48:12','Commodi a.','Alias mollitia fuga vero vero et.','Qui nobis exercitationem nisi et odio et.',0,1,'2018-04-04 08:39:33','2018-04-04 08:39:33'),(133,0,128,'Cum distinctio.','2017-11-05 10:36:10','2018-02-18 01:31:16','Similique non.','Aperiam alias animi eos doloremque nobis.','Architecto enim voluptatem ut.',0,1,'2018-04-04 08:39:33','2018-04-04 08:39:33'),(134,0,134,'Eius aut enim et.','2017-10-30 11:27:15','2018-03-06 13:33:04','Expedita.','Porro consequuntur molestiae qui nihil corporis.','Omnis ex sequi et ex. Dolores quas et aut.',1,1,'2018-04-04 08:39:33','2018-04-04 08:39:33'),(135,0,100,'Veritatis nesciunt.','2018-02-02 21:40:44','2018-03-19 21:54:48','Quo qui nisi et.','Ex quod adipisci repudiandae quia ad.','Cum odit beatae nemo iure inventore at.',1,0,'2018-04-04 08:39:33','2018-04-04 08:39:33'),(136,0,62,'Quis tempora sed.','2017-10-14 05:09:51','2018-03-02 11:38:39','Et rem quo autem.','Labore dicta suscipit rerum provident quia.','Sequi eligendi ut enim velit.',0,1,'2018-04-04 08:39:33','2018-04-04 08:39:33'),(137,0,86,'Optio voluptatem.','2017-11-16 22:22:54','2018-04-03 15:36:59','Cum asperiores.','Quo officiis voluptatem quibusdam ea.','Reiciendis unde culpa aut quasi.',0,1,'2018-04-04 08:39:33','2018-04-04 08:39:33'),(138,0,133,'Enim ipsa eum.','2018-01-30 10:48:55','2018-03-15 00:29:21','Est officiis.','Totam omnis sit praesentium.','Tempore ad officia odit quaerat sit dolor.',1,0,'2018-04-04 08:39:33','2018-04-04 08:39:33'),(139,0,26,'Eos dolore dolor.','2017-10-10 00:41:59','2018-03-31 20:25:46','Praesentium.','Fugiat sit neque tenetur dolor.','Laudantium eos et quo qui enim.',1,0,'2018-04-04 08:39:34','2018-04-04 08:39:34'),(140,0,34,'Commodi aut fugit.','2018-01-12 07:40:00','2018-03-08 14:15:19','Sint soluta sed.','Nulla non unde et esse sunt consectetur et.','Aut harum reprehenderit cumque nostrum est animi.',0,0,'2018-04-04 08:39:34','2018-04-04 08:39:34'),(141,0,60,'Quibusdam et autem.','2018-01-05 13:58:22','2018-02-07 00:54:50','Voluptas ipsum a.','Sit ut architecto ut ut.','Velit voluptatem et eius voluptatem sapiente.',1,0,'2018-04-04 08:39:34','2018-04-04 08:39:34'),(142,0,43,'Deserunt laboriosam.','2017-12-11 09:03:15','2018-03-27 22:58:24','Praesentium.','Inventore quam esse quaerat magnam qui.','Architecto est officiis voluptatum non.',1,0,'2018-04-04 08:39:34','2018-04-04 08:39:34'),(143,0,49,'A et sed debitis.','2018-01-30 11:14:06','2018-02-22 13:20:27','Ut adipisci est.','Voluptas omnis voluptatibus est commodi.','Eligendi velit cupiditate est fugit et nam et.',1,0,'2018-04-04 08:39:34','2018-04-04 08:39:34'),(144,0,5,'Ad tempore iusto.','2017-10-31 13:35:32','2018-03-28 05:24:42','Ut nam qui eos ab.','Illo quod voluptas perferendis animi sed.','In hic voluptatem aut deleniti temporibus.',1,1,'2018-04-04 08:39:34','2018-04-04 08:39:34'),(145,0,18,'Non veniam quidem.','2017-12-03 01:31:47','2018-03-06 05:02:09','Voluptatem omnis.','Est maxime fuga quis eos nihil.','Eius corporis vel quia iste.',0,1,'2018-04-04 08:39:34','2018-04-04 08:39:34'),(146,0,102,'Aut voluptatem aut.','2017-10-28 11:14:23','2018-03-22 15:06:57','Iusto similique qui.','Quia quaerat ab harum debitis quam.','Vel rerum qui ipsum iste et id.',0,1,'2018-04-04 08:39:34','2018-04-04 08:39:34'),(147,0,105,'Accusantium in.','2018-01-29 00:33:16','2018-03-13 12:12:24','Blanditiis ea.','Dolor nobis officiis esse ex magni.','Sint quis aut dolores assumenda dolor.',0,1,'2018-04-04 08:39:34','2018-04-04 08:39:34'),(148,0,13,'Nemo nostrum quia.','2018-01-09 01:31:22','2018-03-26 08:27:14','Id eius nostrum.','Voluptatum labore totam ullam repellendus.','Alias sint non numquam nulla.',1,0,'2018-04-04 08:39:34','2018-04-04 08:39:34'),(149,0,111,'Aut velit fugiat.','2017-10-19 13:51:34','2018-03-23 06:14:30','Omnis placeat eaque.','Aut et et rerum ipsa optio doloremque harum.','Explicabo id et adipisci quisquam quas harum.',1,1,'2018-04-04 08:39:34','2018-04-04 08:39:34'),(150,0,104,'Eos vero sint.','2017-11-25 16:40:48','2018-03-11 17:31:50','Eum omnis possimus.','Voluptatem aut pariatur ut eum quia repellendus.','Tempora et incidunt non commodi repellat nihil.',0,0,'2018-04-04 08:39:34','2018-04-04 08:39:34'),(151,1,16,'Aut culpa velit rem.','2018-01-06 16:06:40','2018-02-09 08:18:01','At doloribus enim a.','Consequatur mollitia distinctio eum.','Aut alias veritatis excepturi dolor aut.',1,1,'2018-04-04 08:42:33','2018-04-04 08:42:33'),(152,1,68,'Excepturi et.','2017-10-09 02:54:54','2018-03-19 22:25:25','Facilis impedit.','Magnam debitis odit molestias quia non.','Reiciendis ratione architecto facere.',0,1,'2018-04-04 08:42:33','2018-04-04 08:42:33'),(153,1,24,'Exercitationem quo.','2018-02-02 21:01:01','2018-03-26 20:57:44','Eius consequatur.','Dignissimos eum rerum iste sint omnis.','Nobis unde culpa nihil veniam voluptatem.',0,1,'2018-04-04 08:42:33','2018-04-04 08:42:33'),(154,1,72,'Aliquid.','2017-10-31 12:18:54','2018-02-07 18:40:32','Impedit in non.','Soluta porro nisi nihil nihil et placeat.','Sed sequi est optio quidem. Ea aut enim vero.',1,1,'2018-04-04 08:42:33','2018-04-04 08:42:33'),(155,1,150,'Officia ut dolor.','2018-01-03 07:14:13','2018-03-13 21:08:06','Rerum id quibusdam.','Nam quia quod asperiores.','Temporibus ad cumque natus voluptate.',1,0,'2018-04-04 08:42:33','2018-04-04 08:42:33'),(156,1,38,'Deserunt aliquam.','2017-12-21 20:15:24','2018-02-16 19:31:55','Qui tempore iure.','Adipisci sit ratione tempore.','Voluptatem magnam incidunt qui.',1,0,'2018-04-04 08:42:33','2018-04-04 08:42:33'),(157,1,60,'Fuga earum nobis ut.','2017-12-12 19:34:51','2018-02-25 00:45:38','Atque sunt.','Perferendis consequatur dolorem nihil culpa est.','Laborum ullam corporis distinctio.',0,1,'2018-04-04 08:42:34','2018-04-04 08:42:34'),(158,1,96,'Aspernatur eos sit.','2017-11-10 16:17:31','2018-03-26 22:14:55','Ex harum ea dolore.','Magnam iusto qui qui magni.','Accusantium voluptates quis et tempore id.',1,0,'2018-04-04 08:42:34','2018-04-04 08:42:34'),(159,1,17,'Assumenda ducimus.','2018-02-03 00:43:29','2018-03-20 14:14:06','Nostrum unde.','Voluptate qui iure eaque totam quia atque.','Sed suscipit nemo quis magni.',0,0,'2018-04-04 08:42:34','2018-04-04 08:42:34'),(160,1,146,'Et ipsum ut.','2017-12-09 11:15:07','2018-03-01 18:09:06','Debitis assumenda.','Ut magnam voluptatem sed hic.','Distinctio ex nemo accusamus reiciendis quasi.',1,1,'2018-04-04 08:42:34','2018-04-04 08:42:34'),(161,1,63,'Velit eos porro.','2017-11-02 09:13:26','2018-03-06 04:04:55','Iusto et dolores.','Consectetur numquam quod numquam.','Iure iure culpa ratione.',0,0,'2018-04-04 08:42:34','2018-04-04 08:42:34'),(162,1,133,'Velit temporibus ut.','2017-12-21 03:05:41','2018-02-22 00:02:26','Explicabo ducimus.','Fugiat minima occaecati sint ea.','Et laudantium qui iure repellendus tempora enim.',1,0,'2018-04-04 08:42:34','2018-04-04 08:42:34'),(163,1,41,'Cupiditate tempora.','2017-11-19 20:07:09','2018-03-11 16:12:03','Omnis dolores eos.','Consequuntur sed asperiores et est ipsam.','Magni rerum error quam laudantium praesentium.',1,1,'2018-04-04 08:42:34','2018-04-04 08:42:34'),(164,1,1,'Nisi beatae.','2017-10-12 22:40:55','2018-03-04 00:27:19','Exercitationem.','Aut possimus iusto necessitatibus dolorem.','Nulla aliquam commodi voluptatem laborum.',0,1,'2018-04-04 08:42:34','2018-04-04 08:42:34'),(165,1,29,'Laudantium tempore.','2017-12-08 19:55:39','2018-02-08 22:52:04','Quod labore ducimus.','Omnis voluptatem libero hic aperiam nobis.','At amet ipsa neque iusto eum voluptas eveniet.',1,0,'2018-04-04 08:42:34','2018-04-04 08:42:34'),(166,1,10,'Ut quia omnis nihil.','2017-11-18 22:26:48','2018-02-08 16:48:41','Est nobis magnam.','Optio numquam omnis nostrum totam quis.','Debitis eos sunt fugiat repudiandae.',0,1,'2018-04-04 08:42:34','2018-04-04 08:42:34'),(167,1,78,'Voluptatem nobis.','2017-11-12 03:28:21','2018-02-12 17:59:35','Necessitatibus aut.','Rem aut aut et incidunt.','Veniam dignissimos beatae vel.',0,0,'2018-04-04 08:42:34','2018-04-04 08:42:34'),(168,1,56,'Sapiente vel.','2017-11-30 09:33:27','2018-03-22 15:51:51','Adipisci possimus.','Excepturi et dolorem dolorem assumenda est.','Est quasi soluta sit sunt dolor.',1,1,'2018-04-04 08:42:34','2018-04-04 08:42:34'),(169,1,51,'Molestiae doloribus.','2017-11-28 00:29:48','2018-03-18 22:47:25','Modi eveniet omnis.','Facere facere voluptates accusantium enim et.','Aut qui neque perferendis alias.',1,1,'2018-04-04 08:42:34','2018-04-04 08:42:34'),(170,1,125,'Voluptatem placeat.','2017-12-06 16:50:30','2018-03-14 19:38:22','Praesentium.','Iusto dicta eaque quae quisquam.','Cum saepe sint ad ut.',1,0,'2018-04-04 08:42:34','2018-04-04 08:42:34'),(171,1,18,'Sint quis qui fuga.','2017-12-26 00:04:09','2018-04-02 15:49:53','Laborum sit aliquid.','Et quo non dolore non et vero.','Voluptatem id esse esse ut.',1,0,'2018-04-04 08:42:34','2018-04-04 08:42:34'),(172,1,43,'Natus autem qui eos.','2017-10-24 02:58:10','2018-03-31 12:58:57','Dolorem sit libero.','Nemo id amet quo omnis nobis dolores.','Assumenda qui velit minima delectus architecto.',1,1,'2018-04-04 08:42:34','2018-04-04 08:42:34'),(173,1,91,'Impedit quibusdam.','2018-01-22 08:29:58','2018-03-04 10:50:00','Natus quam enim.','Voluptatem autem voluptatum ea modi.','Quos asperiores sed voluptatibus ducimus.',1,0,'2018-04-04 08:42:34','2018-04-04 08:42:34'),(174,1,50,'Veniam dicta.','2017-10-13 20:02:25','2018-03-01 17:35:34','Ut aut consectetur.','Quae ut esse et rerum officiis molestias optio.','Est fugiat deserunt rerum excepturi beatae aut.',0,1,'2018-04-04 08:42:34','2018-04-04 08:42:34'),(175,1,128,'Et sed consequuntur.','2017-11-15 16:32:06','2018-03-26 07:49:33','Optio qui vitae aut.','Dicta enim earum doloribus corrupti et.','Autem et sapiente laborum quasi.',1,0,'2018-04-04 08:42:34','2018-04-04 08:42:34'),(176,1,36,'Ut saepe asperiores.','2017-11-08 06:13:43','2018-03-02 12:24:33','Itaque porro.','Velit necessitatibus et aut at provident.','Autem ducimus occaecati asperiores.',0,1,'2018-04-04 08:42:34','2018-04-04 08:42:34'),(177,1,117,'Blanditiis hic quo.','2017-11-26 01:43:21','2018-02-07 10:46:35','Suscipit ea non in.','Dicta voluptate aut corrupti sed necessitatibus.','Aut vel aut nisi commodi voluptatum.',1,1,'2018-04-04 08:42:34','2018-04-04 08:42:34'),(178,1,77,'Amet ut fuga autem.','2017-11-01 12:27:50','2018-02-27 07:50:06','Voluptas et quis.','Sed enim asperiores eveniet officiis.','Fugiat ab repellendus rem repellendus qui omnis.',0,1,'2018-04-04 08:42:34','2018-04-04 08:42:34'),(179,1,123,'Iste itaque eos.','2018-01-02 22:15:31','2018-02-20 03:59:21','Quia nobis maxime.','Quis veniam magni est unde.','Ullam nulla eius aut numquam.',0,1,'2018-04-04 08:42:34','2018-04-04 08:42:34'),(180,1,137,'Ut aut iusto sint.','2017-10-26 11:51:37','2018-03-09 18:40:42','Aliquam.','Numquam et praesentium ratione debitis eum.','Eveniet et et fugiat et asperiores.',0,1,'2018-04-04 08:42:34','2018-04-04 08:42:34'),(181,1,46,'Ipsam eos dolores.','2018-01-08 19:05:45','2018-02-18 02:49:10','Et nisi accusantium.','Eum beatae ducimus perferendis.','Tempora beatae explicabo veniam eaque aut.',0,0,'2018-04-04 08:42:34','2018-04-04 08:42:34'),(182,1,27,'Occaecati ad a.','2017-12-11 21:55:07','2018-03-01 22:14:22','Accusantium magni.','Voluptatem omnis illo animi sequi.','Maiores cum deleniti voluptas incidunt saepe.',1,0,'2018-04-04 08:42:34','2018-04-04 08:42:34'),(183,1,87,'Beatae non aperiam.','2017-11-01 17:38:23','2018-03-24 06:20:22','Quia autem rerum.','Qui sit ducimus repellendus saepe reiciendis.','Aut quis asperiores ut impedit adipisci.',1,1,'2018-04-04 08:42:34','2018-04-04 08:42:34'),(184,1,5,'Molestiae ex.','2017-12-14 03:58:56','2018-03-10 04:04:09','Eum amet porro.','Non et eos in nobis.','Nihil aut possimus odit fuga sint omnis.',1,0,'2018-04-04 08:42:35','2018-04-04 08:42:35'),(185,1,110,'Est aperiam quo ut.','2017-12-30 14:46:27','2018-02-10 06:30:43','Hic enim occaecati.','Laboriosam aut architecto tenetur laudantium.','Quia iste sit magnam accusantium magnam modi.',0,0,'2018-04-04 08:42:35','2018-04-04 08:42:35'),(186,1,30,'Sit vero sed in.','2018-01-25 07:17:14','2018-02-20 10:40:02','Corrupti ducimus.','At provident et laudantium laboriosam.','Animi modi vero delectus aspernatur qui id et.',1,0,'2018-04-04 08:42:35','2018-04-04 08:42:35'),(187,1,14,'Officiis in.','2017-12-07 14:10:48','2018-02-13 10:11:24','Et veritatis.','Autem quaerat officiis commodi et totam porro.','Assumenda laborum fuga voluptas accusantium.',0,0,'2018-04-04 08:42:35','2018-04-04 08:42:35'),(188,1,106,'Blanditiis placeat.','2017-10-23 01:05:23','2018-02-06 09:58:23','Aut nisi dolor.','Enim quia omnis nobis repellat et.','Voluptatem maxime quis consequatur animi modi.',1,0,'2018-04-04 08:42:35','2018-04-04 08:42:35'),(189,1,93,'Enim voluptatem.','2017-11-27 03:23:56','2018-03-01 10:02:57','Amet et aut quas.','Quisquam placeat eaque minus et.','Dolores porro sint veniam iusto est voluptates.',0,1,'2018-04-04 08:42:35','2018-04-04 08:42:35'),(190,1,45,'Id voluptate illum.','2017-11-30 00:09:03','2018-03-06 19:43:43','Nobis velit.','Eveniet et suscipit repellendus vel.','Excepturi veniam dolore quidem repellat.',1,1,'2018-04-04 08:42:35','2018-04-04 08:42:35'),(191,1,148,'Rerum ut voluptatem.','2018-01-14 08:24:51','2018-03-19 17:45:42','Sapiente ut.','Tempore ad corporis quis nostrum.','Enim provident debitis totam.',0,1,'2018-04-04 08:42:35','2018-04-04 08:42:35'),(192,1,113,'Est aut sit totam.','2018-01-30 13:52:29','2018-03-03 22:24:02','Qui quo numquam.','Magni eum voluptatem aut hic qui sed amet illo.','Nihil aperiam esse quisquam dolorem odit.',0,1,'2018-04-04 08:42:35','2018-04-04 08:42:35'),(193,1,75,'Ipsum similique.','2017-10-22 18:40:52','2018-02-25 13:25:55','Aperiam distinctio.','Excepturi et eum est sed.','Dicta necessitatibus sit quo iure in.',1,1,'2018-04-04 08:42:35','2018-04-04 08:42:35'),(194,1,140,'Ullam est et sint.','2017-11-26 06:26:24','2018-03-14 06:26:21','Qui eum aliquam.','Est veniam inventore sunt quisquam reprehenderit.','Odit expedita odio quidem aut.',1,1,'2018-04-04 08:42:35','2018-04-04 08:42:35'),(195,1,98,'Dolores voluptate.','2018-01-11 00:36:36','2018-03-18 21:24:32','Et nihil voluptatem.','Consequatur autem sed deleniti sequi ut rerum.','Nisi enim repudiandae officiis facilis.',0,0,'2018-04-04 08:42:35','2018-04-04 08:42:35'),(196,1,111,'Nihil ea facere aut.','2017-12-31 02:30:25','2018-02-26 10:04:28','Animi asperiores.','Qui est ipsam asperiores vitae.','Porro dolorem iure laboriosam nihil.',1,0,'2018-04-04 08:42:35','2018-04-04 08:42:35'),(197,1,82,'Assumenda nihil.','2017-11-23 17:23:36','2018-02-20 01:21:38','Consequatur dolore.','Ut quia voluptatem illo omnis error placeat eum.','Accusantium eos deleniti omnis fugit deleniti.',1,0,'2018-04-04 08:42:35','2018-04-04 08:42:35'),(198,1,59,'Temporibus sint.','2018-01-18 18:11:09','2018-03-24 03:38:29','Inventore repellat.','Sequi nemo culpa magni rerum quaerat.','Asperiores vero et ratione rem.',1,1,'2018-04-04 08:42:35','2018-04-04 08:42:35'),(199,1,21,'Dolores quia ex in.','2018-01-08 16:38:03','2018-02-19 01:34:04','Sint inventore.','Porro quaerat et aut est voluptatem.','Neque consequatur nulla quam consequatur culpa.',0,1,'2018-04-04 08:42:35','2018-04-04 08:42:35'),(200,1,69,'Quo laboriosam.','2017-10-12 21:52:33','2018-02-14 15:39:15','Et commodi sit qui.','Voluptatem consequuntur hic doloribus.','Dolor tempore cum quam odit suscipit in.',0,1,'2018-04-04 08:42:35','2018-04-04 08:42:35'),(201,1,12,'Culpa reprehenderit.','2018-01-21 10:52:47','2018-03-09 19:54:05','Voluptatem animi.','Eos qui quas labore aliquam deleniti atque sit.','Earum ea non at beatae illo.',0,1,'2018-04-04 08:42:35','2018-04-04 08:42:35'),(202,1,6,'Dignissimos ea quos.','2018-01-17 23:40:20','2018-02-07 09:06:44','Est quia corporis.','Facilis quasi alias accusantium ad amet quia.','Autem quod voluptas esse pariatur enim ex.',0,1,'2018-04-04 08:42:35','2018-04-04 08:42:35'),(203,1,52,'Dignissimos vitae.','2017-10-25 19:24:08','2018-03-15 10:48:37','Velit est et et.','Sit et magni soluta consequatur.','Aut tempore id sint neque qui fugiat.',1,1,'2018-04-04 08:42:35','2018-04-04 08:42:35'),(204,1,134,'Dolore minus.','2017-12-25 18:50:44','2018-03-11 18:03:14','Quo deserunt.','Quia sed beatae incidunt ad ipsa.','Dicta repellat eos iusto enim veniam aspernatur.',0,1,'2018-04-04 08:42:35','2018-04-04 08:42:35'),(205,1,81,'Repellendus ex.','2017-11-14 07:12:38','2018-02-24 13:28:02','Cum quaerat.','Saepe quo ducimus non aut quis.','Cum eum et necessitatibus earum non quo nostrum.',0,0,'2018-04-04 08:42:35','2018-04-04 08:42:35'),(206,1,107,'Quo occaecati hic.','2017-11-16 02:08:00','2018-03-07 19:59:36','Et consequuntur.','Voluptatum aut error rerum nesciunt.','Cum praesentium praesentium omnis in vel dicta.',0,0,'2018-04-04 08:42:35','2018-04-04 08:42:35'),(207,1,2,'Perferendis dolor.','2017-10-20 16:30:45','2018-02-06 00:07:13','Eligendi aliquam.','Et tenetur et minima architecto nihil amet dolor.','Consequatur necessitatibus placeat nihil.',0,1,'2018-04-04 08:42:35','2018-04-04 08:42:35'),(208,1,90,'Inventore sunt.','2017-11-01 11:10:18','2018-02-17 13:41:30','Nemo hic sed.','Repellendus expedita cum sunt.','Accusantium deleniti suscipit modi quo.',1,1,'2018-04-04 08:42:35','2018-04-04 08:42:35'),(209,1,8,'Sint ut ex non et.','2017-12-23 09:08:48','2018-03-05 06:04:59','Dolores ab et.','Ullam accusantium nihil praesentium laudantium.','Officia cumque delectus sunt omnis quaerat.',0,0,'2018-04-04 08:42:35','2018-04-04 08:42:35'),(210,1,62,'Velit qui rerum.','2017-12-13 18:36:10','2018-02-15 02:55:10','Et laudantium eaque.','Facere et expedita laboriosam molestiae.','Maiores totam numquam soluta.',0,0,'2018-04-04 08:42:35','2018-04-04 08:42:35'),(211,1,35,'Esse a saepe.','2017-12-15 12:11:25','2018-03-08 14:58:48','Ut distinctio.','Recusandae corrupti sunt voluptas accusamus.','Sed corrupti molestiae alias et similique a.',0,0,'2018-04-04 08:42:35','2018-04-04 08:42:35'),(212,1,32,'Voluptatem odio.','2017-12-14 08:50:44','2018-03-11 04:12:00','Ratione cum nulla.','Ea consequatur dicta ducimus.','Ad et temporibus sed consectetur dolores.',1,0,'2018-04-04 08:42:36','2018-04-04 08:42:36'),(213,1,61,'Et inventore quos.','2017-11-04 16:45:15','2018-03-18 08:55:58','Sit impedit qui.','Eos debitis vel nulla qui ad ut veniam.','Porro officiis minus a numquam et omnis fugiat.',0,0,'2018-04-04 08:42:36','2018-04-04 08:42:36'),(214,1,31,'Pariatur mollitia.','2017-11-03 22:45:11','2018-04-03 13:49:16','Alias velit minima.','Aut reprehenderit fugit ut fugiat.','Est id est ipsum aut aperiam ea.',1,1,'2018-04-04 08:42:36','2018-04-04 08:42:36'),(215,1,147,'Assumenda aut.','2017-12-08 18:03:24','2018-03-05 03:16:20','Voluptatibus.','Totam id quia fugiat ut iusto aut quidem.','Provident atque et at tempore harum et dolores.',0,1,'2018-04-04 08:42:36','2018-04-04 08:42:36'),(216,1,104,'Ut unde voluptates.','2017-11-30 16:15:50','2018-03-16 11:52:05','Quibusdam laborum.','Sapiente nulla fuga ratione optio.','Fugiat necessitatibus incidunt omnis.',1,0,'2018-04-04 08:42:36','2018-04-04 08:42:36'),(217,1,33,'Officia iure velit.','2017-12-16 07:35:53','2018-03-20 22:35:38','Molestias minima.','Odio dolorum enim vel et aut quidem.','Sed laborum dolor qui sed suscipit.',1,0,'2018-04-04 08:42:36','2018-04-04 08:42:36'),(218,1,54,'Cupiditate sequi.','2017-11-07 05:43:08','2018-03-15 11:12:28','Explicabo.','Tenetur quas ea earum est expedita.','Aliquam voluptates quos sunt ad beatae.',0,0,'2018-04-04 08:42:36','2018-04-04 08:42:36'),(219,1,86,'Maiores unde.','2018-01-11 07:39:30','2018-04-02 13:48:06','Possimus corrupti.','Ratione iste odit nesciunt adipisci.','Cum non velit sed.',1,1,'2018-04-04 08:42:36','2018-04-04 08:42:36'),(220,1,20,'At nisi qui et qui.','2018-01-16 14:54:19','2018-02-12 22:26:22','Ut eius repellat.','At veniam quae veritatis consequatur.','Aut dolorem expedita ab quisquam.',1,0,'2018-04-04 08:42:36','2018-04-04 08:42:36'),(221,1,108,'Autem earum tenetur.','2018-02-01 04:34:04','2018-02-26 16:52:36','Velit enim quia.','Numquam voluptates rerum repudiandae officia.','Nostrum et soluta est fugiat ullam quod.',1,0,'2018-04-04 08:42:36','2018-04-04 08:42:36'),(222,1,144,'Qui quia autem qui.','2017-11-11 20:00:24','2018-02-07 08:22:26','Quam voluptas.','Incidunt culpa unde molestiae ut nulla.','Occaecati delectus beatae qui nemo.',1,1,'2018-04-04 08:42:36','2018-04-04 08:42:36'),(223,1,42,'Eum ipsa debitis.','2018-01-16 00:22:01','2018-02-23 15:44:52','Modi aut similique.','Soluta accusamus ducimus enim velit suscipit.','Aut voluptatem expedita animi qui.',1,1,'2018-04-04 08:42:36','2018-04-04 08:42:36'),(224,1,105,'Ea rerum voluptate.','2018-01-12 15:38:32','2018-03-12 22:20:34','Quas minus esse.','Eos minima illum sit qui cupiditate ullam ut.','Dolor in quis veritatis.',0,0,'2018-04-04 08:42:36','2018-04-04 08:42:36'),(225,1,95,'Ut quae maiores.','2017-12-25 16:01:42','2018-03-14 15:20:41','Atque minus ratione.','Ipsum velit quas enim consectetur ratione in.','Dolor dolor architecto qui pariatur.',1,1,'2018-04-04 08:42:36','2018-04-04 08:42:36'),(226,1,15,'Nihil assumenda.','2017-11-22 11:23:43','2018-03-04 03:29:12','Tempore iusto iusto.','Optio delectus consequatur eum ab repudiandae.','Blanditiis ea sit expedita reiciendis.',0,1,'2018-04-04 08:42:36','2018-04-04 08:42:36'),(227,1,7,'Veniam omnis atque.','2018-01-30 04:02:50','2018-03-14 15:07:43','Id nulla voluptate.','Labore cumque esse mollitia quod et ipsa.','Quibusdam est fuga harum maiores ducimus.',1,0,'2018-04-04 08:42:36','2018-04-04 08:42:36'),(228,1,79,'Veniam adipisci.','2017-11-21 12:30:47','2018-02-21 10:45:42','Corporis.','Omnis est ut ut.','Et officia incidunt cumque nemo hic facere.',1,1,'2018-04-04 08:42:36','2018-04-04 08:42:36'),(229,1,89,'Ratione quaerat.','2017-10-13 15:47:09','2018-02-16 11:37:45','Iure laudantium.','Corporis consequuntur adipisci omnis ad maxime.','Hic dolores facere qui.',1,1,'2018-04-04 08:42:36','2018-04-04 08:42:36'),(230,1,40,'Eius qui molestiae.','2017-10-30 22:47:41','2018-03-19 03:08:22','Architecto qui.','Est odio et odit harum id et.','Culpa qui sit expedita culpa.',0,1,'2018-04-04 08:42:36','2018-04-04 08:42:36'),(231,1,84,'Ex iusto nobis.','2017-12-18 08:08:29','2018-03-20 02:11:49','Atque ut ea.','Iusto cum rerum et soluta.','Impedit in voluptatem vel aut.',1,1,'2018-04-04 08:42:36','2018-04-04 08:42:36'),(232,1,49,'Tempore ut facere.','2017-10-31 19:23:04','2018-03-04 00:34:11','Pariatur excepturi.','Ullam aliquam qui quasi veritatis.','Ut sit ab numquam eveniet est quo sed.',0,1,'2018-04-04 08:42:36','2018-04-04 08:42:36'),(233,1,53,'Corporis veniam aut.','2017-12-14 20:57:44','2018-02-28 18:02:56','Id explicabo.','Non voluptatem odio vitae repudiandae qui odit.','Dolorem consequuntur quos facere aut.',0,0,'2018-04-04 08:42:36','2018-04-04 08:42:36'),(234,1,129,'Et quaerat voluptas.','2017-12-15 12:50:56','2018-02-25 03:00:42','Quis delectus.','Ad deleniti minus ipsa distinctio laudantium.','Harum eveniet est quo adipisci eaque veniam.',0,1,'2018-04-04 08:42:36','2018-04-04 08:42:36'),(235,1,102,'Aut odio facere.','2017-12-29 08:30:33','2018-02-04 19:20:08','Autem magnam et.','Est distinctio aliquid ratione labore veniam.','Laboriosam nihil saepe officia.',0,0,'2018-04-04 08:42:37','2018-04-04 08:42:37'),(236,1,73,'Numquam eum.','2017-12-27 23:11:20','2018-02-10 22:23:16','Hic sed repudiandae.','Cumque est ducimus optio eveniet ut.','Alias porro ab voluptatem.',0,1,'2018-04-04 08:42:37','2018-04-04 08:42:37'),(237,1,37,'Totam inventore.','2018-01-27 05:06:28','2018-02-18 10:10:41','Illo eligendi illum.','Facilis sit doloremque non non.','Molestiae dolor et officia voluptatem rem velit.',0,0,'2018-04-04 08:42:37','2018-04-04 08:42:37'),(238,1,71,'Autem.','2017-10-27 02:46:11','2018-02-13 15:38:08','Aliquam autem sit.','Vel quis aut id iste.','Sequi ut omnis quibusdam est in velit.',0,1,'2018-04-04 08:42:37','2018-04-04 08:42:37'),(239,1,116,'Porro quod.','2018-01-28 18:08:08','2018-03-10 20:07:11','Provident itaque.','Ad iste non iste et porro aut eveniet.','Id reiciendis accusantium qui ea.',0,0,'2018-04-04 08:42:37','2018-04-04 08:42:37'),(240,1,3,'Voluptatem autem.','2018-01-26 21:03:25','2018-02-04 21:40:42','Tempore animi.','Sint nesciunt quasi illo tempora.','Distinctio sunt rem error et harum.',0,1,'2018-04-04 08:42:37','2018-04-04 08:42:37'),(241,1,28,'Nisi ab veniam rem.','2017-12-19 22:42:18','2018-02-20 22:14:03','Et eum praesentium.','Et qui eaque aliquam odit eum quas iusto.','In fugit dicta at quod optio ut.',1,1,'2018-04-04 08:42:37','2018-04-04 08:42:37'),(242,1,74,'Assumenda dolorum.','2017-11-09 03:10:01','2018-03-17 19:17:04','Sit ut eum hic.','Nihil fugiat veniam quod rerum.','Sed aliquid neque voluptas commodi debitis non.',0,0,'2018-04-04 08:42:37','2018-04-04 08:42:37'),(243,1,121,'Cupiditate vel.','2017-12-17 19:06:27','2018-03-01 20:04:45','Voluptate veniam.','Quibusdam ut pariatur laudantium impedit.','Id autem ut voluptatum cum.',0,0,'2018-04-04 08:42:37','2018-04-04 08:42:37'),(244,1,85,'Et possimus qui et.','2017-10-26 11:49:14','2018-02-06 05:10:34','Est sequi id.','Dolore ullam aliquid voluptas est ut.','Numquam unde corrupti libero aut.',0,1,'2018-04-04 08:42:37','2018-04-04 08:42:37'),(245,1,34,'Mollitia rem.','2017-10-07 12:45:10','2018-02-07 03:18:48','Consequatur.','Eligendi nostrum sunt minima esse.','Accusantium excepturi rem sit dicta.',1,1,'2018-04-04 08:42:37','2018-04-04 08:42:37'),(246,1,11,'Rerum dicta.','2017-11-08 17:17:31','2018-03-03 23:08:31','Porro impedit fugit.','Dolorem ut suscipit ipsam tenetur magnam.','Repudiandae fugiat magnam fugiat aliquam.',0,1,'2018-04-04 08:42:37','2018-04-04 08:42:37'),(247,1,64,'Beatae voluptatum.','2018-01-30 18:23:49','2018-03-07 08:24:31','Sit magnam sapiente.','Et dolorem in commodi maxime veniam.','Eaque ducimus ab voluptatibus nam excepturi.',0,1,'2018-04-04 08:42:37','2018-04-04 08:42:37'),(248,1,124,'Sed inventore.','2017-10-14 06:56:44','2018-02-20 18:04:02','Neque ipsam nemo ea.','Non quam quos et ipsa porro non eos.','Optio debitis est et ex.',1,1,'2018-04-04 08:42:37','2018-04-04 08:42:37'),(249,1,47,'Ipsam libero.','2017-11-05 02:30:22','2018-03-08 14:09:59','Facilis sunt hic.','Ut voluptas consequatur temporibus ut.','Sit aut tempore consequatur quis.',0,1,'2018-04-04 08:42:37','2018-04-04 08:42:37'),(250,1,132,'Qui natus non est.','2017-11-30 04:04:54','2018-02-15 20:01:30','Dolor dolor.','Soluta qui quae nam laudantium enim ex quas modi.','Doloremque et aut consequatur et ut eos aliquam.',0,1,'2018-04-04 08:42:37','2018-04-04 08:42:37'),(251,2,53,'Et et voluptate cum.','2018-01-16 04:21:18','2018-02-26 06:53:03','Minus aspernatur.','Libero quas fuga ut illo et fugiat.','Vel doloremque provident et libero qui sit unde.',0,1,'2018-04-04 08:43:16','2018-04-04 08:43:16'),(252,2,50,'Vero minima.','2017-12-04 01:38:11','2018-02-12 13:12:15','Ipsam.','Ea sint officiis maiores.','Ab alias soluta velit qui.',1,0,'2018-04-04 08:43:16','2018-04-04 08:43:16'),(253,2,147,'Consequatur et.','2018-01-14 05:08:19','2018-03-11 00:42:47','Est omnis nulla et.','Sit minima est error nostrum voluptate nisi est.','Rerum magni repudiandae iusto omnis.',1,1,'2018-04-04 08:43:16','2018-04-04 08:43:16'),(254,2,121,'A aut est non fuga.','2017-10-26 06:15:12','2018-04-01 09:51:37','Cum sequi a.','Sed molestias similique quis cum.','Animi quod qui optio aliquam aut.',0,1,'2018-04-04 08:43:16','2018-04-04 08:43:16'),(255,2,41,'Et necessitatibus.','2017-12-29 12:57:18','2018-03-02 20:06:28','Quibusdam dolorum.','Non alias dolorum distinctio minus ipsa ea.','Dolorum voluptas aut consequatur et.',0,0,'2018-04-04 08:43:16','2018-04-04 08:43:16'),(256,2,2,'Omnis est eos.','2017-10-26 16:38:45','2018-03-08 06:18:09','Fuga numquam.','Itaque nostrum modi illo sed.','Et qui ut modi perferendis earum et excepturi.',1,1,'2018-04-04 08:43:16','2018-04-04 08:43:16'),(257,2,61,'Similique explicabo.','2017-11-08 07:46:51','2018-03-23 03:03:06','Eum aspernatur aut.','Modi repellat impedit eos excepturi.','Sunt voluptatem ut enim voluptatibus quis.',1,0,'2018-04-04 08:43:16','2018-04-04 08:43:16'),(258,2,40,'Tempore ut ipsum.','2018-01-08 19:53:39','2018-03-02 00:25:35','Voluptate fugiat.','Cupiditate dolores quaerat dignissimos possimus.','Tenetur provident libero et veniam ut.',1,1,'2018-04-04 08:43:16','2018-04-04 08:43:16'),(259,2,60,'Ipsa est.','2017-12-06 09:06:38','2018-04-03 13:11:29','Qui est quaerat.','Rerum cum odio accusantium tempora omnis.','Voluptatibus unde et iste qui sequi non.',1,1,'2018-04-04 08:43:17','2018-04-04 08:43:17'),(260,2,74,'Quia eius odit.','2017-12-01 07:00:42','2018-02-25 08:31:32','Ut voluptatem.','Aspernatur labore neque aut rem sit saepe.','Eos quia nemo laudantium dolorem nihil alias.',1,1,'2018-04-04 08:43:17','2018-04-04 08:43:17'),(261,2,82,'Voluptates.','2017-11-05 12:07:04','2018-03-07 19:48:55','Earum in nisi rem.','Rerum voluptatem unde omnis inventore harum.','Ab beatae perferendis repudiandae at voluptas.',0,0,'2018-04-04 08:43:17','2018-04-04 08:43:17'),(262,2,92,'Alias consequuntur.','2018-01-28 05:49:25','2018-04-02 18:06:25','Minima eos quaerat.','Eos ea in itaque veniam.','Minus alias sint eligendi odit cum.',1,1,'2018-04-04 08:43:17','2018-04-04 08:43:17'),(263,2,129,'Impedit dolorem.','2017-12-09 08:56:37','2018-03-23 09:55:36','Provident vitae.','Voluptatem maxime inventore quasi.','Nam est commodi ratione nisi harum.',1,1,'2018-04-04 08:43:17','2018-04-04 08:43:17'),(264,2,11,'Ad ipsum qui.','2017-12-26 13:28:34','2018-03-03 17:28:09','Fuga blanditiis.','Omnis dolor quibusdam minus recusandae.','Est sed omnis qui distinctio recusandae.',1,1,'2018-04-04 08:43:17','2018-04-04 08:43:17'),(265,2,140,'Aliquid quibusdam.','2017-11-12 00:26:26','2018-02-14 19:10:21','Voluptatem.','Sunt porro et ea beatae.','Quidem qui fuga sed rem consectetur.',1,0,'2018-04-04 08:43:17','2018-04-04 08:43:17'),(266,2,133,'Maxime officiis.','2017-12-02 00:02:05','2018-03-07 18:56:48','Quis eum rerum quia.','Voluptas sunt facere cumque et.','Itaque est laborum eligendi iure ut.',0,1,'2018-04-04 08:43:17','2018-04-04 08:43:17'),(267,2,39,'Minima velit sed.','2017-11-07 19:43:55','2018-02-11 20:27:50','Natus quidem quia.','Culpa cumque rerum ut dignissimos.','Earum ex possimus praesentium sint.',1,1,'2018-04-04 08:43:17','2018-04-04 08:43:17'),(268,2,89,'Recusandae.','2018-01-15 23:26:39','2018-03-03 02:43:32','Itaque veniam fugit.','Quos dolor adipisci tempore voluptas.','Dolor et esse illo voluptatem est cumque.',1,1,'2018-04-04 08:43:17','2018-04-04 08:43:17'),(269,2,130,'At voluptate.','2017-12-15 09:57:05','2018-02-21 18:42:08','Voluptatibus.','Maiores modi voluptatem placeat accusamus et.','Et aperiam vel dolor sint.',1,0,'2018-04-04 08:43:17','2018-04-04 08:43:17'),(270,2,13,'Ex reiciendis.','2018-01-13 07:23:19','2018-03-04 09:51:33','Eos sed repellendus.','A ipsa quia rerum et.','Aperiam cumque esse vel ut repellendus.',0,0,'2018-04-04 08:43:17','2018-04-04 08:43:17'),(271,2,71,'Omnis tenetur ea in.','2017-11-05 10:47:26','2018-02-17 23:08:07','Aperiam labore.','Quis suscipit ut consequatur.','Iusto eos repellat ut maiores reiciendis quidem.',0,1,'2018-04-04 08:43:17','2018-04-04 08:43:17'),(272,2,116,'Qui animi numquam.','2018-01-27 10:52:55','2018-02-13 04:09:40','Pariatur fugit sit.','Et autem incidunt dolor.','Sapiente non facilis sint voluptatibus.',0,0,'2018-04-04 08:43:17','2018-04-04 08:43:17'),(273,2,84,'Omnis rem quas ut.','2017-11-22 16:51:22','2018-02-14 01:23:27','Amet accusantium.','Provident quisquam blanditiis et dicta neque.','Quisquam id est et illum molestiae qui.',0,1,'2018-04-04 08:43:17','2018-04-04 08:43:17'),(274,2,47,'Iusto iste deserunt.','2017-12-20 16:33:23','2018-03-08 03:11:49','Sit eos animi.','Explicabo omnis id temporibus.','Quam aliquam ipsam nostrum unde ipsum nobis.',0,1,'2018-04-04 08:43:17','2018-04-04 08:43:17'),(275,2,44,'Impedit dolorum.','2017-11-16 06:47:16','2018-03-29 07:31:20','Numquam ipsam.','At qui harum eum ratione quasi sed non.','Error reprehenderit eveniet ut dolore magnam.',0,0,'2018-04-04 08:43:17','2018-04-04 08:43:17'),(276,2,94,'Enim est non illum.','2017-11-06 21:03:23','2018-02-26 12:41:08','Temporibus enim.','Voluptatem numquam ut aut aut.','Dolores iste ea fugiat qui voluptatum.',1,0,'2018-04-04 08:43:17','2018-04-04 08:43:17'),(277,2,43,'Dolor hic voluptate.','2017-11-08 04:06:32','2018-04-02 05:50:08','Sapiente aperiam.','Unde qui impedit dolorum debitis et aliquam.','Dolores quasi reiciendis explicabo quaerat.',0,0,'2018-04-04 08:43:17','2018-04-04 08:43:17'),(278,2,14,'Ut accusamus ut.','2018-01-25 01:15:47','2018-02-26 06:58:47','Quo qui occaecati.','Excepturi ut aut voluptatem occaecati.','Quod et expedita eos vitae.',1,0,'2018-04-04 08:43:17','2018-04-04 08:43:17'),(279,2,58,'Laborum est illum.','2017-10-22 18:09:22','2018-03-30 15:22:44','Esse sit incidunt.','In magnam fugit vel et est rerum vel.','Quam dolorum quidem qui sit porro maxime.',1,0,'2018-04-04 08:43:17','2018-04-04 08:43:17'),(280,2,57,'Recusandae dicta.','2018-01-22 07:02:30','2018-03-19 22:11:39','Non voluptatibus.','Pariatur suscipit quaerat consequatur quae vitae.','Commodi et sit quasi eum quis.',1,0,'2018-04-04 08:43:17','2018-04-04 08:43:17'),(281,3,134,'Dolor odio ut.','2017-10-09 01:46:54','2018-02-09 19:42:56','Ut ea repudiandae.','Similique aut in consequuntur autem.','Corporis dolores tempora cum cumque.',1,0,'2018-04-04 08:43:54','2018-04-04 08:43:54'),(282,3,38,'Sequi accusantium.','2017-11-14 14:32:00','2018-03-28 09:20:57','Excepturi rerum.','Nulla ut in illo eos.','Optio est eius atque possimus officia.',1,0,'2018-04-04 08:43:54','2018-04-04 08:43:54'),(283,3,17,'Autem totam omnis.','2018-01-19 23:34:28','2018-02-26 06:38:59','Est qui voluptate.','Ut quia sed provident quo nesciunt culpa ipsum.','Impedit omnis quam consequatur aliquid dolorem.',1,1,'2018-04-04 08:43:54','2018-04-04 08:43:54'),(284,3,22,'Mollitia molestiae.','2017-12-06 09:15:40','2018-02-25 20:16:43','Quia a officiis.','Consequatur consequatur consequatur ipsum.','Voluptates error explicabo delectus et.',0,0,'2018-04-04 08:43:54','2018-04-04 08:43:54'),(285,3,85,'Et ipsam quam.','2017-11-21 16:01:02','2018-02-25 11:15:20','Voluptatem.','Aut perferendis magni porro in et voluptas.','Quam praesentium iure nemo quasi.',1,1,'2018-04-04 08:43:54','2018-04-04 08:43:54'),(286,3,140,'Eum reprehenderit.','2017-11-30 17:21:28','2018-02-11 02:22:29','Quis aut veritatis.','Occaecati assumenda rerum mollitia.','Voluptatibus dignissimos minus ea.',1,0,'2018-04-04 08:43:54','2018-04-04 08:43:54'),(287,3,138,'Eum ex aliquid.','2018-01-19 22:12:25','2018-02-15 13:09:02','Aperiam id modi.','Aut enim et suscipit accusantium earum rerum.','Voluptatem harum quibusdam eveniet ipsum.',1,1,'2018-04-04 08:43:54','2018-04-04 08:43:54'),(288,3,33,'Ex ut quas.','2017-11-15 01:40:52','2018-03-28 19:45:16','Placeat autem est.','Rerum consequatur minus est.','Eveniet id dolores ab laboriosam nisi quos.',1,1,'2018-04-04 08:43:54','2018-04-04 08:43:54'),(289,3,27,'Consequatur ut sed.','2017-12-20 15:38:03','2018-03-03 00:16:00','Et laudantium odio.','Non ut culpa autem debitis aut sit dolore.','Officiis sed voluptatibus quidem numquam eum.',1,0,'2018-04-04 08:43:54','2018-04-04 08:43:54'),(290,3,98,'Perspiciatis rem.','2017-11-16 11:14:45','2018-02-15 13:52:06','Quod dolores illo.','Perferendis eum est tenetur pariatur quas.','Velit ipsam maxime provident qui.',0,0,'2018-04-04 08:43:54','2018-04-04 08:43:54'),(291,3,111,'Dignissimos fugiat.','2017-10-08 19:18:00','2018-04-04 13:42:22','Autem sit.','Harum perspiciatis officia velit aut.','Harum dolores explicabo consequatur tempore.',0,0,'2018-04-04 08:43:54','2018-04-04 08:43:54'),(292,3,6,'Quae consequatur.','2018-01-09 14:01:17','2018-03-20 21:00:08','In veniam ad cumque.','Qui numquam corrupti eos assumenda dolor magnam.','Ullam quibusdam est ut omnis.',0,0,'2018-04-04 08:43:54','2018-04-04 08:43:54'),(293,3,89,'Sint quo architecto.','2018-01-24 20:20:53','2018-03-08 07:43:59','Eos numquam eaque.','Vel ut et est recusandae ad voluptatem sed.','Ut amet commodi dolor.',0,0,'2018-04-04 08:43:54','2018-04-04 08:43:54'),(294,3,43,'Quam temporibus.','2017-11-30 13:47:27','2018-02-17 22:51:46','Autem neque sunt.','Quia harum voluptates amet voluptatem.','Ullam officia magni rerum officiis.',0,0,'2018-04-04 08:43:54','2018-04-04 08:43:54'),(295,3,135,'Non aut aspernatur.','2017-12-09 21:21:34','2018-03-18 04:52:59','Recusandae optio.','Possimus quae beatae sint.','Facere odio corporis non impedit.',0,1,'2018-04-04 08:43:54','2018-04-04 08:43:54'),(296,3,112,'Ea qui in delectus.','2017-10-22 13:22:37','2018-04-04 03:35:57','Inventore.','Et sint labore ex laborum et mollitia.','Optio sit dolorum et facilis et.',1,1,'2018-04-04 08:43:54','2018-04-04 08:43:54'),(297,3,57,'Quia sit sint.','2017-12-17 20:59:39','2018-03-07 18:29:27','Et sunt dolor omnis.','Omnis quo iure fuga et maxime qui.','Deleniti quo voluptatem et est odio.',0,0,'2018-04-04 08:43:54','2018-04-04 08:43:54'),(298,3,109,'Maxime culpa.','2017-12-31 17:00:20','2018-03-01 06:30:06','Voluptas excepturi.','Explicabo est et quis repellendus ea.','A tempore rerum ut nisi autem nobis in itaque.',1,1,'2018-04-04 08:43:54','2018-04-04 08:43:54'),(299,3,117,'Aut unde sequi qui.','2017-10-28 11:16:08','2018-03-27 14:39:33','Aut officia ducimus.','Eum consequuntur ut voluptate ut.','Temporibus non quod doloribus nemo est similique.',1,1,'2018-04-04 08:43:54','2018-04-04 08:43:54'),(300,3,25,'Et possimus natus.','2018-01-26 16:46:06','2018-03-16 20:40:52','Quisquam minus nam.','Quam sapiente dolorum dicta adipisci porro.','Aperiam aut dolores aliquid est.',0,0,'2018-04-04 08:43:54','2018-04-04 08:43:54');
/*!40000 ALTER TABLE `sub_events` ENABLE KEYS */;
UNLOCK TABLES;

--
-- Table structure for table `task_tags`
--

DROP TABLE IF EXISTS `task_tags`;
/*!40101 SET @saved_cs_client     = @@character_set_client */;
/*!40101 SET character_set_client = utf8 */;
CREATE TABLE `task_tags` (
  `task_tag_id` int(10) unsigned NOT NULL AUTO_INCREMENT,
  `task_tag_name` varchar(255) COLLATE utf8mb4_unicode_ci NOT NULL,
  `event_id` int(10) unsigned NOT NULL,
  `task_tag_is_active` tinyint(1) NOT NULL,
  `created_at` timestamp NULL DEFAULT NULL,
  `updated_at` timestamp NULL DEFAULT NULL,
  PRIMARY KEY (`task_tag_id`),
  KEY `task_tags_event_id_foreign` (`event_id`),
  CONSTRAINT `task_tags_event_id_foreign` FOREIGN KEY (`event_id`) REFERENCES `events` (`event_id`) ON DELETE CASCADE
) ENGINE=InnoDB AUTO_INCREMENT=51 DEFAULT CHARSET=utf8mb4 COLLATE=utf8mb4_unicode_ci;
/*!40101 SET character_set_client = @saved_cs_client */;

--
-- Dumping data for table `task_tags`
--

LOCK TABLES `task_tags` WRITE;
/*!40000 ALTER TABLE `task_tags` DISABLE KEYS */;
INSERT INTO `task_tags` VALUES (1,'Harum et.',135,1,'2018-04-04 14:48:45','2018-04-04 14:48:45'),(2,'Omnis.',36,1,'2018-04-04 14:48:45','2018-04-04 14:48:45'),(3,'Est.',129,1,'2018-04-04 14:48:45','2018-04-04 14:48:45'),(4,'Est.',34,1,'2018-04-04 14:48:45','2018-04-04 14:48:45'),(5,'Maxime.',59,1,'2018-04-04 14:48:45','2018-04-04 14:48:45'),(6,'Ullam.',31,1,'2018-04-04 14:48:45','2018-04-04 14:48:45'),(7,'Amet odio.',92,1,'2018-04-04 14:48:45','2018-04-04 14:48:45'),(8,'Voluptas.',98,0,'2018-04-04 14:48:45','2018-04-04 14:48:45'),(9,'Quaerat.',56,0,'2018-04-04 14:48:45','2018-04-04 14:48:45'),(10,'Suscipit.',96,0,'2018-04-04 14:48:45','2018-04-04 14:48:45'),(11,'Possimus.',38,1,'2018-04-04 14:48:45','2018-04-04 14:48:45'),(12,'Sed ullam.',117,1,'2018-04-04 14:48:45','2018-04-04 14:48:45'),(13,'Porro.',75,1,'2018-04-04 14:48:45','2018-04-04 14:48:45'),(14,'Quia illo.',78,1,'2018-04-04 14:48:45','2018-04-04 14:48:45'),(15,'Iste cum.',62,0,'2018-04-04 14:48:45','2018-04-04 14:48:45'),(16,'Explicabo.',121,0,'2018-04-04 14:48:45','2018-04-04 14:48:45'),(17,'Quo fugit.',46,1,'2018-04-04 14:48:45','2018-04-04 14:48:45'),(18,'Ipsa vel.',54,0,'2018-04-04 14:48:45','2018-04-04 14:48:45'),(19,'Voluptate.',137,1,'2018-04-04 14:48:45','2018-04-04 14:48:45'),(20,'Ratione.',61,0,'2018-04-04 14:48:45','2018-04-04 14:48:45'),(21,'Mollitia.',47,0,'2018-04-04 14:48:45','2018-04-04 14:48:45'),(22,'Et.',93,1,'2018-04-04 14:48:45','2018-04-04 14:48:45'),(23,'Eligendi.',17,0,'2018-04-04 14:48:46','2018-04-04 14:48:46'),(24,'Rerum.',18,1,'2018-04-04 14:48:46','2018-04-04 14:48:46'),(25,'Ex.',20,0,'2018-04-04 14:48:46','2018-04-04 14:48:46'),(26,'Aut.',14,1,'2018-04-04 14:48:46','2018-04-04 14:48:46'),(27,'Autem.',52,0,'2018-04-04 14:48:46','2018-04-04 14:48:46'),(28,'Repellat.',143,0,'2018-04-04 14:48:46','2018-04-04 14:48:46'),(29,'Totam.',111,1,'2018-04-04 14:48:46','2018-04-04 14:48:46'),(30,'Amet.',3,0,'2018-04-04 14:48:46','2018-04-04 14:48:46'),(31,'Expedita.',113,0,'2018-04-04 14:48:46','2018-04-04 14:48:46'),(32,'Et.',149,0,'2018-04-04 14:48:46','2018-04-04 14:48:46'),(33,'Illum.',44,0,'2018-04-04 14:48:46','2018-04-04 14:48:46'),(34,'Quia iste.',122,0,'2018-04-04 14:48:46','2018-04-04 14:48:46'),(35,'Impedit.',102,1,'2018-04-04 14:48:46','2018-04-04 14:48:46'),(36,'Numquam.',42,0,'2018-04-04 14:48:46','2018-04-04 14:48:46'),(37,'Rem.',15,0,'2018-04-04 14:48:46','2018-04-04 14:48:46'),(38,'Officiis.',101,1,'2018-04-04 14:48:46','2018-04-04 14:48:46'),(39,'Assumenda.',72,0,'2018-04-04 14:48:46','2018-04-04 14:48:46'),(40,'Enim unde.',50,0,'2018-04-04 14:48:46','2018-04-04 14:48:46'),(41,'Facilis.',65,1,'2018-04-04 14:48:46','2018-04-04 14:48:46'),(42,'Sit.',109,1,'2018-04-04 14:48:46','2018-04-04 14:48:46'),(43,'Quis et.',33,1,'2018-04-04 14:48:46','2018-04-04 14:48:46'),(44,'Ut.',97,1,'2018-04-04 14:48:46','2018-04-04 14:48:46'),(45,'At.',132,0,'2018-04-04 14:48:46','2018-04-04 14:48:46'),(46,'Sed ut.',5,1,'2018-04-04 14:48:47','2018-04-04 14:48:47'),(47,'Illum.',70,1,'2018-04-04 14:48:47','2018-04-04 14:48:47'),(48,'Aut autem.',118,1,'2018-04-04 14:48:47','2018-04-04 14:48:47'),(49,'Ut et.',90,1,'2018-04-04 14:48:47','2018-04-04 14:48:47'),(50,'Illo.',9,1,'2018-04-04 14:48:47','2018-04-04 14:48:47');
/*!40000 ALTER TABLE `task_tags` ENABLE KEYS */;
UNLOCK TABLES;

--
-- Table structure for table `tasks`
--

DROP TABLE IF EXISTS `tasks`;
/*!40101 SET @saved_cs_client     = @@character_set_client */;
/*!40101 SET character_set_client = utf8 */;
CREATE TABLE `tasks` (
  `task_id` int(10) unsigned NOT NULL AUTO_INCREMENT,
  `task_heading` varchar(255) COLLATE utf8mb4_unicode_ci NOT NULL,
  `task_tag_id` int(10) unsigned NOT NULL,
  `task_description` text COLLATE utf8mb4_unicode_ci NOT NULL,
  `task_due_date` datetime NOT NULL,
  `task_status` int(11) NOT NULL,
  `task_taken_by` int(10) unsigned NOT NULL,
  `task_priority` int(11) NOT NULL,
  `task_is_active` tinyint(1) NOT NULL,
  `created_at` timestamp NULL DEFAULT NULL,
  `updated_at` timestamp NULL DEFAULT NULL,
  PRIMARY KEY (`task_id`),
  KEY `tasks_task_tag_id_foreign` (`task_tag_id`),
  KEY `tasks_task_taken_by_foreign` (`task_taken_by`),
  CONSTRAINT `tasks_task_tag_id_foreign` FOREIGN KEY (`task_tag_id`) REFERENCES `task_tags` (`task_tag_id`) ON DELETE CASCADE,
  CONSTRAINT `tasks_task_taken_by_foreign` FOREIGN KEY (`task_taken_by`) REFERENCES `users` (`user_id`) ON DELETE CASCADE
) ENGINE=InnoDB AUTO_INCREMENT=201 DEFAULT CHARSET=utf8mb4 COLLATE=utf8mb4_unicode_ci;
/*!40101 SET character_set_client = @saved_cs_client */;

--
-- Dumping data for table `tasks`
--

LOCK TABLES `tasks` WRITE;
/*!40000 ALTER TABLE `tasks` DISABLE KEYS */;
INSERT INTO `tasks` VALUES (1,'Vero.',25,'Adipisci autem sint.','2018-04-21 22:23:59',2,82,1,1,'2018-04-04 14:57:49','2018-04-04 14:57:49'),(2,'Nisi eos.',33,'Dolorem voluptatem.','2018-04-21 01:06:23',0,59,2,1,'2018-04-04 14:57:49','2018-04-04 14:57:49'),(3,'Odit.',26,'Ipsa est.','2018-04-22 11:30:52',2,36,2,0,'2018-04-04 14:57:49','2018-04-04 14:57:49'),(4,'Sunt eum.',17,'Nam repellendus at.','2018-04-20 07:52:36',2,82,2,0,'2018-04-04 14:57:49','2018-04-04 14:57:49'),(5,'A maxime.',24,'Amet necessitatibus.','2018-04-23 21:28:20',1,44,1,1,'2018-04-04 14:57:49','2018-04-04 14:57:49'),(6,'Laborum.',50,'Dolor ut ex at fuga.','2018-04-20 08:04:41',0,18,1,0,'2018-04-04 14:57:49','2018-04-04 14:57:49'),(7,'Omnis.',32,'Ut ut numquam omnis.','2018-04-24 04:08:11',0,34,1,1,'2018-04-04 14:57:49','2018-04-04 14:57:49'),(8,'Qui.',38,'Iste ut eum.','2018-04-23 02:15:18',0,77,1,1,'2018-04-04 14:57:49','2018-04-04 14:57:49'),(9,'Expedita.',23,'Vel ut vel commodi.','2018-04-21 06:47:03',2,9,2,0,'2018-04-04 14:57:49','2018-04-04 14:57:49'),(10,'Ut est.',40,'Enim molestias.','2018-04-21 12:41:54',2,79,2,0,'2018-04-04 14:57:49','2018-04-04 14:57:49'),(11,'Et.',35,'Aliquam nemo aut.','2018-04-22 03:55:57',2,18,0,1,'2018-04-04 14:57:49','2018-04-04 14:57:49'),(12,'Ea nemo.',28,'Magni sed qui omnis.','2018-04-22 00:46:59',1,44,2,1,'2018-04-04 14:57:49','2018-04-04 14:57:49'),(13,'Cumque.',22,'Enim mollitia et.','2018-04-23 05:43:03',2,1,2,0,'2018-04-04 14:57:49','2018-04-04 14:57:49'),(14,'Esse.',18,'Excepturi facere.','2018-04-22 13:13:04',0,92,0,0,'2018-04-04 14:57:49','2018-04-04 14:57:49'),(15,'Ut magnam.',3,'Illo natus maxime.','2018-04-21 04:15:24',2,86,0,0,'2018-04-04 14:57:50','2018-04-04 14:57:50'),(16,'Enim sunt.',19,'Voluptatem eveniet.','2018-04-20 04:34:38',0,72,0,0,'2018-04-04 14:57:50','2018-04-04 14:57:50'),(17,'Totam.',8,'Et quaerat id.','2018-04-24 02:44:57',2,61,1,1,'2018-04-04 14:57:50','2018-04-04 14:57:50'),(18,'Veniam.',17,'Qui ducimus.','2018-04-23 08:37:46',1,91,1,1,'2018-04-04 14:57:50','2018-04-04 14:57:50'),(19,'Omnis vel.',29,'Sed ut sequi.','2018-04-23 16:35:26',1,37,0,1,'2018-04-04 14:57:50','2018-04-04 14:57:50'),(20,'Iure.',41,'Nihil nesciunt.','2018-04-22 23:49:47',1,91,0,1,'2018-04-04 14:57:50','2018-04-04 14:57:50'),(21,'Ratione.',16,'Laudantium sapiente.','2018-04-21 00:13:50',1,56,1,0,'2018-04-04 14:57:50','2018-04-04 14:57:50'),(22,'Sequi.',47,'Dignissimos soluta.','2018-04-24 19:14:59',0,34,0,0,'2018-04-04 14:57:50','2018-04-04 14:57:50'),(23,'Vel.',14,'Aliquid omnis.','2018-04-24 10:37:48',2,59,0,1,'2018-04-04 14:57:50','2018-04-04 14:57:50'),(24,'Nemo.',13,'Id eum minima.','2018-04-24 07:21:19',2,19,0,1,'2018-04-04 14:57:50','2018-04-04 14:57:50'),(25,'Voluptas.',4,'Reiciendis eos.','2018-04-22 11:07:17',0,24,0,0,'2018-04-04 14:57:50','2018-04-04 14:57:50'),(26,'Aliquam.',22,'Ipsam consectetur.','2018-04-20 02:57:02',2,31,1,0,'2018-04-04 14:57:50','2018-04-04 14:57:50'),(27,'Deleniti.',15,'Exercitationem.','2018-04-21 13:15:17',2,91,0,1,'2018-04-04 14:57:50','2018-04-04 14:57:50'),(28,'Earum.',30,'Odio voluptas.','2018-04-23 08:25:42',0,38,0,1,'2018-04-04 14:57:50','2018-04-04 14:57:50'),(29,'Veritatis.',26,'Dignissimos.','2018-04-24 07:05:15',1,70,0,0,'2018-04-04 14:57:50','2018-04-04 14:57:50'),(30,'Natus quo.',10,'Quasi pariatur.','2018-04-22 15:54:51',2,37,2,1,'2018-04-04 14:57:50','2018-04-04 14:57:50'),(31,'Quidem.',25,'Velit et sit autem.','2018-04-24 11:15:28',1,28,2,0,'2018-04-04 14:57:50','2018-04-04 14:57:50'),(32,'Voluptas.',17,'Non est expedita.','2018-04-20 02:25:49',2,96,1,1,'2018-04-04 14:57:50','2018-04-04 14:57:50'),(33,'Veritatis.',28,'Aut numquam.','2018-04-22 05:44:33',0,19,2,1,'2018-04-04 14:57:50','2018-04-04 14:57:50'),(34,'Voluptas.',39,'Commodi beatae at.','2018-04-24 05:49:38',2,82,2,1,'2018-04-04 14:57:50','2018-04-04 14:57:50'),(35,'Tempore.',32,'Odio eius.','2018-04-24 03:12:27',2,20,1,1,'2018-04-04 14:57:50','2018-04-04 14:57:50'),(36,'Est qui.',50,'Molestias qui.','2018-04-22 19:52:39',1,1,2,1,'2018-04-04 14:57:50','2018-04-04 14:57:50'),(37,'Delectus.',47,'Nostrum sit est in.','2018-04-21 12:54:44',1,16,2,1,'2018-04-04 14:57:51','2018-04-04 14:57:51'),(38,'Non.',37,'Quis repellendus.','2018-04-21 17:39:26',1,17,2,0,'2018-04-04 14:57:51','2018-04-04 14:57:51'),(39,'Non eos.',34,'Animi iusto tenetur.','2018-04-20 17:47:20',1,37,0,0,'2018-04-04 14:57:51','2018-04-04 14:57:51'),(40,'Aut cum.',24,'Aut alias ducimus.','2018-04-24 15:13:16',1,77,1,0,'2018-04-04 14:57:51','2018-04-04 14:57:51'),(41,'Tenetur.',16,'Rem odit.','2018-04-20 19:27:43',2,54,0,1,'2018-04-04 14:57:51','2018-04-04 14:57:51'),(42,'Accusamus.',13,'Nesciunt sequi.','2018-04-23 03:46:35',1,39,0,0,'2018-04-04 14:57:51','2018-04-04 14:57:51'),(43,'Ut minima.',34,'Quo corporis at cum.','2018-04-24 03:18:19',2,12,2,1,'2018-04-04 14:57:51','2018-04-04 14:57:51'),(44,'Explicabo.',47,'Velit quidem.','2018-04-20 03:10:22',0,16,1,0,'2018-04-04 14:57:51','2018-04-04 14:57:51'),(45,'Porro.',41,'Aliquam nobis.','2018-04-24 19:07:10',0,44,1,0,'2018-04-04 14:57:51','2018-04-04 14:57:51'),(46,'Nihil.',37,'Quos neque iste.','2018-04-21 06:35:57',1,9,2,0,'2018-04-04 14:57:51','2018-04-04 14:57:51'),(47,'Ipsa sed.',23,'Mollitia delectus.','2018-04-20 01:56:51',1,12,0,0,'2018-04-04 14:57:51','2018-04-04 14:57:51'),(48,'Neque.',28,'Alias provident ea.','2018-04-24 07:44:52',1,89,0,0,'2018-04-04 14:57:51','2018-04-04 14:57:51'),(49,'Illo.',18,'Qui occaecati.','2018-04-21 17:48:02',1,18,1,0,'2018-04-04 14:57:51','2018-04-04 14:57:51'),(50,'Ullam sit.',25,'Totam aspernatur.','2018-04-20 08:18:41',1,53,0,0,'2018-04-04 14:57:51','2018-04-04 14:57:51'),(51,'Inventore.',1,'Cum nam qui quam.','2018-04-22 04:00:53',2,7,0,0,'2018-04-04 14:57:51','2018-04-04 14:57:51'),(52,'Fuga enim.',42,'Officia consequatur.','2018-04-22 16:33:16',0,18,1,0,'2018-04-04 14:57:51','2018-04-04 14:57:51'),(53,'Amet.',37,'Eveniet quos.','2018-04-22 13:08:04',1,37,0,0,'2018-04-04 14:57:51','2018-04-04 14:57:51'),(54,'In a.',22,'Mollitia omnis.','2018-04-20 08:58:41',2,44,2,1,'2018-04-04 14:57:51','2018-04-04 14:57:51'),(55,'Sit rerum.',23,'Tenetur soluta.','2018-04-22 07:16:22',0,1,2,0,'2018-04-04 14:57:51','2018-04-04 14:57:51'),(56,'Debitis.',22,'Fuga qui mollitia.','2018-04-21 04:58:24',1,32,2,0,'2018-04-04 14:57:51','2018-04-04 14:57:51'),(57,'Sit quod.',15,'Unde rem cupiditate.','2018-04-20 08:16:17',2,43,2,0,'2018-04-04 14:57:51','2018-04-04 14:57:51'),(58,'Libero.',46,'Id est deleniti.','2018-04-23 21:21:01',2,16,2,1,'2018-04-04 14:57:51','2018-04-04 14:57:51'),(59,'Vitae.',39,'Explicabo modi est.','2018-04-23 12:01:04',1,89,1,0,'2018-04-04 14:57:52','2018-04-04 14:57:52'),(60,'Sed magni.',45,'At autem aut minus.','2018-04-21 11:46:58',0,37,1,0,'2018-04-04 14:57:52','2018-04-04 14:57:52'),(61,'Quaerat.',11,'Eius tenetur quae.','2018-04-20 13:27:45',1,1,0,0,'2018-04-04 14:57:52','2018-04-04 14:57:52'),(62,'Ea.',32,'Laudantium maxime.','2018-04-22 17:08:34',1,31,1,1,'2018-04-04 14:57:52','2018-04-04 14:57:52'),(63,'Qui.',9,'Aut incidunt quia.','2018-04-20 14:37:51',1,18,1,0,'2018-04-04 14:57:52','2018-04-04 14:57:52'),(64,'Atque.',32,'Nihil voluptates.','2018-04-23 19:34:34',0,38,1,0,'2018-04-04 14:57:52','2018-04-04 14:57:52'),(65,'Voluptate.',8,'Et animi occaecati.','2018-04-22 11:13:13',0,28,2,0,'2018-04-04 14:57:52','2018-04-04 14:57:52'),(66,'Iure quo.',14,'Id temporibus.','2018-04-21 23:14:25',2,20,1,1,'2018-04-04 14:57:52','2018-04-04 14:57:52'),(67,'Est nobis.',49,'Impedit numquam.','2018-04-24 02:38:44',2,91,1,1,'2018-04-04 14:57:52','2018-04-04 14:57:52'),(68,'Qui quasi.',42,'Dolor et accusamus.','2018-04-20 06:13:54',0,19,1,1,'2018-04-04 14:57:52','2018-04-04 14:57:52'),(69,'Sunt.',28,'Aut neque facilis.','2018-04-22 19:51:35',1,72,1,1,'2018-04-04 14:57:52','2018-04-04 14:57:52'),(70,'Hic quod.',35,'Repellendus enim.','2018-04-20 14:15:28',0,5,2,1,'2018-04-04 14:57:52','2018-04-04 14:57:52'),(71,'Voluptas.',38,'Laborum vel harum.','2018-04-22 23:02:48',1,82,2,1,'2018-04-04 14:57:52','2018-04-04 14:57:52'),(72,'Odio.',29,'Accusamus et.','2018-04-22 19:16:50',1,50,2,0,'2018-04-04 14:57:52','2018-04-04 14:57:52'),(73,'Aut ut.',42,'Molestias et neque.','2018-04-24 16:23:54',0,18,2,1,'2018-04-04 14:57:52','2018-04-04 14:57:52'),(74,'Occaecati.',44,'Doloribus eum non.','2018-04-20 23:23:20',0,89,1,0,'2018-04-04 14:57:52','2018-04-04 14:57:52'),(75,'Quia.',7,'Qui labore qui iste.','2018-04-20 03:51:08',2,23,1,1,'2018-04-04 14:57:52','2018-04-04 14:57:52'),(76,'Porro.',5,'Ipsa officia iste.','2018-04-23 18:34:20',1,16,2,0,'2018-04-04 14:57:52','2018-04-04 14:57:52'),(77,'Beatae.',35,'Modi voluptatem et.','2018-04-22 13:26:35',1,53,0,0,'2018-04-04 14:57:52','2018-04-04 14:57:52'),(78,'Qui nulla.',35,'Voluptas velit.','2018-04-24 15:34:07',1,51,2,1,'2018-04-04 14:57:52','2018-04-04 14:57:52'),(79,'Quae.',48,'Molestiae omnis.','2018-04-23 16:39:10',0,46,0,1,'2018-04-04 14:57:52','2018-04-04 14:57:52'),(80,'Rerum.',34,'Totam fugiat ab.','2018-04-20 00:57:15',0,5,0,0,'2018-04-04 14:57:52','2018-04-04 14:57:52'),(81,'Alias a.',48,'Rerum cumque rerum.','2018-04-21 19:23:04',2,1,2,0,'2018-04-04 14:57:52','2018-04-04 14:57:52'),(82,'Sed.',19,'Quidem odio minus.','2018-04-20 22:18:47',0,23,2,0,'2018-04-04 14:57:52','2018-04-04 14:57:52'),(83,'Qui et.',26,'Unde neque quo quae.','2018-04-20 22:13:41',2,68,1,1,'2018-04-04 14:57:52','2018-04-04 14:57:52'),(84,'Et ut.',18,'Deserunt vel illo.','2018-04-24 09:43:28',0,1,0,0,'2018-04-04 14:57:52','2018-04-04 14:57:52'),(85,'Impedit.',3,'Et ut explicabo.','2018-04-22 02:46:41',1,43,0,1,'2018-04-04 14:57:52','2018-04-04 14:57:52'),(86,'Possimus.',8,'Sit commodi cum.','2018-04-21 16:04:54',2,28,0,0,'2018-04-04 14:57:53','2018-04-04 14:57:53'),(87,'Omnis.',43,'Aut corporis enim.','2018-04-21 04:03:09',0,82,2,1,'2018-04-04 14:57:53','2018-04-04 14:57:53'),(88,'Quam.',3,'Et et nobis odit.','2018-04-23 17:44:38',0,9,2,0,'2018-04-04 14:57:53','2018-04-04 14:57:53'),(89,'Et quidem.',30,'Molestias est amet.','2018-04-19 23:05:32',2,12,2,0,'2018-04-04 14:57:53','2018-04-04 14:57:53'),(90,'Magni.',6,'Itaque quasi omnis.','2018-04-22 02:21:55',1,91,0,1,'2018-04-04 14:57:53','2018-04-04 14:57:53'),(91,'Sit ut.',7,'Ut nobis distinctio.','2018-04-20 17:37:23',0,46,2,1,'2018-04-04 14:57:53','2018-04-04 14:57:53'),(92,'Eius.',32,'Nostrum ut.','2018-04-21 13:27:15',1,46,1,1,'2018-04-04 14:57:53','2018-04-04 14:57:53'),(93,'Et sint.',31,'Et neque at modi.','2018-04-22 07:09:38',0,33,0,0,'2018-04-04 14:57:53','2018-04-04 14:57:53'),(94,'Facilis.',29,'Molestias sed eos.','2018-04-20 01:31:44',0,20,0,1,'2018-04-04 14:57:53','2018-04-04 14:57:53'),(95,'Quaerat.',19,'Asperiores quia.','2018-04-24 05:19:04',1,12,2,0,'2018-04-04 14:57:53','2018-04-04 14:57:53'),(96,'Eius.',27,'Eos pariatur ut.','2018-04-20 01:19:17',1,54,2,0,'2018-04-04 14:57:53','2018-04-04 14:57:53'),(97,'Sapiente.',8,'Nulla voluptatem.','2018-04-22 02:51:32',2,36,1,1,'2018-04-04 14:57:53','2018-04-04 14:57:53'),(98,'Veniam.',16,'Recusandae sed.','2018-04-23 05:44:06',2,82,0,0,'2018-04-04 14:57:53','2018-04-04 14:57:53'),(99,'Omnis et.',25,'Aut sunt voluptatum.','2018-04-23 19:20:10',0,72,2,1,'2018-04-04 14:57:53','2018-04-04 14:57:53'),(100,'Ab.',40,'Est consequatur.','2018-04-20 22:24:05',0,67,0,1,'2018-04-04 14:57:53','2018-04-04 14:57:53'),(101,'Vero.',43,'Facilis quia quia.','2018-04-20 12:15:17',0,92,0,1,'2018-04-04 14:57:53','2018-04-04 14:57:53'),(102,'Enim est.',42,'Expedita quod et.','2018-04-20 22:45:29',0,32,0,1,'2018-04-04 14:57:53','2018-04-04 14:57:53'),(103,'Dicta.',10,'Amet unde ratione.','2018-04-23 01:08:45',1,12,1,1,'2018-04-04 14:57:53','2018-04-04 14:57:53'),(104,'Accusamus.',24,'Quo repellat.','2018-04-24 19:47:17',0,77,0,1,'2018-04-04 14:57:53','2018-04-04 14:57:53'),(105,'Fugit.',49,'Sit quisquam.','2018-04-20 12:29:03',2,16,2,0,'2018-04-04 14:57:53','2018-04-04 14:57:53'),(106,'Placeat.',21,'Accusantium libero.','2018-04-20 02:26:31',2,7,2,0,'2018-04-04 14:57:53','2018-04-04 14:57:53'),(107,'Nulla aut.',6,'Consectetur sunt.','2018-04-22 11:37:00',2,9,1,1,'2018-04-04 14:57:53','2018-04-04 14:57:53'),(108,'Sed.',11,'Neque voluptates.','2018-04-21 02:29:23',2,87,2,0,'2018-04-04 14:57:53','2018-04-04 14:57:53'),(109,'Aut.',41,'Non deserunt.','2018-04-24 09:27:16',2,64,0,0,'2018-04-04 14:57:53','2018-04-04 14:57:53'),(110,'Veniam.',25,'Aut rerum est quia.','2018-04-22 21:48:17',1,44,2,1,'2018-04-04 14:57:53','2018-04-04 14:57:53'),(111,'Error ut.',42,'Esse et hic.','2018-04-21 22:01:06',1,12,2,0,'2018-04-04 14:57:53','2018-04-04 14:57:53'),(112,'Et totam.',13,'Quia natus sunt.','2018-04-23 20:52:23',2,68,0,1,'2018-04-04 14:57:53','2018-04-04 14:57:53'),(113,'Et sed.',34,'Perspiciatis.','2018-04-23 03:16:05',2,32,0,1,'2018-04-04 14:57:53','2018-04-04 14:57:53'),(114,'Nostrum.',49,'Doloremque est non.','2018-04-20 22:51:30',1,32,1,0,'2018-04-04 14:57:53','2018-04-04 14:57:53'),(115,'Ut aut.',5,'Corporis beatae.','2018-04-23 21:06:30',1,70,1,1,'2018-04-04 14:57:53','2018-04-04 14:57:53'),(116,'Quia.',34,'Necessitatibus.','2018-04-22 14:05:36',2,79,2,0,'2018-04-04 14:57:54','2018-04-04 14:57:54'),(117,'In dicta.',5,'Sed illum voluptas.','2018-04-23 15:41:28',1,91,1,0,'2018-04-04 14:57:54','2018-04-04 14:57:54'),(118,'Aperiam.',3,'Nam labore quia.','2018-04-24 04:42:29',0,59,2,1,'2018-04-04 14:57:54','2018-04-04 14:57:54'),(119,'Doloribus.',33,'Facilis neque nihil.','2018-04-21 01:14:00',1,91,0,0,'2018-04-04 14:57:54','2018-04-04 14:57:54'),(120,'Quae.',14,'Doloribus et et.','2018-04-24 20:39:24',1,67,0,1,'2018-04-04 14:57:54','2018-04-04 14:57:54'),(121,'Et ut.',39,'Veritatis sint.','2018-04-23 12:06:08',1,67,2,0,'2018-04-04 14:57:54','2018-04-04 14:57:54'),(122,'Voluptas.',48,'Dolor eaque qui qui.','2018-04-22 19:32:37',1,7,2,0,'2018-04-04 14:57:54','2018-04-04 14:57:54'),(123,'Quo.',41,'Laudantium et eum.','2018-04-23 00:04:59',0,7,1,0,'2018-04-04 14:57:54','2018-04-04 14:57:54'),(124,'Dolorum.',28,'Dicta incidunt ut.','2018-04-23 10:22:17',1,54,0,1,'2018-04-04 14:57:54','2018-04-04 14:57:54'),(125,'Sint.',45,'Numquam consequatur.','2018-04-23 01:33:32',0,23,2,1,'2018-04-04 14:57:54','2018-04-04 14:57:54'),(126,'Dolores.',33,'Non autem dicta et.','2018-04-24 18:48:41',0,18,1,1,'2018-04-04 14:57:54','2018-04-04 14:57:54'),(127,'Sapiente.',46,'A expedita nemo.','2018-04-21 23:03:09',1,91,0,0,'2018-04-04 14:57:54','2018-04-04 14:57:54'),(128,'Corporis.',9,'Dolor assumenda.','2018-04-23 01:34:53',2,44,0,0,'2018-04-04 14:57:54','2018-04-04 14:57:54'),(129,'Doloribus.',39,'Id reprehenderit.','2018-04-23 22:58:12',0,16,1,0,'2018-04-04 14:57:54','2018-04-04 14:57:54'),(130,'Sed est.',33,'Corporis sed.','2018-04-24 20:12:30',1,17,0,1,'2018-04-04 14:57:54','2018-04-04 14:57:54'),(131,'Nobis a.',34,'Est alias ut.','2018-04-23 12:46:52',2,38,0,0,'2018-04-04 14:57:54','2018-04-04 14:57:54'),(132,'Voluptas.',17,'Et quaerat.','2018-04-23 02:54:35',0,87,0,0,'2018-04-04 14:57:54','2018-04-04 14:57:54'),(133,'Dolorum.',31,'Quia quia aut.','2018-04-24 00:33:45',1,11,0,1,'2018-04-04 14:57:54','2018-04-04 14:57:54'),(134,'Culpa.',31,'Voluptates esse.','2018-04-24 01:24:37',2,36,2,1,'2018-04-04 14:57:54','2018-04-04 14:57:54'),(135,'Saepe quo.',9,'Voluptatibus.','2018-04-23 23:11:22',2,96,0,0,'2018-04-04 14:57:54','2018-04-04 14:57:54'),(136,'Ipsa.',21,'A repellat.','2018-04-24 17:28:44',1,9,0,1,'2018-04-04 14:57:54','2018-04-04 14:57:54'),(137,'Culpa.',12,'Suscipit cumque ut.','2018-04-24 20:54:55',1,96,1,1,'2018-04-04 14:57:54','2018-04-04 14:57:54'),(138,'Qui ut.',15,'Non veritatis velit.','2018-04-23 09:08:38',2,33,1,1,'2018-04-04 14:57:55','2018-04-04 14:57:55'),(139,'At ea.',28,'Magnam consequatur.','2018-04-20 12:55:49',0,59,0,0,'2018-04-04 14:57:55','2018-04-04 14:57:55'),(140,'Quasi ab.',17,'Soluta error qui.','2018-04-22 16:26:32',1,18,2,1,'2018-04-04 14:57:55','2018-04-04 14:57:55'),(141,'Dolor.',44,'Ut soluta.','2018-04-21 22:01:53',2,69,2,1,'2018-04-04 14:57:55','2018-04-04 14:57:55'),(142,'Quod.',4,'Dolor doloremque.','2018-04-23 14:21:00',2,56,1,0,'2018-04-04 14:57:55','2018-04-04 14:57:55'),(143,'Cum eius.',47,'Debitis consectetur.','2018-04-22 11:38:06',1,92,2,1,'2018-04-04 14:57:55','2018-04-04 14:57:55'),(144,'Placeat.',37,'Ut cum praesentium.','2018-04-22 19:19:00',0,56,0,0,'2018-04-04 14:57:55','2018-04-04 14:57:55'),(145,'Et qui.',14,'Facilis qui qui non.','2018-04-23 08:59:42',2,50,2,0,'2018-04-04 14:57:55','2018-04-04 14:57:55'),(146,'Molestias.',20,'Natus sint.','2018-04-24 14:43:03',1,16,1,0,'2018-04-04 14:57:55','2018-04-04 14:57:55'),(147,'Sed ea.',40,'Reprehenderit nihil.','2018-04-21 13:57:19',1,89,2,0,'2018-04-04 14:57:55','2018-04-04 14:57:55'),(148,'Commodi.',45,'Sunt pariatur.','2018-04-22 17:24:43',2,59,1,1,'2018-04-04 14:57:55','2018-04-04 14:57:55'),(149,'Quia.',28,'Blanditiis eaque.','2018-04-23 08:31:48',2,33,2,0,'2018-04-04 14:57:55','2018-04-04 14:57:55'),(150,'Amet.',20,'Et aut libero.','2018-04-22 21:12:39',2,25,1,1,'2018-04-04 14:57:55','2018-04-04 14:57:55'),(151,'Qui.',21,'Voluptates officiis.','2018-04-23 14:57:28',2,67,0,0,'2018-04-04 14:57:55','2018-04-04 14:57:55'),(152,'Suscipit.',32,'Blanditiis sapiente.','2018-04-22 14:54:24',2,23,0,0,'2018-04-04 14:57:55','2018-04-04 14:57:55'),(153,'Non.',35,'Ipsam quia harum.','2018-04-23 11:31:04',2,36,2,1,'2018-04-04 14:57:55','2018-04-04 14:57:55'),(154,'Omnis.',3,'Asperiores ducimus.','2018-04-24 03:09:16',2,87,1,1,'2018-04-04 14:57:55','2018-04-04 14:57:55'),(155,'Iste quia.',31,'Cum corrupti esse.','2018-04-20 09:38:24',0,37,2,1,'2018-04-04 14:57:55','2018-04-04 14:57:55'),(156,'Molestias.',8,'Aperiam sunt aut.','2018-04-21 23:58:17',2,46,2,0,'2018-04-04 14:57:55','2018-04-04 14:57:55'),(157,'Quaerat.',34,'Ea natus sed.','2018-04-21 08:49:11',0,49,1,0,'2018-04-04 14:57:55','2018-04-04 14:57:55'),(158,'Quo.',28,'Numquam sequi sint.','2018-04-21 04:12:24',0,17,1,0,'2018-04-04 14:57:55','2018-04-04 14:57:55'),(159,'Est.',25,'Sed maxime non quia.','2018-04-24 11:00:56',1,70,0,1,'2018-04-04 14:57:55','2018-04-04 14:57:55'),(160,'Omnis est.',11,'Et eum et ea dolore.','2018-04-20 16:47:59',2,89,0,0,'2018-04-04 14:57:56','2018-04-04 14:57:56'),(161,'Et alias.',15,'Et ullam qui magnam.','2018-04-23 10:19:40',0,34,1,1,'2018-04-04 14:57:56','2018-04-04 14:57:56'),(162,'Et.',3,'Animi quos neque.','2018-04-22 18:42:07',1,25,1,1,'2018-04-04 14:57:56','2018-04-04 14:57:56'),(163,'Beatae ad.',24,'Id saepe aut.','2018-04-22 08:15:05',0,64,2,1,'2018-04-04 14:57:56','2018-04-04 14:57:56'),(164,'Neque.',1,'Vitae eos adipisci.','2018-04-22 23:57:32',0,86,2,0,'2018-04-04 14:57:56','2018-04-04 14:57:56'),(165,'Deleniti.',50,'Quis inventore.','2018-04-24 19:06:17',2,46,1,1,'2018-04-04 14:57:56','2018-04-04 14:57:56'),(166,'Et.',9,'Sapiente maiores.','2018-04-23 01:13:08',0,24,2,1,'2018-04-04 14:57:56','2018-04-04 14:57:56'),(167,'Quos enim.',43,'Et reiciendis id.','2018-04-19 23:06:28',0,12,0,0,'2018-04-04 14:57:56','2018-04-04 14:57:56'),(168,'Id.',17,'Consequatur.','2018-04-22 17:05:26',0,33,1,1,'2018-04-04 14:57:56','2018-04-04 14:57:56'),(169,'Odit vel.',48,'Sint laborum culpa.','2018-04-23 05:12:39',2,11,2,0,'2018-04-04 14:57:56','2018-04-04 14:57:56'),(170,'Sunt.',22,'Sit sequi.','2018-04-20 01:59:25',2,18,0,1,'2018-04-04 14:57:56','2018-04-04 14:57:56'),(171,'Ab nisi.',42,'Dignissimos nam eos.','2018-04-21 03:52:20',1,24,2,1,'2018-04-04 14:57:56','2018-04-04 14:57:56'),(172,'Ratione.',20,'Non mollitia.','2018-04-23 14:19:01',2,87,2,1,'2018-04-04 14:57:56','2018-04-04 14:57:56'),(173,'Molestias.',39,'Alias voluptates.','2018-04-22 19:49:34',0,16,0,1,'2018-04-04 14:57:56','2018-04-04 14:57:56'),(174,'Autem ut.',39,'Voluptatem quis rem.','2018-04-24 12:41:04',0,37,0,1,'2018-04-04 14:57:56','2018-04-04 14:57:56'),(175,'Tempore.',39,'Qui qui dolorem eum.','2018-04-22 18:17:02',2,5,2,0,'2018-04-04 14:57:56','2018-04-04 14:57:56'),(176,'Dolores.',7,'Adipisci debitis ut.','2018-04-22 07:40:21',1,7,0,1,'2018-04-04 14:57:56','2018-04-04 14:57:56'),(177,'Est.',45,'Eligendi neque.','2018-04-23 10:15:48',0,23,0,1,'2018-04-04 14:57:56','2018-04-04 14:57:56'),(178,'Totam.',39,'Non tempora saepe.','2018-04-21 21:50:38',1,50,2,0,'2018-04-04 14:57:56','2018-04-04 14:57:56'),(179,'Accusamus.',27,'Perferendis.','2018-04-23 15:42:25',2,72,1,0,'2018-04-04 14:57:56','2018-04-04 14:57:56'),(180,'Quasi aut.',25,'Modi nobis nihil.','2018-04-20 11:53:47',1,46,0,1,'2018-04-04 14:57:56','2018-04-04 14:57:56'),(181,'Sit quia.',2,'Voluptatem.','2018-04-22 07:46:02',0,20,0,0,'2018-04-04 14:57:56','2018-04-04 14:57:56'),(182,'Voluptas.',24,'Similique rem ipsa.','2018-04-22 20:40:08',2,5,1,1,'2018-04-04 14:57:56','2018-04-04 14:57:56'),(183,'Velit.',48,'Voluptas et eum a.','2018-04-24 21:51:01',0,11,1,1,'2018-04-04 14:57:56','2018-04-04 14:57:56'),(184,'Error.',33,'Reprehenderit.','2018-04-21 17:23:23',2,46,1,1,'2018-04-04 14:57:56','2018-04-04 14:57:56'),(185,'Rerum ut.',2,'Tempora sit sit.','2018-04-21 20:35:15',0,82,1,1,'2018-04-04 14:57:56','2018-04-04 14:57:56'),(186,'Saepe et.',2,'Fugiat amet ut.','2018-04-22 11:32:45',2,91,0,1,'2018-04-04 14:57:56','2018-04-04 14:57:56'),(187,'Assumenda.',27,'Fuga quis suscipit.','2018-04-21 22:25:24',0,46,1,0,'2018-04-04 14:57:56','2018-04-04 14:57:56'),(188,'Corrupti.',20,'Voluptatem facere.','2018-04-24 15:09:32',0,59,2,1,'2018-04-04 14:57:56','2018-04-04 14:57:56'),(189,'Et qui.',4,'Voluptas et enim.','2018-04-21 03:53:05',1,12,2,1,'2018-04-04 14:57:57','2018-04-04 14:57:57'),(190,'Sit iusto.',33,'Quas modi.','2018-04-22 01:56:49',2,44,0,0,'2018-04-04 14:57:57','2018-04-04 14:57:57'),(191,'Et ipsum.',47,'Quibusdam dicta eos.','2018-04-24 15:43:33',2,92,0,0,'2018-04-04 14:57:57','2018-04-04 14:57:57'),(192,'Aut.',5,'Iusto et et omnis.','2018-04-20 18:00:02',0,64,1,0,'2018-04-04 14:57:57','2018-04-04 14:57:57'),(193,'Qui nisi.',36,'Rerum illo.','2018-04-22 15:59:58',2,77,0,0,'2018-04-04 14:57:57','2018-04-04 14:57:57'),(194,'Hic.',47,'Sint alias quis et.','2018-04-23 00:18:58',0,18,0,0,'2018-04-04 14:57:57','2018-04-04 14:57:57'),(195,'Totam est.',4,'Corrupti nostrum.','2018-04-21 07:00:20',0,77,1,0,'2018-04-04 14:57:57','2018-04-04 14:57:57'),(196,'Sit eos.',16,'Quibusdam.','2018-04-20 07:41:36',2,18,1,0,'2018-04-04 14:57:57','2018-04-04 14:57:57'),(197,'Pariatur.',24,'Velit similique.','2018-04-24 14:13:17',0,18,0,1,'2018-04-04 14:57:57','2018-04-04 14:57:57'),(198,'Modi.',34,'Repellendus sed et.','2018-04-20 04:53:57',0,43,0,0,'2018-04-04 14:57:57','2018-04-04 14:57:57'),(199,'Voluptas.',45,'Qui illum qui nobis.','2018-04-24 07:15:10',1,89,1,0,'2018-04-04 14:57:57','2018-04-04 14:57:57'),(200,'Labore.',42,'Iste voluptatibus.','2018-04-22 00:32:22',1,86,2,1,'2018-04-04 14:57:57','2018-04-04 14:57:57');
/*!40000 ALTER TABLE `tasks` ENABLE KEYS */;
UNLOCK TABLES;

--
-- Table structure for table `ticket_descriptions`
--

DROP TABLE IF EXISTS `ticket_descriptions`;
/*!40101 SET @saved_cs_client     = @@character_set_client */;
/*!40101 SET character_set_client = utf8 */;
CREATE TABLE `ticket_descriptions` (
  `ticket_desc_id` int(10) unsigned NOT NULL AUTO_INCREMENT,
  `sub_id` int(10) unsigned NOT NULL,
  `ticket_type` varchar(255) COLLATE utf8mb4_unicode_ci NOT NULL,
  `ticket_price` int(11) NOT NULL,
  `available_tickets` int(11) NOT NULL,
  `sold_tickets` int(11) NOT NULL,
  `ticket_desc_is_active` tinyint(1) NOT NULL,
  `created_at` timestamp NULL DEFAULT NULL,
  `updated_at` timestamp NULL DEFAULT NULL,
  PRIMARY KEY (`ticket_desc_id`),
  KEY `ticket_descriptions_sub_id_foreign` (`sub_id`),
  CONSTRAINT `ticket_descriptions_sub_id_foreign` FOREIGN KEY (`sub_id`) REFERENCES `sub_events` (`sub_id`) ON DELETE CASCADE
) ENGINE=InnoDB AUTO_INCREMENT=501 DEFAULT CHARSET=utf8mb4 COLLATE=utf8mb4_unicode_ci;
/*!40101 SET character_set_client = @saved_cs_client */;

--
-- Dumping data for table `ticket_descriptions`
--

LOCK TABLES `ticket_descriptions` WRITE;
/*!40000 ALTER TABLE `ticket_descriptions` DISABLE KEYS */;
INSERT INTO `ticket_descriptions` VALUES (1,219,'Sit earum.',4555,1309,436,1,'2018-04-04 09:19:25','2018-04-04 09:19:25'),(2,257,'Sapiente.',1027,1366,283,1,'2018-04-04 09:19:25','2018-04-04 09:19:25'),(3,155,'Accusamus.',406,1279,289,1,'2018-04-04 09:19:25','2018-04-04 09:19:25'),(4,6,'Dolore.',4648,749,416,0,'2018-04-04 09:19:25','2018-04-04 09:19:25'),(5,279,'Eum nemo.',943,967,383,1,'2018-04-04 09:19:25','2018-04-04 09:19:25'),(6,8,'Enim.',1992,880,233,1,'2018-04-04 09:19:25','2018-04-04 09:19:25'),(7,281,'Deserunt.',2094,1216,475,0,'2018-04-04 09:19:25','2018-04-04 09:19:25'),(8,157,'Possimus.',2592,840,387,0,'2018-04-04 09:19:25','2018-04-04 09:19:25'),(9,152,'Aut.',842,1268,116,0,'2018-04-04 09:19:25','2018-04-04 09:19:25'),(10,184,'Quia cum.',2973,1533,291,1,'2018-04-04 09:19:25','2018-04-04 09:19:25'),(11,41,'Maxime.',4723,1019,100,0,'2018-04-04 09:19:25','2018-04-04 09:19:25'),(12,88,'Et enim a.',3715,1395,256,0,'2018-04-04 09:19:25','2018-04-04 09:19:25'),(13,6,'Unde.',3266,1686,107,0,'2018-04-04 09:19:25','2018-04-04 09:19:25'),(14,132,'Veniam.',4898,526,41,1,'2018-04-04 09:19:25','2018-04-04 09:19:25'),(15,98,'Est.',3799,1262,226,1,'2018-04-04 09:19:25','2018-04-04 09:19:25'),(16,148,'Voluptas.',4868,1031,216,0,'2018-04-04 09:19:26','2018-04-04 09:19:26'),(17,86,'Facere.',2853,1173,14,1,'2018-04-04 09:19:26','2018-04-04 09:19:26'),(18,168,'Sunt.',2014,878,55,0,'2018-04-04 09:19:26','2018-04-04 09:19:26'),(19,28,'Enim.',3152,1681,351,1,'2018-04-04 09:19:26','2018-04-04 09:19:26'),(20,250,'Sit est.',2957,1550,92,0,'2018-04-04 09:19:26','2018-04-04 09:19:26'),(21,14,'Sapiente.',4965,1291,255,0,'2018-04-04 09:19:26','2018-04-04 09:19:26'),(22,271,'Sint in.',585,787,30,0,'2018-04-04 09:19:26','2018-04-04 09:19:26'),(23,207,'Officia.',1377,1450,144,0,'2018-04-04 09:19:26','2018-04-04 09:19:26'),(24,217,'Odio.',4685,911,171,0,'2018-04-04 09:19:26','2018-04-04 09:19:26'),(25,14,'In rem.',3177,1993,359,0,'2018-04-04 09:19:26','2018-04-04 09:19:26'),(26,187,'Ipsa et.',1434,1606,275,1,'2018-04-04 09:19:26','2018-04-04 09:19:26'),(27,78,'Ea.',3397,1833,313,1,'2018-04-04 09:19:26','2018-04-04 09:19:26'),(28,202,'Quo et.',2187,875,175,0,'2018-04-04 09:19:26','2018-04-04 09:19:26'),(29,260,'Omnis.',2493,1872,41,0,'2018-04-04 09:19:26','2018-04-04 09:19:26'),(30,225,'Est illo.',4007,918,244,0,'2018-04-04 09:19:26','2018-04-04 09:19:26'),(31,173,'Dolor.',4326,1045,26,0,'2018-04-04 09:19:26','2018-04-04 09:19:26'),(32,251,'Labore.',3673,1654,90,1,'2018-04-04 09:19:26','2018-04-04 09:19:26'),(33,161,'Ex iste.',4642,876,239,0,'2018-04-04 09:19:26','2018-04-04 09:19:26'),(34,38,'Eius.',4603,622,291,0,'2018-04-04 09:19:26','2018-04-04 09:19:26'),(35,3,'Ducimus.',3328,1503,413,0,'2018-04-04 09:19:26','2018-04-04 09:19:26'),(36,233,'Itaque in.',3385,593,448,0,'2018-04-04 09:19:26','2018-04-04 09:19:26'),(37,249,'Quia.',2005,1200,418,1,'2018-04-04 09:19:26','2018-04-04 09:19:26'),(38,70,'Sit.',2651,1599,490,0,'2018-04-04 09:19:27','2018-04-04 09:19:27'),(39,253,'Voluptate.',1380,1626,8,0,'2018-04-04 09:19:27','2018-04-04 09:19:27'),(40,123,'Non enim.',2200,1977,11,1,'2018-04-04 09:19:27','2018-04-04 09:19:27'),(41,240,'Suscipit.',599,827,406,0,'2018-04-04 09:19:27','2018-04-04 09:19:27'),(42,46,'Sunt nisi.',2257,1674,179,0,'2018-04-04 09:19:27','2018-04-04 09:19:27'),(43,157,'Aut cum.',1771,1260,210,1,'2018-04-04 09:19:27','2018-04-04 09:19:27'),(44,220,'Adipisci.',4323,1572,414,0,'2018-04-04 09:19:27','2018-04-04 09:19:27'),(45,176,'Incidunt.',495,1938,168,0,'2018-04-04 09:19:27','2018-04-04 09:19:27'),(46,223,'Aliquam.',3678,1560,420,1,'2018-04-04 09:19:27','2018-04-04 09:19:27'),(47,37,'Ullam.',3215,1369,280,1,'2018-04-04 09:19:27','2018-04-04 09:19:27'),(48,108,'Ut quidem.',1451,680,279,1,'2018-04-04 09:19:27','2018-04-04 09:19:27'),(49,87,'Ut maxime.',1636,664,342,0,'2018-04-04 09:19:27','2018-04-04 09:19:27'),(50,274,'Possimus.',210,859,384,1,'2018-04-04 09:19:27','2018-04-04 09:19:27'),(51,252,'Dicta.',2665,1228,177,1,'2018-04-04 09:19:27','2018-04-04 09:19:27'),(52,39,'Omnis.',4194,1292,417,0,'2018-04-04 09:19:27','2018-04-04 09:19:27'),(53,87,'Ut.',856,1206,427,1,'2018-04-04 09:19:27','2018-04-04 09:19:27'),(54,49,'Est sed.',4408,944,123,1,'2018-04-04 09:19:27','2018-04-04 09:19:27'),(55,247,'Nisi eius.',2006,848,453,1,'2018-04-04 09:19:27','2018-04-04 09:19:27'),(56,74,'Cumque.',4559,1017,176,1,'2018-04-04 09:19:27','2018-04-04 09:19:27'),(57,229,'Dolore.',3519,1783,387,1,'2018-04-04 09:19:27','2018-04-04 09:19:27'),(58,48,'Et aut.',1200,1748,394,0,'2018-04-04 09:19:27','2018-04-04 09:19:27'),(59,96,'Fuga.',1784,1042,219,0,'2018-04-04 09:19:27','2018-04-04 09:19:27'),(60,276,'Error.',1601,801,122,1,'2018-04-04 09:19:27','2018-04-04 09:19:27'),(61,7,'Dolorem.',1845,1148,167,1,'2018-04-04 09:19:27','2018-04-04 09:19:27'),(62,147,'Expedita.',554,1921,381,0,'2018-04-04 09:19:27','2018-04-04 09:19:27'),(63,182,'Suscipit.',1803,1604,298,0,'2018-04-04 09:19:27','2018-04-04 09:19:27'),(64,142,'Est modi.',4489,863,289,1,'2018-04-04 09:19:27','2018-04-04 09:19:27'),(65,22,'Et.',1070,1851,297,0,'2018-04-04 09:19:27','2018-04-04 09:19:27'),(66,57,'Sit.',3126,757,274,1,'2018-04-04 09:19:27','2018-04-04 09:19:27'),(67,70,'Omnis.',1427,550,330,1,'2018-04-04 09:19:28','2018-04-04 09:19:28'),(68,39,'Delectus.',2544,1051,327,1,'2018-04-04 09:19:28','2018-04-04 09:19:28'),(69,81,'Amet.',2219,1603,220,1,'2018-04-04 09:19:28','2018-04-04 09:19:28'),(70,128,'Nostrum.',2832,1851,286,0,'2018-04-04 09:19:28','2018-04-04 09:19:28'),(71,155,'Vel qui.',3071,1409,173,0,'2018-04-04 09:19:28','2018-04-04 09:19:28'),(72,263,'Deserunt.',354,633,84,0,'2018-04-04 09:19:28','2018-04-04 09:19:28'),(73,289,'Aut.',980,1960,22,0,'2018-04-04 09:19:28','2018-04-04 09:19:28'),(74,271,'Ut fuga.',344,562,283,1,'2018-04-04 09:19:28','2018-04-04 09:19:28'),(75,120,'Tenetur.',1852,1577,139,0,'2018-04-04 09:19:28','2018-04-04 09:19:28'),(76,166,'Dolores.',3895,1611,158,0,'2018-04-04 09:19:28','2018-04-04 09:19:28'),(77,100,'Est aut.',407,1794,223,0,'2018-04-04 09:19:28','2018-04-04 09:19:28'),(78,63,'Totam rem.',3791,520,73,0,'2018-04-04 09:19:28','2018-04-04 09:19:28'),(79,178,'Dolor hic.',3800,1773,265,0,'2018-04-04 09:19:28','2018-04-04 09:19:28'),(80,215,'Sunt ea.',3903,1145,396,0,'2018-04-04 09:19:28','2018-04-04 09:19:28'),(81,257,'Dolorem.',266,1815,86,0,'2018-04-04 09:19:28','2018-04-04 09:19:28'),(82,229,'Sint.',2080,983,318,1,'2018-04-04 09:19:28','2018-04-04 09:19:28'),(83,234,'Mollitia.',3450,1363,140,1,'2018-04-04 09:19:28','2018-04-04 09:19:28'),(84,236,'Iure et.',3511,576,251,0,'2018-04-04 09:19:28','2018-04-04 09:19:28'),(85,290,'Hic nihil.',3044,976,63,1,'2018-04-04 09:19:28','2018-04-04 09:19:28'),(86,286,'Quis et.',3972,858,57,0,'2018-04-04 09:19:28','2018-04-04 09:19:28'),(87,297,'Minima.',1522,623,485,0,'2018-04-04 09:19:28','2018-04-04 09:19:28'),(88,101,'Quaerat.',720,568,55,1,'2018-04-04 09:19:28','2018-04-04 09:19:28'),(89,175,'Quam iste.',307,1096,22,0,'2018-04-04 09:19:28','2018-04-04 09:19:28'),(90,83,'Ut sit.',3893,779,185,1,'2018-04-04 09:19:28','2018-04-04 09:19:28'),(91,1,'Optio.',3679,1845,85,0,'2018-04-04 09:19:28','2018-04-04 09:19:28'),(92,239,'Sint odit.',4741,1206,19,0,'2018-04-04 09:19:28','2018-04-04 09:19:28'),(93,77,'Nostrum.',940,522,294,0,'2018-04-04 09:19:28','2018-04-04 09:19:28'),(94,284,'Eius.',748,509,211,0,'2018-04-04 09:19:28','2018-04-04 09:19:28'),(95,179,'Quidem.',658,1834,31,1,'2018-04-04 09:19:29','2018-04-04 09:19:29'),(96,217,'Rerum.',3349,1826,184,1,'2018-04-04 09:19:29','2018-04-04 09:19:29'),(97,46,'Quia non.',1409,706,115,0,'2018-04-04 09:19:29','2018-04-04 09:19:29'),(98,148,'Dicta.',3569,1215,198,0,'2018-04-04 09:19:29','2018-04-04 09:19:29'),(99,64,'Quod.',3203,1365,489,0,'2018-04-04 09:19:29','2018-04-04 09:19:29'),(100,28,'Iure non.',2386,1691,215,1,'2018-04-04 09:19:29','2018-04-04 09:19:29'),(101,194,'Dicta et.',1049,1358,203,0,'2018-04-04 09:19:29','2018-04-04 09:19:29'),(102,256,'Qui.',2185,1567,165,0,'2018-04-04 09:19:29','2018-04-04 09:19:29'),(103,116,'Eum.',2817,1413,443,0,'2018-04-04 09:19:29','2018-04-04 09:19:29'),(104,41,'Eos id.',2551,1403,33,1,'2018-04-04 09:19:29','2018-04-04 09:19:29'),(105,232,'Dolorum.',2179,540,270,0,'2018-04-04 09:19:29','2018-04-04 09:19:29'),(106,288,'Tempore.',2638,549,214,0,'2018-04-04 09:19:29','2018-04-04 09:19:29'),(107,253,'Quis.',4854,1004,155,1,'2018-04-04 09:19:29','2018-04-04 09:19:29'),(108,196,'Ut qui.',1696,1992,144,0,'2018-04-04 09:19:29','2018-04-04 09:19:29'),(109,38,'Sit.',357,779,10,0,'2018-04-04 09:19:29','2018-04-04 09:19:29'),(110,206,'Eveniet.',1919,1310,34,1,'2018-04-04 09:19:29','2018-04-04 09:19:29'),(111,106,'Molestiae.',501,634,271,1,'2018-04-04 09:19:29','2018-04-04 09:19:29'),(112,220,'Inventore.',2895,1704,389,1,'2018-04-04 09:19:29','2018-04-04 09:19:29'),(113,29,'Velit.',784,1338,407,0,'2018-04-04 09:19:29','2018-04-04 09:19:29'),(114,24,'Est sit.',4620,1540,432,1,'2018-04-04 09:19:29','2018-04-04 09:19:29'),(115,46,'Eum.',4299,1734,464,0,'2018-04-04 09:19:29','2018-04-04 09:19:29'),(116,245,'Non amet.',3469,1585,283,1,'2018-04-04 09:19:29','2018-04-04 09:19:29'),(117,278,'Animi vel.',4976,967,483,1,'2018-04-04 09:19:29','2018-04-04 09:19:29'),(118,37,'Corrupti.',1863,870,421,1,'2018-04-04 09:19:30','2018-04-04 09:19:30'),(119,124,'Autem.',320,1136,250,0,'2018-04-04 09:19:30','2018-04-04 09:19:30'),(120,289,'Omnis non.',3617,1203,338,1,'2018-04-04 09:19:30','2018-04-04 09:19:30'),(121,80,'Dolore.',3211,1248,276,0,'2018-04-04 09:19:30','2018-04-04 09:19:30'),(122,144,'Possimus.',1735,1998,257,0,'2018-04-04 09:19:30','2018-04-04 09:19:30'),(123,55,'Error.',4527,1985,490,0,'2018-04-04 09:19:30','2018-04-04 09:19:30'),(124,154,'Debitis.',3758,1283,88,0,'2018-04-04 09:19:30','2018-04-04 09:19:30'),(125,278,'Ab.',3365,820,142,1,'2018-04-04 09:19:30','2018-04-04 09:19:30'),(126,299,'Omnis vel.',1416,1491,400,1,'2018-04-04 09:19:30','2018-04-04 09:19:30'),(127,182,'Ut.',899,648,75,1,'2018-04-04 09:19:30','2018-04-04 09:19:30'),(128,78,'Numquam.',4349,1655,401,0,'2018-04-04 09:19:30','2018-04-04 09:19:30'),(129,51,'Commodi.',135,1694,282,1,'2018-04-04 09:19:30','2018-04-04 09:19:30'),(130,48,'Ut non.',852,1762,389,0,'2018-04-04 09:19:30','2018-04-04 09:19:30'),(131,60,'Dolorem.',728,855,318,0,'2018-04-04 09:19:30','2018-04-04 09:19:30'),(132,12,'Saepe.',310,583,353,1,'2018-04-04 09:19:30','2018-04-04 09:19:30'),(133,77,'Accusamus.',957,1773,75,0,'2018-04-04 09:19:30','2018-04-04 09:19:30'),(134,261,'Dolores.',1036,1969,65,1,'2018-04-04 09:19:30','2018-04-04 09:19:30'),(135,10,'Ea sequi.',4025,643,457,1,'2018-04-04 09:19:30','2018-04-04 09:19:30'),(136,84,'Rem eum.',3697,705,163,0,'2018-04-04 09:19:30','2018-04-04 09:19:30'),(137,278,'Omnis.',2512,633,292,1,'2018-04-04 09:19:30','2018-04-04 09:19:30'),(138,132,'Occaecati.',368,1625,319,1,'2018-04-04 09:19:30','2018-04-04 09:19:30'),(139,98,'Voluptate.',2970,1466,59,0,'2018-04-04 09:19:30','2018-04-04 09:19:30'),(140,238,'Ut quia.',4078,1788,93,1,'2018-04-04 09:19:30','2018-04-04 09:19:30'),(141,157,'Vel.',1044,1563,201,1,'2018-04-04 09:19:31','2018-04-04 09:19:31'),(142,191,'Qui.',1537,1260,490,1,'2018-04-04 09:19:31','2018-04-04 09:19:31'),(143,2,'Pariatur.',124,597,416,0,'2018-04-04 09:19:31','2018-04-04 09:19:31'),(144,173,'Vitae.',2390,676,380,1,'2018-04-04 09:19:31','2018-04-04 09:19:31'),(145,10,'Et sint.',4962,1401,118,1,'2018-04-04 09:19:31','2018-04-04 09:19:31'),(146,251,'Hic.',4383,1703,112,0,'2018-04-04 09:19:31','2018-04-04 09:19:31'),(147,29,'Qui est.',1340,579,149,0,'2018-04-04 09:19:31','2018-04-04 09:19:31'),(148,300,'Iusto.',2414,1698,29,0,'2018-04-04 09:19:31','2018-04-04 09:19:31'),(149,22,'Totam et.',3858,1349,9,0,'2018-04-04 09:19:31','2018-04-04 09:19:31'),(150,56,'Ad.',2373,1832,189,1,'2018-04-04 09:19:31','2018-04-04 09:19:31'),(151,213,'Explicabo.',1150,1983,500,0,'2018-04-04 09:19:31','2018-04-04 09:19:31'),(152,146,'Eum id.',1301,973,251,0,'2018-04-04 09:19:31','2018-04-04 09:19:31'),(153,144,'In.',2439,1298,98,0,'2018-04-04 09:19:31','2018-04-04 09:19:31'),(154,60,'Illum.',636,780,404,1,'2018-04-04 09:19:31','2018-04-04 09:19:31'),(155,224,'Sit.',2654,1451,216,1,'2018-04-04 09:19:31','2018-04-04 09:19:31'),(156,113,'Eum id.',3277,1866,160,1,'2018-04-04 09:19:31','2018-04-04 09:19:31'),(157,35,'Dolor.',646,992,159,0,'2018-04-04 09:19:31','2018-04-04 09:19:31'),(158,14,'Sed.',577,1763,181,1,'2018-04-04 09:19:31','2018-04-04 09:19:31'),(159,206,'Earum.',3322,1959,90,1,'2018-04-04 09:19:31','2018-04-04 09:19:31'),(160,16,'Laborum.',3462,1867,3,0,'2018-04-04 09:19:31','2018-04-04 09:19:31'),(161,235,'Culpa qui.',4161,546,121,0,'2018-04-04 09:19:31','2018-04-04 09:19:31'),(162,169,'Excepturi.',1080,1217,361,0,'2018-04-04 09:19:31','2018-04-04 09:19:31'),(163,248,'Occaecati.',1095,1584,153,1,'2018-04-04 09:19:31','2018-04-04 09:19:31'),(164,187,'Sapiente.',737,1980,131,0,'2018-04-04 09:19:31','2018-04-04 09:19:31'),(165,206,'Quae eum.',2447,1339,220,0,'2018-04-04 09:19:31','2018-04-04 09:19:31'),(166,243,'Quasi.',3620,1735,465,1,'2018-04-04 09:19:31','2018-04-04 09:19:31'),(167,267,'Beatae.',2717,919,498,0,'2018-04-04 09:19:31','2018-04-04 09:19:31'),(168,69,'Quasi.',2868,695,50,1,'2018-04-04 09:19:31','2018-04-04 09:19:31'),(169,82,'Autem.',1773,1888,173,1,'2018-04-04 09:19:31','2018-04-04 09:19:31'),(170,223,'Dolores.',3676,868,34,0,'2018-04-04 09:19:31','2018-04-04 09:19:31'),(171,237,'Maiores.',296,670,330,1,'2018-04-04 09:19:32','2018-04-04 09:19:32'),(172,126,'Minus qui.',644,1628,421,0,'2018-04-04 09:19:32','2018-04-04 09:19:32'),(173,71,'Et ea et.',2482,822,320,0,'2018-04-04 09:19:32','2018-04-04 09:19:32'),(174,120,'Provident.',831,1027,66,0,'2018-04-04 09:19:32','2018-04-04 09:19:32'),(175,89,'Ut qui.',4033,686,223,1,'2018-04-04 09:19:32','2018-04-04 09:19:32'),(176,208,'Dolor.',1607,1840,271,0,'2018-04-04 09:19:32','2018-04-04 09:19:32'),(177,274,'Aut alias.',2857,1913,323,0,'2018-04-04 09:19:32','2018-04-04 09:19:32'),(178,226,'Neque.',3968,1217,87,0,'2018-04-04 09:19:32','2018-04-04 09:19:32'),(179,67,'Nobis ut.',3553,653,59,0,'2018-04-04 09:19:32','2018-04-04 09:19:32'),(180,101,'Excepturi.',763,1861,251,0,'2018-04-04 09:19:32','2018-04-04 09:19:32'),(181,222,'Sit.',3650,1538,121,1,'2018-04-04 09:19:32','2018-04-04 09:19:32'),(182,133,'Et modi.',3817,642,336,0,'2018-04-04 09:19:32','2018-04-04 09:19:32'),(183,2,'Debitis.',4895,1723,176,1,'2018-04-04 09:19:32','2018-04-04 09:19:32'),(184,291,'Provident.',3162,909,291,0,'2018-04-04 09:19:32','2018-04-04 09:19:32'),(185,272,'Magni.',4770,1352,84,0,'2018-04-04 09:19:32','2018-04-04 09:19:32'),(186,108,'Odit.',516,807,246,0,'2018-04-04 09:19:32','2018-04-04 09:19:32'),(187,223,'Rerum.',4323,1737,109,0,'2018-04-04 09:19:32','2018-04-04 09:19:32'),(188,174,'Ea.',3937,631,110,0,'2018-04-04 09:19:32','2018-04-04 09:19:32'),(189,115,'Quam nam.',4666,1166,138,0,'2018-04-04 09:19:32','2018-04-04 09:19:32'),(190,15,'Ipsum ea.',1159,1710,84,1,'2018-04-04 09:19:32','2018-04-04 09:19:32'),(191,120,'Non quas.',4995,1386,42,1,'2018-04-04 09:19:32','2018-04-04 09:19:32'),(192,131,'Atque.',998,827,243,0,'2018-04-04 09:19:32','2018-04-04 09:19:32'),(193,83,'Error est.',4883,1638,413,0,'2018-04-04 09:19:33','2018-04-04 09:19:33'),(194,209,'Tempore.',4126,1959,23,0,'2018-04-04 09:19:33','2018-04-04 09:19:33'),(195,59,'Dolorem.',3912,1757,61,1,'2018-04-04 09:19:33','2018-04-04 09:19:33'),(196,123,'Sit.',112,1330,360,1,'2018-04-04 09:19:33','2018-04-04 09:19:33'),(197,50,'Aperiam.',900,712,15,1,'2018-04-04 09:19:33','2018-04-04 09:19:33'),(198,281,'Rerum.',2545,1852,213,1,'2018-04-04 09:19:33','2018-04-04 09:19:33'),(199,92,'Soluta.',390,1554,335,1,'2018-04-04 09:19:33','2018-04-04 09:19:33'),(200,68,'Incidunt.',127,1518,486,1,'2018-04-04 09:19:33','2018-04-04 09:19:33'),(201,251,'Rerum.',4645,1289,114,0,'2018-04-04 09:19:33','2018-04-04 09:19:33'),(202,99,'Quae et.',2605,1202,212,0,'2018-04-04 09:19:33','2018-04-04 09:19:33'),(203,12,'Atque.',962,605,396,1,'2018-04-04 09:19:33','2018-04-04 09:19:33'),(204,67,'Vel.',1748,1209,194,0,'2018-04-04 09:19:33','2018-04-04 09:19:33'),(205,80,'Rem.',4347,610,67,1,'2018-04-04 09:19:33','2018-04-04 09:19:33'),(206,244,'Non hic.',192,751,76,1,'2018-04-04 09:19:33','2018-04-04 09:19:33'),(207,143,'Sequi.',273,524,156,0,'2018-04-04 09:19:33','2018-04-04 09:19:33'),(208,53,'Et.',1200,1720,431,1,'2018-04-04 09:19:33','2018-04-04 09:19:33'),(209,81,'Omnis rem.',2760,1549,176,1,'2018-04-04 09:19:33','2018-04-04 09:19:33'),(210,263,'Ut minima.',4411,1159,430,0,'2018-04-04 09:19:33','2018-04-04 09:19:33'),(211,158,'Eligendi.',3430,1132,402,1,'2018-04-04 09:19:33','2018-04-04 09:19:33'),(212,245,'Qui.',840,1598,500,0,'2018-04-04 09:19:33','2018-04-04 09:19:33'),(213,238,'Facere.',3539,910,19,1,'2018-04-04 09:19:33','2018-04-04 09:19:33'),(214,271,'Minus.',272,1349,3,0,'2018-04-04 09:19:33','2018-04-04 09:19:33'),(215,279,'Ea dolore.',3181,1629,33,1,'2018-04-04 09:19:33','2018-04-04 09:19:33'),(216,24,'Id esse.',3614,1728,162,1,'2018-04-04 09:19:34','2018-04-04 09:19:34'),(217,129,'Labore.',1832,1000,339,1,'2018-04-04 09:19:34','2018-04-04 09:19:34'),(218,153,'Autem sit.',1379,1139,299,1,'2018-04-04 09:19:34','2018-04-04 09:19:34'),(219,24,'Soluta.',3603,1387,195,0,'2018-04-04 09:19:34','2018-04-04 09:19:34'),(220,257,'Excepturi.',4864,1729,274,1,'2018-04-04 09:19:34','2018-04-04 09:19:34'),(221,178,'Velit.',3053,1451,247,0,'2018-04-04 09:19:34','2018-04-04 09:19:34'),(222,88,'Facere at.',3315,1510,300,1,'2018-04-04 09:19:34','2018-04-04 09:19:34'),(223,136,'Adipisci.',4805,719,31,1,'2018-04-04 09:19:34','2018-04-04 09:19:34'),(224,267,'Omnis.',4932,1574,361,1,'2018-04-04 09:19:34','2018-04-04 09:19:34'),(225,95,'Maiores.',3398,698,375,1,'2018-04-04 09:19:34','2018-04-04 09:19:34'),(226,31,'Sit ut at.',1455,945,169,1,'2018-04-04 09:19:34','2018-04-04 09:19:34'),(227,272,'Ratione.',2237,951,66,1,'2018-04-04 09:19:34','2018-04-04 09:19:34'),(228,228,'Aut.',4848,1718,149,0,'2018-04-04 09:19:34','2018-04-04 09:19:34'),(229,286,'Molestiae.',4973,1081,209,0,'2018-04-04 09:19:34','2018-04-04 09:19:34'),(230,64,'Possimus.',634,662,429,1,'2018-04-04 09:19:34','2018-04-04 09:19:34'),(231,256,'Aut.',4899,1451,333,1,'2018-04-04 09:19:34','2018-04-04 09:19:34'),(232,125,'Qui quis.',3655,1466,359,1,'2018-04-04 09:19:34','2018-04-04 09:19:34'),(233,14,'Id rem et.',179,1991,336,1,'2018-04-04 09:19:34','2018-04-04 09:19:34'),(234,104,'Doloribus.',2219,1394,400,0,'2018-04-04 09:19:34','2018-04-04 09:19:34'),(235,112,'Ut et.',2964,1486,496,1,'2018-04-04 09:19:34','2018-04-04 09:19:34'),(236,122,'Atque.',1456,1448,204,1,'2018-04-04 09:19:34','2018-04-04 09:19:34'),(237,131,'Voluptas.',4736,703,153,1,'2018-04-04 09:19:34','2018-04-04 09:19:34'),(238,1,'Harum.',678,1135,235,1,'2018-04-04 09:19:34','2018-04-04 09:19:34'),(239,227,'Ut quidem.',3738,883,223,1,'2018-04-04 09:19:34','2018-04-04 09:19:34'),(240,66,'Quam sed.',3075,720,295,0,'2018-04-04 09:19:34','2018-04-04 09:19:34'),(241,60,'Autem in.',2194,1413,491,1,'2018-04-04 09:19:34','2018-04-04 09:19:34'),(242,245,'Mollitia.',822,1990,138,0,'2018-04-04 09:19:34','2018-04-04 09:19:34'),(243,117,'Quis.',1465,1221,128,0,'2018-04-04 09:19:34','2018-04-04 09:19:34'),(244,71,'Quia.',519,1623,251,0,'2018-04-04 09:19:35','2018-04-04 09:19:35'),(245,298,'Illo.',3731,1606,379,1,'2018-04-04 09:19:35','2018-04-04 09:19:35'),(246,186,'Eligendi.',313,709,364,1,'2018-04-04 09:19:35','2018-04-04 09:19:35'),(247,220,'Non et.',2262,1477,477,0,'2018-04-04 09:19:35','2018-04-04 09:19:35'),(248,294,'Enim.',2980,1846,165,0,'2018-04-04 09:19:35','2018-04-04 09:19:35'),(249,174,'Repellat.',3005,1390,355,1,'2018-04-04 09:19:35','2018-04-04 09:19:35'),(250,154,'Velit.',4432,574,288,1,'2018-04-04 09:19:35','2018-04-04 09:19:35'),(251,216,'Qui.',351,1519,281,0,'2018-04-04 09:19:35','2018-04-04 09:19:35'),(252,269,'Assumenda.',4815,1928,102,1,'2018-04-04 09:19:35','2018-04-04 09:19:35'),(253,299,'Placeat.',260,1109,417,1,'2018-04-04 09:19:35','2018-04-04 09:19:35'),(254,270,'Eligendi.',680,667,406,0,'2018-04-04 09:19:35','2018-04-04 09:19:35'),(255,132,'Quod.',2615,1650,64,1,'2018-04-04 09:19:35','2018-04-04 09:19:35'),(256,6,'Vitae.',2436,1429,291,1,'2018-04-04 09:19:35','2018-04-04 09:19:35'),(257,76,'A.',3401,1179,145,1,'2018-04-04 09:19:35','2018-04-04 09:19:35'),(258,96,'Dolorem.',1480,851,493,1,'2018-04-04 09:19:35','2018-04-04 09:19:35'),(259,239,'Aut aut.',981,1756,70,1,'2018-04-04 09:19:35','2018-04-04 09:19:35'),(260,189,'Molestiae.',3124,1562,354,1,'2018-04-04 09:19:35','2018-04-04 09:19:35'),(261,294,'Aliquam.',2000,690,90,0,'2018-04-04 09:19:35','2018-04-04 09:19:35'),(262,37,'Incidunt.',4810,644,191,1,'2018-04-04 09:19:35','2018-04-04 09:19:35'),(263,25,'Tempora.',3764,1510,10,0,'2018-04-04 09:19:35','2018-04-04 09:19:35'),(264,27,'Ut nobis.',4241,678,153,0,'2018-04-04 09:19:35','2018-04-04 09:19:35'),(265,152,'Quas nisi.',4099,1957,431,1,'2018-04-04 09:19:35','2018-04-04 09:19:35'),(266,7,'Omnis.',4878,1761,209,0,'2018-04-04 09:19:35','2018-04-04 09:19:35'),(267,298,'Dolore.',4335,1409,301,0,'2018-04-04 09:19:35','2018-04-04 09:19:35'),(268,58,'Sunt ut.',1577,1690,116,0,'2018-04-04 09:19:35','2018-04-04 09:19:35'),(269,226,'Voluptate.',2778,1723,297,0,'2018-04-04 09:19:35','2018-04-04 09:19:35'),(270,93,'Nihil vel.',1871,1852,67,0,'2018-04-04 09:19:35','2018-04-04 09:19:35'),(271,254,'Aliquam.',1113,1219,240,1,'2018-04-04 09:19:36','2018-04-04 09:19:36'),(272,199,'Velit.',3283,1420,310,0,'2018-04-04 09:19:36','2018-04-04 09:19:36'),(273,207,'Quisquam.',3162,1786,200,0,'2018-04-04 09:19:36','2018-04-04 09:19:36'),(274,206,'Accusamus.',4988,1041,428,0,'2018-04-04 09:19:36','2018-04-04 09:19:36'),(275,141,'Quia.',1631,695,185,0,'2018-04-04 09:19:36','2018-04-04 09:19:36'),(276,57,'Quasi.',1666,1698,447,0,'2018-04-04 09:19:36','2018-04-04 09:19:36'),(277,84,'Non.',2999,1762,369,1,'2018-04-04 09:19:36','2018-04-04 09:19:36'),(278,187,'Inventore.',2073,845,230,1,'2018-04-04 09:19:36','2018-04-04 09:19:36'),(279,129,'Rerum sit.',4316,788,133,1,'2018-04-04 09:19:36','2018-04-04 09:19:36'),(280,231,'Dolorem.',4770,1058,172,0,'2018-04-04 09:19:36','2018-04-04 09:19:36'),(281,230,'Dolorum.',2301,1890,253,0,'2018-04-04 09:19:36','2018-04-04 09:19:36'),(282,229,'Et.',223,1119,317,0,'2018-04-04 09:19:36','2018-04-04 09:19:36'),(283,187,'Tempora.',3764,989,13,0,'2018-04-04 09:19:36','2018-04-04 09:19:36'),(284,83,'Quia.',2523,1621,309,0,'2018-04-04 09:19:36','2018-04-04 09:19:36'),(285,199,'Sunt.',1043,1558,32,0,'2018-04-04 09:19:36','2018-04-04 09:19:36'),(286,251,'Sed.',3431,1756,275,0,'2018-04-04 09:19:36','2018-04-04 09:19:36'),(287,145,'Voluptas.',4274,602,269,0,'2018-04-04 09:19:36','2018-04-04 09:19:36'),(288,247,'Facilis.',100,1999,222,0,'2018-04-04 09:19:36','2018-04-04 09:19:36'),(289,166,'Iure nemo.',2038,1444,199,1,'2018-04-04 09:19:36','2018-04-04 09:19:36'),(290,102,'Corrupti.',1795,1298,417,0,'2018-04-04 09:19:36','2018-04-04 09:19:36'),(291,10,'Magnam.',193,1889,272,0,'2018-04-04 09:19:36','2018-04-04 09:19:36'),(292,107,'Ut.',3641,936,94,1,'2018-04-04 09:19:37','2018-04-04 09:19:37'),(293,119,'Non.',2613,727,129,0,'2018-04-04 09:19:37','2018-04-04 09:19:37'),(294,224,'Ipsa sit.',675,1666,92,1,'2018-04-04 09:19:37','2018-04-04 09:19:37'),(295,115,'Et nihil.',2751,1176,110,1,'2018-04-04 09:19:37','2018-04-04 09:19:37'),(296,239,'Maxime et.',1443,1133,316,0,'2018-04-04 09:19:37','2018-04-04 09:19:37'),(297,5,'Voluptas.',4484,617,70,0,'2018-04-04 09:19:37','2018-04-04 09:19:37'),(298,285,'Ea.',4484,1447,478,1,'2018-04-04 09:19:37','2018-04-04 09:19:37'),(299,131,'Quia quia.',3511,717,388,1,'2018-04-04 09:19:37','2018-04-04 09:19:37'),(300,222,'Omnis.',1399,971,320,0,'2018-04-04 09:19:37','2018-04-04 09:19:37'),(301,108,'Quia.',4551,1923,399,1,'2018-04-04 09:19:37','2018-04-04 09:19:37'),(302,261,'Nihil.',4541,921,455,0,'2018-04-04 09:19:37','2018-04-04 09:19:37'),(303,283,'Omnis.',1550,802,40,0,'2018-04-04 09:19:37','2018-04-04 09:19:37'),(304,176,'Illum.',228,1055,419,0,'2018-04-04 09:19:37','2018-04-04 09:19:37'),(305,298,'Quisquam.',4491,1240,242,1,'2018-04-04 09:19:37','2018-04-04 09:19:37'),(306,166,'Sint.',1757,1302,32,1,'2018-04-04 09:19:37','2018-04-04 09:19:37'),(307,141,'Fuga ad.',3651,1733,259,1,'2018-04-04 09:19:37','2018-04-04 09:19:37'),(308,234,'Tenetur.',370,583,379,0,'2018-04-04 09:19:37','2018-04-04 09:19:37'),(309,49,'Dolor.',4979,568,111,0,'2018-04-04 09:19:37','2018-04-04 09:19:37'),(310,258,'Sed vel.',4286,1611,291,1,'2018-04-04 09:19:37','2018-04-04 09:19:37'),(311,75,'Quaerat.',2653,1148,153,0,'2018-04-04 09:19:37','2018-04-04 09:19:37'),(312,133,'Enim.',1013,1531,25,0,'2018-04-04 09:19:38','2018-04-04 09:19:38'),(313,174,'Est quis.',1522,1207,257,0,'2018-04-04 09:19:38','2018-04-04 09:19:38'),(314,191,'Aut.',134,1205,289,0,'2018-04-04 09:19:38','2018-04-04 09:19:38'),(315,145,'Excepturi.',109,1876,243,1,'2018-04-04 09:19:38','2018-04-04 09:19:38'),(316,68,'Quas ea.',1359,1825,275,0,'2018-04-04 09:19:38','2018-04-04 09:19:38'),(317,225,'Et.',3889,892,233,1,'2018-04-04 09:19:38','2018-04-04 09:19:38'),(318,174,'Et modi.',1730,751,94,0,'2018-04-04 09:19:38','2018-04-04 09:19:38'),(319,286,'Magni vel.',758,1759,104,1,'2018-04-04 09:19:38','2018-04-04 09:19:38'),(320,154,'Voluptas.',2564,1773,176,0,'2018-04-04 09:19:38','2018-04-04 09:19:38'),(321,45,'Accusamus.',1321,854,452,0,'2018-04-04 09:19:38','2018-04-04 09:19:38'),(322,287,'Quasi.',2242,1277,28,1,'2018-04-04 09:19:38','2018-04-04 09:19:38'),(323,35,'Rem.',3350,1743,61,0,'2018-04-04 09:19:38','2018-04-04 09:19:38'),(324,64,'Debitis.',930,1781,224,0,'2018-04-04 09:19:38','2018-04-04 09:19:38'),(325,274,'Fugit.',3939,540,418,0,'2018-04-04 09:19:38','2018-04-04 09:19:38'),(326,202,'Ut.',2103,866,298,1,'2018-04-04 09:19:38','2018-04-04 09:19:38'),(327,144,'Non.',1185,1649,56,0,'2018-04-04 09:19:38','2018-04-04 09:19:38'),(328,221,'Doloribus.',2355,959,208,0,'2018-04-04 09:19:38','2018-04-04 09:19:38'),(329,249,'Mollitia.',3099,1438,169,1,'2018-04-04 09:19:38','2018-04-04 09:19:38'),(330,50,'Totam.',2011,628,258,1,'2018-04-04 09:19:38','2018-04-04 09:19:38'),(331,42,'Expedita.',592,967,211,1,'2018-04-04 09:19:38','2018-04-04 09:19:38'),(332,47,'Suscipit.',1983,1715,310,1,'2018-04-04 09:19:38','2018-04-04 09:19:38'),(333,84,'Tempora.',2635,994,339,0,'2018-04-04 09:19:38','2018-04-04 09:19:38'),(334,51,'Quia est.',2571,1066,20,1,'2018-04-04 09:19:38','2018-04-04 09:19:38'),(335,144,'Dolorem.',2435,835,497,0,'2018-04-04 09:19:39','2018-04-04 09:19:39'),(336,95,'Dolores.',4830,1752,319,0,'2018-04-04 09:19:39','2018-04-04 09:19:39'),(337,13,'Animi.',1812,746,421,0,'2018-04-04 09:19:39','2018-04-04 09:19:39'),(338,50,'Non.',4991,1696,12,1,'2018-04-04 09:19:39','2018-04-04 09:19:39'),(339,193,'Aut ea.',491,1813,100,1,'2018-04-04 09:19:39','2018-04-04 09:19:39'),(340,274,'Est quod.',2764,640,231,0,'2018-04-04 09:19:39','2018-04-04 09:19:39'),(341,6,'Ut non.',4270,844,133,1,'2018-04-04 09:19:39','2018-04-04 09:19:39'),(342,16,'A.',2608,1586,226,1,'2018-04-04 09:19:39','2018-04-04 09:19:39'),(343,83,'Eaque.',2666,1390,78,0,'2018-04-04 09:19:39','2018-04-04 09:19:39'),(344,292,'Quia.',3071,1821,127,0,'2018-04-04 09:19:39','2018-04-04 09:19:39'),(345,123,'Ipsum sit.',988,1566,208,0,'2018-04-04 09:19:39','2018-04-04 09:19:39'),(346,74,'Aut.',3307,1931,180,0,'2018-04-04 09:19:39','2018-04-04 09:19:39'),(347,184,'Cum.',2807,592,464,1,'2018-04-04 09:19:39','2018-04-04 09:19:39'),(348,177,'Autem et.',4416,1519,176,0,'2018-04-04 09:19:39','2018-04-04 09:19:39'),(349,126,'Similique.',3232,1404,250,1,'2018-04-04 09:19:39','2018-04-04 09:19:39'),(350,255,'Quos ab.',3944,1323,204,1,'2018-04-04 09:19:39','2018-04-04 09:19:39'),(351,164,'Quaerat.',3972,1803,1,1,'2018-04-04 09:19:39','2018-04-04 09:19:39'),(352,204,'Ex est.',523,1268,237,0,'2018-04-04 09:19:39','2018-04-04 09:19:39'),(353,72,'Omnis.',3048,1550,329,1,'2018-04-04 09:19:39','2018-04-04 09:19:39'),(354,170,'Pariatur.',1965,1409,218,1,'2018-04-04 09:19:39','2018-04-04 09:19:39'),(355,182,'Aut.',1702,1933,190,0,'2018-04-04 09:19:39','2018-04-04 09:19:39'),(356,98,'Et ipsum.',1907,722,152,1,'2018-04-04 09:19:39','2018-04-04 09:19:39'),(357,129,'Saepe.',2141,1492,232,1,'2018-04-04 09:19:39','2018-04-04 09:19:39'),(358,236,'Sunt.',808,1390,189,0,'2018-04-04 09:19:39','2018-04-04 09:19:39'),(359,58,'Est rerum.',1641,506,119,1,'2018-04-04 09:19:39','2018-04-04 09:19:39'),(360,5,'Non sunt.',2410,1214,103,1,'2018-04-04 09:19:39','2018-04-04 09:19:39'),(361,19,'Corrupti.',1982,1519,402,0,'2018-04-04 09:19:39','2018-04-04 09:19:39'),(362,13,'Tenetur.',1969,605,185,0,'2018-04-04 09:19:40','2018-04-04 09:19:40'),(363,264,'Fugit.',1533,1742,43,0,'2018-04-04 09:19:40','2018-04-04 09:19:40'),(364,119,'Omnis.',2505,550,328,1,'2018-04-04 09:19:40','2018-04-04 09:19:40'),(365,261,'Sit.',4466,1523,104,0,'2018-04-04 09:19:40','2018-04-04 09:19:40'),(366,101,'Nam quia.',4923,1176,252,1,'2018-04-04 09:19:40','2018-04-04 09:19:40'),(367,294,'Optio.',4375,1707,294,1,'2018-04-04 09:19:40','2018-04-04 09:19:40'),(368,16,'Quos.',3726,1142,233,1,'2018-04-04 09:19:40','2018-04-04 09:19:40'),(369,82,'Dicta.',3889,1943,105,0,'2018-04-04 09:19:40','2018-04-04 09:19:40'),(370,247,'Dolor.',3613,1571,412,0,'2018-04-04 09:19:40','2018-04-04 09:19:40'),(371,294,'Ipsam.',3189,1917,472,1,'2018-04-04 09:19:40','2018-04-04 09:19:40'),(372,41,'Tempora.',3317,1417,254,1,'2018-04-04 09:19:40','2018-04-04 09:19:40'),(373,231,'Minus.',2516,1819,283,0,'2018-04-04 09:19:40','2018-04-04 09:19:40'),(374,134,'At ut.',1220,1521,493,0,'2018-04-04 09:19:40','2018-04-04 09:19:40'),(375,292,'Dolorum.',2239,1276,114,0,'2018-04-04 09:19:40','2018-04-04 09:19:40'),(376,203,'Earum.',1727,1330,166,0,'2018-04-04 09:19:40','2018-04-04 09:19:40'),(377,81,'Illo ut.',487,517,383,1,'2018-04-04 09:19:40','2018-04-04 09:19:40'),(378,28,'Accusamus.',966,997,114,1,'2018-04-04 09:19:40','2018-04-04 09:19:40'),(379,120,'Et quis.',1762,710,322,0,'2018-04-04 09:19:40','2018-04-04 09:19:40'),(380,35,'Ipsum vel.',4561,1556,102,0,'2018-04-04 09:19:40','2018-04-04 09:19:40'),(381,241,'Alias.',4598,1355,167,1,'2018-04-04 09:19:40','2018-04-04 09:19:40'),(382,244,'Repellat.',4953,776,417,1,'2018-04-04 09:19:40','2018-04-04 09:19:40'),(383,62,'Ut ut.',3791,1258,282,0,'2018-04-04 09:19:41','2018-04-04 09:19:41'),(384,192,'Porro hic.',1533,1555,132,0,'2018-04-04 09:19:41','2018-04-04 09:19:41'),(385,114,'Impedit.',3691,1174,213,0,'2018-04-04 09:19:41','2018-04-04 09:19:41'),(386,178,'A.',940,1874,150,0,'2018-04-04 09:19:41','2018-04-04 09:19:41'),(387,252,'Aut.',1039,1538,21,0,'2018-04-04 09:19:41','2018-04-04 09:19:41'),(388,266,'Quasi.',3752,748,407,0,'2018-04-04 09:19:41','2018-04-04 09:19:41'),(389,11,'Itaque.',1097,738,475,1,'2018-04-04 09:19:41','2018-04-04 09:19:41'),(390,131,'Odio.',4710,917,215,1,'2018-04-04 09:19:41','2018-04-04 09:19:41'),(391,177,'Similique.',3208,1239,53,1,'2018-04-04 09:19:41','2018-04-04 09:19:41'),(392,225,'Ut porro.',4975,1973,478,1,'2018-04-04 09:19:41','2018-04-04 09:19:41'),(393,225,'Eum.',1949,809,198,0,'2018-04-04 09:19:41','2018-04-04 09:19:41'),(394,199,'Nihil.',1884,781,167,1,'2018-04-04 09:19:41','2018-04-04 09:19:41'),(395,260,'Dolor.',2113,680,104,1,'2018-04-04 09:19:41','2018-04-04 09:19:41'),(396,217,'Occaecati.',2203,1441,440,1,'2018-04-04 09:19:41','2018-04-04 09:19:41'),(397,167,'Nemo et.',1724,1105,142,1,'2018-04-04 09:19:42','2018-04-04 09:19:42'),(398,257,'Itaque.',267,1391,108,1,'2018-04-04 09:19:42','2018-04-04 09:19:42'),(399,253,'Animi.',4246,1581,268,1,'2018-04-04 09:19:42','2018-04-04 09:19:42'),(400,74,'Ex quo.',1258,844,308,0,'2018-04-04 09:19:42','2018-04-04 09:19:42'),(401,271,'Qui quo.',2265,1617,487,0,'2018-04-04 09:19:42','2018-04-04 09:19:42'),(402,92,'Ex ut.',3255,806,353,0,'2018-04-04 09:19:42','2018-04-04 09:19:42'),(403,297,'Aut.',4042,1001,344,0,'2018-04-04 09:19:42','2018-04-04 09:19:42'),(404,216,'Molestiae.',1817,1848,2,0,'2018-04-04 09:19:42','2018-04-04 09:19:42'),(405,262,'Autem non.',394,1497,312,0,'2018-04-04 09:19:42','2018-04-04 09:19:42'),(406,205,'Facilis.',2906,537,499,1,'2018-04-04 09:19:42','2018-04-04 09:19:42'),(407,96,'Dolor.',2227,1087,139,0,'2018-04-04 09:19:42','2018-04-04 09:19:42'),(408,3,'Et fugiat.',1192,1764,125,0,'2018-04-04 09:19:42','2018-04-04 09:19:42'),(409,69,'Minima et.',2213,928,416,0,'2018-04-04 09:19:42','2018-04-04 09:19:42'),(410,97,'Veritatis.',268,1606,166,1,'2018-04-04 09:19:42','2018-04-04 09:19:42'),(411,115,'Similique.',1354,1441,101,1,'2018-04-04 09:19:43','2018-04-04 09:19:43'),(412,151,'Vel et.',4476,1551,253,0,'2018-04-04 09:19:43','2018-04-04 09:19:43'),(413,132,'Qui vitae.',2551,1558,0,0,'2018-04-04 09:19:43','2018-04-04 09:19:43'),(414,291,'Quos.',2390,1016,22,1,'2018-04-04 09:19:43','2018-04-04 09:19:43'),(415,147,'Earum.',4428,1115,247,0,'2018-04-04 09:19:43','2018-04-04 09:19:43'),(416,261,'Est harum.',1132,576,9,0,'2018-04-04 09:19:43','2018-04-04 09:19:43'),(417,280,'Aut.',3728,939,68,0,'2018-04-04 09:19:43','2018-04-04 09:19:43'),(418,128,'Modi.',643,1939,126,1,'2018-04-04 09:19:43','2018-04-04 09:19:43'),(419,108,'Et.',3471,1793,143,1,'2018-04-04 09:19:43','2018-04-04 09:19:43'),(420,82,'Dolorem.',2219,1669,143,1,'2018-04-04 09:19:43','2018-04-04 09:19:43'),(421,250,'Aut.',1860,851,251,0,'2018-04-04 09:19:43','2018-04-04 09:19:43'),(422,17,'Aut.',4629,691,152,0,'2018-04-04 09:19:43','2018-04-04 09:19:43'),(423,253,'Ut odit.',329,1541,491,1,'2018-04-04 09:19:43','2018-04-04 09:19:43'),(424,163,'Id optio.',295,1248,134,0,'2018-04-04 09:19:43','2018-04-04 09:19:43'),(425,185,'Quisquam.',1141,1199,40,0,'2018-04-04 09:19:43','2018-04-04 09:19:43'),(426,263,'Aut ad.',3295,1350,335,1,'2018-04-04 09:19:43','2018-04-04 09:19:43'),(427,139,'Delectus.',852,1290,101,1,'2018-04-04 09:19:43','2018-04-04 09:19:43'),(428,46,'Vel.',583,1712,75,0,'2018-04-04 09:19:43','2018-04-04 09:19:43'),(429,164,'Voluptas.',2625,1584,406,0,'2018-04-04 09:19:43','2018-04-04 09:19:43'),(430,179,'Est.',3765,817,181,1,'2018-04-04 09:19:43','2018-04-04 09:19:43'),(431,9,'Dolor id.',4086,990,493,0,'2018-04-04 09:19:43','2018-04-04 09:19:43'),(432,113,'Et natus.',3381,1646,348,0,'2018-04-04 09:19:44','2018-04-04 09:19:44'),(433,156,'Enim vel.',3257,1790,244,0,'2018-04-04 09:19:44','2018-04-04 09:19:44'),(434,288,'Delectus.',988,1457,70,1,'2018-04-04 09:19:44','2018-04-04 09:19:44'),(435,30,'Aut.',2805,1943,377,1,'2018-04-04 09:19:44','2018-04-04 09:19:44'),(436,277,'Nostrum.',2158,1049,290,1,'2018-04-04 09:19:44','2018-04-04 09:19:44'),(437,98,'Dolorem.',1724,1418,312,1,'2018-04-04 09:19:44','2018-04-04 09:19:44'),(438,171,'Qui nulla.',1311,1652,394,0,'2018-04-04 09:19:44','2018-04-04 09:19:44'),(439,71,'Eius.',1591,1952,107,1,'2018-04-04 09:19:44','2018-04-04 09:19:44'),(440,117,'Quas.',1822,1873,126,0,'2018-04-04 09:19:44','2018-04-04 09:19:44'),(441,58,'Laborum.',2885,1793,327,0,'2018-04-04 09:19:44','2018-04-04 09:19:44'),(442,176,'Omnis.',360,1712,432,1,'2018-04-04 09:19:44','2018-04-04 09:19:44'),(443,132,'Et itaque.',957,1773,52,1,'2018-04-04 09:19:44','2018-04-04 09:19:44'),(444,295,'Unde.',513,1994,166,0,'2018-04-04 09:19:44','2018-04-04 09:19:44'),(445,236,'Quaerat.',3329,1674,285,1,'2018-04-04 09:19:44','2018-04-04 09:19:44'),(446,22,'Nisi non.',3856,1126,377,0,'2018-04-04 09:19:44','2018-04-04 09:19:44'),(447,120,'Qui.',421,1004,372,0,'2018-04-04 09:19:44','2018-04-04 09:19:44'),(448,246,'Voluptas.',1931,1807,403,1,'2018-04-04 09:19:44','2018-04-04 09:19:44'),(449,71,'Dolores.',3130,511,401,0,'2018-04-04 09:19:44','2018-04-04 09:19:44'),(450,41,'Similique.',1175,1503,33,0,'2018-04-04 09:19:45','2018-04-04 09:19:45'),(451,89,'Sed.',3155,756,4,0,'2018-04-04 09:19:45','2018-04-04 09:19:45'),(452,274,'Ipsam.',4050,1609,79,1,'2018-04-04 09:19:45','2018-04-04 09:19:45'),(453,291,'A dolorum.',1058,1679,436,1,'2018-04-04 09:19:45','2018-04-04 09:19:45'),(454,153,'Dolorem.',4092,1504,162,0,'2018-04-04 09:19:45','2018-04-04 09:19:45'),(455,288,'Possimus.',325,1305,105,1,'2018-04-04 09:19:45','2018-04-04 09:19:45'),(456,249,'In est.',3383,798,387,1,'2018-04-04 09:19:45','2018-04-04 09:19:45'),(457,99,'Culpa ut.',3455,1423,148,1,'2018-04-04 09:19:45','2018-04-04 09:19:45'),(458,261,'Eum sunt.',4800,1576,388,1,'2018-04-04 09:19:45','2018-04-04 09:19:45'),(459,211,'Et nobis.',1156,1478,269,0,'2018-04-04 09:19:45','2018-04-04 09:19:45'),(460,139,'Ab.',4047,1880,490,1,'2018-04-04 09:19:45','2018-04-04 09:19:45'),(461,129,'Dicta.',538,1425,16,1,'2018-04-04 09:19:45','2018-04-04 09:19:45'),(462,156,'Corporis.',3201,631,380,0,'2018-04-04 09:19:45','2018-04-04 09:19:45'),(463,81,'Expedita.',2769,657,16,1,'2018-04-04 09:19:45','2018-04-04 09:19:45'),(464,262,'Molestias.',4610,600,39,1,'2018-04-04 09:19:45','2018-04-04 09:19:45'),(465,269,'Nesciunt.',117,595,307,0,'2018-04-04 09:19:45','2018-04-04 09:19:45'),(466,4,'Voluptas.',4438,1820,369,1,'2018-04-04 09:19:46','2018-04-04 09:19:46'),(467,48,'Quis.',1627,630,427,0,'2018-04-04 09:19:46','2018-04-04 09:19:46'),(468,254,'Sed velit.',1304,1347,176,0,'2018-04-04 09:19:46','2018-04-04 09:19:46'),(469,155,'Sunt.',3656,807,94,0,'2018-04-04 09:19:46','2018-04-04 09:19:46'),(470,285,'Esse.',4931,546,431,0,'2018-04-04 09:19:46','2018-04-04 09:19:46'),(471,278,'Earum.',2614,1291,139,1,'2018-04-04 09:19:46','2018-04-04 09:19:46'),(472,8,'Officiis.',1632,1692,292,1,'2018-04-04 09:19:46','2018-04-04 09:19:46'),(473,291,'Sit ipsa.',1677,943,307,0,'2018-04-04 09:19:46','2018-04-04 09:19:46'),(474,34,'Ut est.',1265,1515,299,0,'2018-04-04 09:19:46','2018-04-04 09:19:46'),(475,217,'Quia.',396,1859,466,1,'2018-04-04 09:19:46','2018-04-04 09:19:46'),(476,74,'Quibusdam.',1255,1691,195,0,'2018-04-04 09:19:46','2018-04-04 09:19:46'),(477,29,'Vel.',4149,1780,275,0,'2018-04-04 09:19:46','2018-04-04 09:19:46'),(478,258,'Illo cum.',3111,1135,418,1,'2018-04-04 09:19:46','2018-04-04 09:19:46'),(479,168,'Adipisci.',2744,1944,2,1,'2018-04-04 09:19:46','2018-04-04 09:19:46'),(480,271,'Molestias.',3386,754,355,1,'2018-04-04 09:19:46','2018-04-04 09:19:46'),(481,225,'Assumenda.',860,1504,191,1,'2018-04-04 09:19:46','2018-04-04 09:19:46'),(482,51,'Dolore.',2140,1307,221,1,'2018-04-04 09:19:46','2018-04-04 09:19:46'),(483,99,'Occaecati.',3877,1326,103,0,'2018-04-04 09:19:47','2018-04-04 09:19:47'),(484,109,'In natus.',468,1579,475,1,'2018-04-04 09:19:47','2018-04-04 09:19:47'),(485,133,'Debitis.',2241,1072,298,0,'2018-04-04 09:19:47','2018-04-04 09:19:47'),(486,43,'Enim.',2146,1541,324,0,'2018-04-04 09:19:47','2018-04-04 09:19:47'),(487,224,'Corporis.',3049,1923,187,1,'2018-04-04 09:19:47','2018-04-04 09:19:47'),(488,116,'Ut.',614,1896,148,0,'2018-04-04 09:19:47','2018-04-04 09:19:47'),(489,158,'Dolores.',2799,1204,177,1,'2018-04-04 09:19:47','2018-04-04 09:19:47'),(490,220,'Porro et.',2277,1223,261,1,'2018-04-04 09:19:47','2018-04-04 09:19:47'),(491,18,'Ea sint.',1612,558,93,0,'2018-04-04 09:19:47','2018-04-04 09:19:47'),(492,287,'Sed.',2841,1132,107,1,'2018-04-04 09:19:47','2018-04-04 09:19:47'),(493,210,'Nihil.',745,1741,79,0,'2018-04-04 09:19:47','2018-04-04 09:19:47'),(494,113,'Modi.',2232,1865,47,0,'2018-04-04 09:19:47','2018-04-04 09:19:47'),(495,138,'Numquam.',1807,1830,308,0,'2018-04-04 09:19:47','2018-04-04 09:19:47'),(496,131,'Aliquid.',2591,1944,456,0,'2018-04-04 09:19:47','2018-04-04 09:19:47'),(497,139,'Eum quam.',3497,1329,368,1,'2018-04-04 09:19:47','2018-04-04 09:19:47'),(498,102,'Vel sed.',1795,879,318,0,'2018-04-04 09:19:47','2018-04-04 09:19:47'),(499,215,'Debitis.',923,1819,495,1,'2018-04-04 09:19:47','2018-04-04 09:19:47'),(500,5,'Vitae et.',4314,801,185,1,'2018-04-04 09:19:47','2018-04-04 09:19:47');
/*!40000 ALTER TABLE `ticket_descriptions` ENABLE KEYS */;
UNLOCK TABLES;

--
-- Table structure for table `user_authentications`
--

DROP TABLE IF EXISTS `user_authentications`;
/*!40101 SET @saved_cs_client     = @@character_set_client */;
/*!40101 SET character_set_client = utf8 */;
CREATE TABLE `user_authentications` (
  `user_id` int(10) unsigned NOT NULL,
  `user_type_id` int(10) unsigned NOT NULL,
  `user_email` varchar(40) COLLATE utf8mb4_unicode_ci NOT NULL,
  `user_password` varchar(30) COLLATE utf8mb4_unicode_ci NOT NULL,
  `user_auth_is_active` tinyint(1) NOT NULL,
  `created_at` timestamp NULL DEFAULT NULL,
  `updated_at` timestamp NULL DEFAULT NULL,
  PRIMARY KEY (`user_id`,`user_type_id`),
  KEY `user_authentications_user_type_id_foreign` (`user_type_id`),
  CONSTRAINT `user_authentications_user_id_foreign` FOREIGN KEY (`user_id`) REFERENCES `users` (`user_id`) ON DELETE CASCADE,
  CONSTRAINT `user_authentications_user_type_id_foreign` FOREIGN KEY (`user_type_id`) REFERENCES `user_types` (`user_type_id`) ON DELETE CASCADE
) ENGINE=InnoDB DEFAULT CHARSET=utf8mb4 COLLATE=utf8mb4_unicode_ci;
/*!40101 SET character_set_client = @saved_cs_client */;

--
-- Dumping data for table `user_authentications`
--

LOCK TABLES `user_authentications` WRITE;
/*!40000 ALTER TABLE `user_authentications` DISABLE KEYS */;
INSERT INTO `user_authentications` VALUES (1,2,'rkunze@yahoo.co.in','1734',0,'2018-04-03 04:29:31','2018-04-03 04:29:31'),(2,3,'brycen.kozey@yahoo.com','9800',1,'2018-04-03 04:29:33','2018-04-03 04:29:33'),(3,3,'mertie.mcdermott@gmail.com','1681',0,'2018-04-03 04:29:32','2018-04-03 04:29:32'),(4,3,'brisa.becker@rediffmail.com','8622',0,'2018-04-03 04:29:31','2018-04-03 04:29:31'),(5,2,'caterina20@rediffmail.com','5854',0,'2018-04-03 04:29:33','2018-04-03 04:29:33'),(6,3,'lang.april@yahoo.co.in','4398',0,'2018-04-03 04:29:31','2018-04-03 04:29:31'),(7,2,'sporer.tristian@yahoo.com','6397',1,'2018-04-03 04:29:33','2018-04-03 04:29:33'),(8,3,'ethelyn.hyatt@yahoo.co.in','6177',0,'2018-04-03 04:29:32','2018-04-03 04:29:32'),(9,2,'daugherty.leonard@yahoo.com','2417',1,'2018-04-03 04:29:32','2018-04-03 04:29:32'),(10,3,'mattie.leannon@yahoo.com','3182',0,'2018-04-03 04:29:32','2018-04-03 04:29:32'),(11,2,'amber.gottlieb@hotmail.com','8568',1,'2018-04-03 04:29:30','2018-04-03 04:29:30'),(12,2,'kunde.jaime@rediffmail.com','1616',0,'2018-04-03 04:29:34','2018-04-03 04:29:34'),(13,3,'easter.osinski@yahoo.co.in','1853',1,'2018-04-03 04:29:33','2018-04-03 04:29:33'),(14,3,'nwiegand@gmail.com','2552',1,'2018-04-03 04:29:33','2018-04-03 04:29:33'),(15,3,'hilbert13@hotmail.com','2950',0,'2018-04-03 04:29:33','2018-04-03 04:29:33'),(16,2,'leffler.rashad@rediffmail.com','5913',0,'2018-04-03 04:29:31','2018-04-03 04:29:31'),(17,2,'gussie25@rediffmail.com','5199',0,'2018-04-03 04:29:30','2018-04-03 04:29:30'),(18,2,'hschmitt@yahoo.co.in','6628',1,'2018-04-03 04:29:33','2018-04-03 04:29:33'),(19,2,'schulist.braulio@yahoo.co.in','6367',0,'2018-04-03 04:29:31','2018-04-03 04:29:31'),(20,2,'dulce.rodriguez@hotmail.com','4014',1,'2018-04-03 04:29:34','2018-04-03 04:29:34'),(21,3,'lockman.gordon@yahoo.com','9059',0,'2018-04-03 04:29:33','2018-04-03 04:29:33'),(22,3,'hermiston.felix@gmail.com','1754',1,'2018-04-03 04:29:33','2018-04-03 04:29:33'),(23,2,'xsporer@gmail.com','1315',1,'2018-04-03 04:29:32','2018-04-03 04:29:32'),(24,2,'herbert77@yahoo.com','3406',1,'2018-04-03 04:29:31','2018-04-03 04:29:31'),(25,2,'collins.ansley@yahoo.co.in','2669',0,'2018-04-03 04:29:32','2018-04-03 04:29:32'),(26,3,'orland.langosh@yahoo.com','1902',0,'2018-04-03 04:29:33','2018-04-03 04:29:33'),(27,3,'josiane.marvin@yahoo.com','8054',1,'2018-04-03 04:29:32','2018-04-03 04:29:32'),(28,2,'garfield36@hotmail.com','6703',0,'2018-04-03 04:29:30','2018-04-03 04:29:30'),(29,3,'qwilderman@rediffmail.com','5561',0,'2018-04-03 04:29:34','2018-04-03 04:29:34'),(30,3,'mellie94@hotmail.com','5935',1,'2018-04-03 04:29:31','2018-04-03 04:29:31'),(31,2,'gerhold.trey@rediffmail.com','6563',1,'2018-04-03 04:29:33','2018-04-03 04:29:33'),(32,2,'lmiller@yahoo.co.in','6809',0,'2018-04-03 04:29:31','2018-04-03 04:29:31'),(33,2,'vincent40@hotmail.com','8853',1,'2018-04-03 04:29:33','2018-04-03 04:29:33'),(34,2,'eldridge.schoen@yahoo.com','3944',0,'2018-04-03 04:29:33','2018-04-03 04:29:33'),(35,3,'qschaden@hotmail.com','1634',0,'2018-04-03 04:29:32','2018-04-03 04:29:32'),(36,2,'bethany.jacobson@rediffmail.com','3252',1,'2018-04-03 04:29:34','2018-04-03 04:29:34'),(37,2,'brennon49@yahoo.com','9826',0,'2018-04-03 04:29:34','2018-04-03 04:29:34'),(38,2,'cloyd.abernathy@rediffmail.com','3169',0,'2018-04-03 04:29:31','2018-04-03 04:29:31'),(39,2,'marcelle37@gmail.com','6004',1,'2018-04-03 04:29:32','2018-04-03 04:29:32'),(40,3,'swisoky@gmail.com','5614',0,'2018-04-03 04:29:31','2018-04-03 04:29:31'),(41,3,'nolan13@hotmail.com','6543',0,'2018-04-03 04:29:33','2018-04-03 04:29:33'),(42,3,'cory.lebsack@hotmail.com','2902',1,'2018-04-03 04:29:33','2018-04-03 04:29:33'),(43,2,'drobel@rediffmail.com','1094',1,'2018-04-03 04:29:33','2018-04-03 04:29:33'),(44,2,'rempel.einar@gmail.com','7567',0,'2018-04-03 04:29:30','2018-04-03 04:29:30'),(45,3,'gussie.durgan@yahoo.com','9362',0,'2018-04-03 04:29:34','2018-04-03 04:29:34'),(46,2,'jorge.koelpin@yahoo.com','2102',0,'2018-04-03 04:29:31','2018-04-03 04:29:31'),(47,3,'samantha54@gmail.com','5223',1,'2018-04-03 04:29:31','2018-04-03 04:29:31'),(48,3,'otto89@hotmail.com','1896',1,'2018-04-03 04:29:31','2018-04-03 04:29:31'),(49,2,'cheyenne50@hotmail.com','3143',1,'2018-04-03 04:29:33','2018-04-03 04:29:33'),(50,2,'moriah.bailey@yahoo.co.in','6475',1,'2018-04-03 04:29:34','2018-04-03 04:29:34'),(51,2,'antonia.senger@yahoo.com','8860',0,'2018-04-03 04:29:33','2018-04-03 04:29:33'),(52,3,'parisian.markus@hotmail.com','1676',0,'2018-04-03 04:29:31','2018-04-03 04:29:31'),(53,2,'brittany.skiles@yahoo.co.in','3050',1,'2018-04-03 04:29:33','2018-04-03 04:29:33'),(54,2,'hcronin@rediffmail.com','1046',1,'2018-04-03 04:29:33','2018-04-03 04:29:33'),(55,3,'melody23@hotmail.com','8126',1,'2018-04-03 04:29:34','2018-04-03 04:29:34'),(56,2,'hayden.upton@yahoo.com','9973',1,'2018-04-03 04:29:32','2018-04-03 04:29:32'),(57,3,'upton.georgianna@rediffmail.com','3055',1,'2018-04-03 04:29:30','2018-04-03 04:29:30'),(58,3,'jacobson.charlene@yahoo.co.in','9703',0,'2018-04-03 04:29:32','2018-04-03 04:29:32'),(59,2,'sylvia.purdy@yahoo.com','6637',0,'2018-04-03 04:29:32','2018-04-03 04:29:32'),(60,3,'gluettgen@hotmail.com','2442',0,'2018-04-03 04:29:32','2018-04-03 04:29:32'),(61,2,'xernser@gmail.com','6645',0,'2018-04-03 04:29:34','2018-04-03 04:29:34'),(62,3,'runolfsdottir.jaqueline@yahoo.co.in','5817',0,'2018-04-03 04:29:32','2018-04-03 04:29:32'),(63,3,'frank32@rediffmail.com','6754',1,'2018-04-03 04:29:30','2018-04-03 04:29:30'),(64,2,'colton.blanda@yahoo.co.in','6475',0,'2018-04-03 04:29:34','2018-04-03 04:29:34'),(65,3,'hilll.kelli@yahoo.co.in','2547',1,'2018-04-03 04:29:33','2018-04-03 04:29:33'),(66,3,'javonte79@gmail.com','9066',1,'2018-04-03 04:29:32','2018-04-03 04:29:32'),(67,2,'akassulke@yahoo.com','6181',1,'2018-04-03 04:29:30','2018-04-03 04:29:30'),(68,2,'jenkins.dane@yahoo.com','3076',0,'2018-04-03 04:29:30','2018-04-03 04:29:30'),(69,2,'kiehn.nestor@hotmail.com','9602',1,'2018-04-03 04:29:31','2018-04-03 04:29:31'),(70,2,'hand.verna@rediffmail.com','7674',0,'2018-04-03 04:29:31','2018-04-03 04:29:31'),(71,3,'ebony.langworth@yahoo.com','6531',0,'2018-04-03 04:29:30','2018-04-03 04:29:30'),(72,2,'weber.lorenza@gmail.com','4520',1,'2018-04-03 04:29:33','2018-04-03 04:29:33'),(73,3,'qdonnelly@rediffmail.com','3468',0,'2018-04-03 04:29:32','2018-04-03 04:29:32'),(74,3,'hettinger.jaden@hotmail.com','7954',0,'2018-04-03 04:29:31','2018-04-03 04:29:31'),(75,3,'hodkiewicz.kurt@rediffmail.com','4650',0,'2018-04-03 04:29:33','2018-04-03 04:29:33'),(76,3,'annette79@hotmail.com','6256',0,'2018-04-03 04:29:32','2018-04-03 04:29:32'),(77,2,'mante.citlalli@rediffmail.com','2515',1,'2018-04-03 04:29:31','2018-04-03 04:29:31'),(78,3,'dhaag@yahoo.com','6458',0,'2018-04-03 04:29:33','2018-04-03 04:29:33'),(79,2,'rose17@hotmail.com','5277',1,'2018-04-03 04:29:30','2018-04-03 04:29:30'),(80,3,'uratke@gmail.com','6987',0,'2018-04-03 04:29:34','2018-04-03 04:29:34'),(81,3,'leon.sporer@gmail.com','5651',1,'2018-04-03 04:29:30','2018-04-03 04:29:30'),(82,2,'moriah.fadel@yahoo.com','6221',0,'2018-04-03 04:29:32','2018-04-03 04:29:32'),(83,3,'zgreenfelder@hotmail.com','1936',0,'2018-04-03 04:29:30','2018-04-03 04:29:30'),(84,3,'cristobal.cole@hotmail.com','8074',0,'2018-04-03 04:29:30','2018-04-03 04:29:30'),(85,3,'roosevelt42@yahoo.com','9016',1,'2018-04-03 04:29:33','2018-04-03 04:29:33'),(86,2,'cordell74@rediffmail.com','8488',1,'2018-04-03 04:29:32','2018-04-03 04:29:32'),(87,2,'yadira.runte@rediffmail.com','3711',0,'2018-04-03 04:29:31','2018-04-03 04:29:31'),(88,2,'feil.pattie@yahoo.com','9155',0,'2018-04-03 04:29:30','2018-04-03 04:29:30'),(89,2,'dschinner@yahoo.com','9933',1,'2018-04-03 04:29:32','2018-04-03 04:29:32'),(90,3,'jrolfson@hotmail.com','1492',1,'2018-04-03 04:29:34','2018-04-03 04:29:34'),(91,2,'zieme.deondre@hotmail.com','3214',1,'2018-04-03 04:29:31','2018-04-03 04:29:31'),(92,2,'jenkins.wellington@gmail.com','6552',0,'2018-04-03 04:29:32','2018-04-03 04:29:32'),(93,3,'king.laney@rediffmail.com','2183',0,'2018-04-03 04:29:34','2018-04-03 04:29:34'),(94,3,'marks.alyce@gmail.com','6829',1,'2018-04-03 04:29:32','2018-04-03 04:29:32'),(95,3,'merl00@hotmail.com','5990',0,'2018-04-03 04:29:34','2018-04-03 04:29:34'),(96,2,'wlindgren@yahoo.co.in','3604',1,'2018-04-03 04:29:31','2018-04-03 04:29:31'),(97,3,'aschmeler@gmail.com','1959',0,'2018-04-03 04:29:33','2018-04-03 04:29:33'),(98,3,'hodkiewicz.rosemary@yahoo.co.in','1989',1,'2018-04-03 04:29:31','2018-04-03 04:29:31'),(99,3,'homenick.amber@gmail.com','8825',0,'2018-04-03 04:29:34','2018-04-03 04:29:34'),(100,3,'lurline.mcdermott@yahoo.co.in','7734',1,'2018-04-03 04:29:33','2018-04-03 04:29:33');
/*!40000 ALTER TABLE `user_authentications` ENABLE KEYS */;
UNLOCK TABLES;

--
-- Table structure for table `user_types`
--

DROP TABLE IF EXISTS `user_types`;
/*!40101 SET @saved_cs_client     = @@character_set_client */;
/*!40101 SET character_set_client = utf8 */;
CREATE TABLE `user_types` (
  `user_type_id` int(10) unsigned NOT NULL AUTO_INCREMENT,
  `user_type` varchar(20) COLLATE utf8mb4_unicode_ci NOT NULL,
  `user_type_is_active` tinyint(1) NOT NULL,
  `created_at` timestamp NULL DEFAULT NULL,
  `updated_at` timestamp NULL DEFAULT NULL,
  PRIMARY KEY (`user_type_id`)
) ENGINE=InnoDB AUTO_INCREMENT=4 DEFAULT CHARSET=utf8mb4 COLLATE=utf8mb4_unicode_ci;
/*!40101 SET character_set_client = @saved_cs_client */;

--
-- Dumping data for table `user_types`
--

LOCK TABLES `user_types` WRITE;
/*!40000 ALTER TABLE `user_types` DISABLE KEYS */;
INSERT INTO `user_types` VALUES (1,'admin',1,NULL,NULL),(2,'organizer',1,NULL,NULL),(3,'attendee',1,NULL,NULL);
/*!40000 ALTER TABLE `user_types` ENABLE KEYS */;
UNLOCK TABLES;

--
-- Table structure for table `users`
--

DROP TABLE IF EXISTS `users`;
/*!40101 SET @saved_cs_client     = @@character_set_client */;
/*!40101 SET character_set_client = utf8 */;
CREATE TABLE `users` (
  `user_id` int(10) unsigned NOT NULL AUTO_INCREMENT,
  `user_first_name` varchar(20) COLLATE utf8mb4_unicode_ci NOT NULL,
  `user_last_name` varchar(20) COLLATE utf8mb4_unicode_ci NOT NULL,
  `user_phone_number` varchar(10) COLLATE utf8mb4_unicode_ci NOT NULL,
  `user_aadhar_card_number` varchar(12) COLLATE utf8mb4_unicode_ci NOT NULL,
  `user_profile_picture` text COLLATE utf8mb4_unicode_ci NOT NULL,
  `user_about` text COLLATE utf8mb4_unicode_ci NOT NULL,
  `user_residence` varchar(255) COLLATE utf8mb4_unicode_ci NOT NULL,
  `user_city` varchar(20) COLLATE utf8mb4_unicode_ci NOT NULL,
  `user_country` varchar(20) COLLATE utf8mb4_unicode_ci NOT NULL,
  `user_is_active` tinyint(1) NOT NULL,
  `created_at` timestamp NULL DEFAULT NULL,
  `updated_at` timestamp NULL DEFAULT NULL,
  PRIMARY KEY (`user_id`)
) ENGINE=InnoDB AUTO_INCREMENT=101 DEFAULT CHARSET=utf8mb4 COLLATE=utf8mb4_unicode_ci;
/*!40101 SET character_set_client = @saved_cs_client */;

--
-- Dumping data for table `users`
--

LOCK TABLES `users` WRITE;
/*!40000 ALTER TABLE `users` DISABLE KEYS */;
INSERT INTO `users` VALUES (1,'Anabelle','Jaskolski','9333027835','804172445420','Vel ipsum quia vel id sunt suscipit. Consequatur dolor sit iste eius quisquam officia minus. Qui voluptatem quaerat fugiat itaque nemo numquam quo. Eveniet qui exercitationem qui assumenda aut voluptatem id qui. Sed omnis et laudantium accusamus molestiae. Dolores ut et minima esse nihil itaque et et. Dolorem vero quibusdam accusamus et tempora explicabo quis. Unde est ut quae qui.','Tempora rerum et.','611 Elouise Wells Apt. 614','Voluptatibus sit.','Laudantium tenetur.',1,'2018-04-03 04:29:26','2018-04-03 04:29:26'),(2,'Mona','Johnston','8590000897','112741191499','Minima sint fugit esse. Tempore voluptas aut voluptatem sed qui. Temporibus rerum tenetur deleniti dignissimos sapiente. Explicabo alias odio distinctio ad veniam aut quo. Iste ut voluptatibus officia velit et officia. Architecto earum architecto omnis rerum dicta est nobis qui. Cum voluptas delectus rerum. Similique sed omnis aut est tenetur quasi. Placeat et sint nihil consequuntur qui totam. Totam cumque est ut sunt facere necessitatibus. Totam ut sed voluptate officiis et dolorem molestiae.','Quaerat dolorem.','502 Kayden Lock Suite 770','Sequi praesentium.','Nemo ipsam dolores.',1,'2018-04-03 04:29:26','2018-04-03 04:29:26'),(3,'Cicero','Treutel','9332818512','937103865463','Illo architecto ut corporis blanditiis. Eius totam reprehenderit iusto a repellendus est. Ut soluta culpa magni dolorum est ab optio. Ex repellendus vitae deserunt qui. Expedita est animi at provident eligendi aut. In dolor eligendi est beatae id officiis nesciunt. Omnis labore voluptatem accusantium porro aut praesentium.','Eum atque qui modi.','1576 Stroman Mews','Accusantium.','Excepturi dolorum.',0,'2018-04-03 04:29:26','2018-04-03 04:29:26'),(4,'Nyasia','Murazik','9028539429','702886362171','Sint quae id recusandae id voluptatibus consequatur. Et assumenda consequatur eos ex consequatur quae rerum. Deleniti et dolor molestiae officiis aliquam nihil quo. Cupiditate libero quia dolore quisquam. Id et odio occaecati qui possimus. Eligendi quas ea perferendis sed. Aut sunt ipsum ut ad et enim. Iste ut voluptatibus molestiae eos non quas. Earum iure dolores adipisci eius nesciunt eaque aut ullam. Excepturi aut ducimus cupiditate aut quia aspernatur.','Voluptatum est est.','22001 Bartoletti Summit','Quisquam nemo earum.','Minima nihil nihil.',1,'2018-04-03 04:29:26','2018-04-03 04:29:26'),(5,'Ciara','Hudson','9955115108','324774043149','Ad consectetur non voluptatem quidem. Et ea facilis accusantium. Alias quam consequatur quisquam. Tenetur nam eum deserunt fugit eum et numquam. Laudantium ab quasi asperiores rem. Soluta aspernatur qui ab. Enim adipisci aliquam omnis magnam. Adipisci dicta iste ipsam voluptatem. Dignissimos mollitia adipisci voluptas aut quod. Magni ut eos non eaque dolores. Autem voluptatem saepe quia quo quo dolorum aut.','Temporibus vel.','77100 Aniyah Camp','Doloribus sapiente.','At debitis eos.',0,'2018-04-03 04:29:26','2018-04-03 04:29:26'),(6,'Jocelyn','Hintz','9100012788','509320944072','Sunt molestias in totam incidunt voluptatibus qui. Qui explicabo facere quo. Odit totam voluptatem recusandae sed adipisci. Ratione quia voluptatem temporibus dolor. Autem vitae iure doloremque consectetur vel eveniet delectus. Sit et impedit voluptas expedita laborum vero. Magnam fugiat quas repellendus tempora. Deserunt sunt animi distinctio.','Sint adipisci.','3471 Michelle Square','Rerum non autem.','Similique officiis.',1,'2018-04-03 04:29:26','2018-04-03 04:29:26'),(7,'Allen','Smith','8806268183','872708713384','Quae sunt perferendis inventore odio totam sapiente sequi. Ipsa laudantium aliquam animi id voluptate. Omnis aut perferendis et quibusdam laudantium non nulla. Esse consequatur vel qui quod. Velit in dolores vero dicta laboriosam necessitatibus dolorem et. Nulla sint esse in beatae eos esse. Adipisci cum quod sequi veritatis perferendis dicta. Est dolorum sit voluptatem sint quas tempore incidunt. Ipsam ut dolor rem.','Facere sint non.','5044 Naomie Ridges','Id optio delectus a.','Non autem a fugiat.',0,'2018-04-03 04:29:26','2018-04-03 04:29:26'),(8,'Yoshiko','Heidenreich','9799286381','596527267010','Sit aut sit suscipit labore incidunt. Magni quaerat omnis dolorem quis qui consectetur. Et ea dicta aspernatur. Accusamus ab temporibus fugit enim qui animi dolorem eum. Dolor nesciunt aliquid voluptas fugiat voluptas sed. Laboriosam omnis aut aut aut molestias totam. Non vero similique doloribus eveniet dicta.','Harum enim rerum.','1610 Garnet Fork','Ipsa reiciendis est.','Tempore animi.',0,'2018-04-03 04:29:26','2018-04-03 04:29:26'),(9,'Mavis','Herman','9976955089','774128991102','Et exercitationem excepturi ut non quisquam optio. Dolorem dolor illo veniam delectus enim rerum nesciunt. Dolor qui ratione maxime laudantium accusamus id. Animi ut quod rerum consequatur. At vero debitis quasi eaque. Culpa qui libero sit minus omnis aspernatur vel excepturi. Ut accusantium alias quidem et perferendis. Ea ut cumque earum sunt.','Qui quia id quia.','16957 Hartmann Camp Apt. 719','Et dolor qui quasi.','Dolores ut illum.',0,'2018-04-03 04:29:26','2018-04-03 04:29:26'),(10,'Willow','Boehm','8845959776','252089983179','Laboriosam tempore dolores quis quam doloribus voluptatibus. Voluptates labore eum pariatur aspernatur mollitia ea. Tempora voluptatibus nam asperiores voluptate. Voluptas id corporis quisquam quas. Quam numquam eum sint fuga illo explicabo. Dolore voluptate sed minima quisquam distinctio a. Impedit corporis consequatur quia sunt. Voluptatem sit ut ea.','Et provident quis.','29035 Payton Terrace','Labore itaque.','Aut reiciendis.',1,'2018-04-03 04:29:26','2018-04-03 04:29:26'),(11,'Leland','Smitham','9887921205','306530643370','Incidunt enim numquam cumque eaque suscipit nihil. Cum facere exercitationem sint atque. Amet deserunt tenetur id voluptas ut qui voluptatem. Magni recusandae maiores maxime neque fugit id sit. Labore et eos quia quam perferendis accusantium. Ut officiis optio dolor itaque necessitatibus earum facilis. Molestiae nihil aut recusandae laboriosam.','Numquam sed fugiat.','4201 Gisselle Meadow','Doloremque non qui.','Doloremque minus.',1,'2018-04-03 04:29:26','2018-04-03 04:29:26'),(12,'Gerda','Langworth','9078583101','338433231574','Id beatae quod saepe quia qui. Et quam commodi id illo rerum. Sed soluta natus iste fugit non. Fugiat quia adipisci quos qui sed unde consequuntur. Excepturi perspiciatis ut consequatur ducimus velit dolorem. Nostrum ut omnis praesentium qui. Dolores ut perspiciatis quo ut laboriosam nesciunt. Aspernatur voluptatibus consectetur vero qui iusto repellat. Excepturi maxime tenetur aut autem. Aspernatur nihil nulla fuga ex omnis ex.','Officiis incidunt.','2889 Theresia Run','Voluptas sint.','Magni est optio.',1,'2018-04-03 04:29:26','2018-04-03 04:29:26'),(13,'Kylie','Hilpert','9477184643','904117637650','Quo libero sed eos odio illo suscipit. Quo cumque rerum quo vel illum. Quam sunt aut qui voluptatem commodi. Perspiciatis atque quibusdam exercitationem saepe distinctio est. Incidunt eum et occaecati explicabo dignissimos et a dicta. Perferendis molestiae facere delectus qui atque quia aliquid. Velit iure aut odit dolorem nisi aspernatur eius. Qui officia quia qui quisquam delectus commodi. Nulla soluta nihil laudantium reprehenderit doloribus maxime illo.','Eveniet.','96220 Bergnaum Rapids','Quia deleniti et.','Natus ducimus.',0,'2018-04-03 04:29:26','2018-04-03 04:29:26'),(14,'Bettie','Kuhlman','9152519400','694903376507','Minus quisquam iste voluptate. Voluptatem veniam ducimus natus iste. Ut rerum exercitationem laborum nulla qui. Doloribus ut officia consequatur voluptatibus. Suscipit quia rem dolorum numquam. Odit quas dolorem laboriosam voluptatem quis et. Voluptatem quam voluptatem vero harum error vel architecto.','Accusantium porro.','98704 Eichmann Meadow','Molestias.','Dolore.',1,'2018-04-03 04:29:26','2018-04-03 04:29:26'),(15,'Delaney','Gleason','8633950565','487918042583','Quia libero et reprehenderit aliquid aliquid qui iste. Perspiciatis ipsa explicabo voluptates cum. Provident sapiente aperiam ullam. A nesciunt quia temporibus modi et numquam. Ut molestias ducimus voluptatum veniam. Quidem velit sit ut nihil et nemo quaerat. Rerum aperiam tenetur magni nostrum voluptatem. Quibusdam similique debitis non id numquam corporis eum.','Voluptatem officia.','541 Quitzon Stream','Et doloribus vel.','Cum repellat.',0,'2018-04-03 04:29:26','2018-04-03 04:29:26'),(16,'Merl','Barton','8789710513','544254778919','Aut maxime est sunt sapiente velit excepturi. Quidem dolorem ut veniam qui beatae repellendus illum ipsam. Voluptatum animi error asperiores doloribus sit. Non deleniti qui non est maxime unde aspernatur. Deserunt modi illum culpa magni ipsam animi inventore. Perspiciatis numquam dolore praesentium quas harum. Quo culpa laborum quo autem rerum consequatur. Minus alias nihil minima quis ipsum non. Eos voluptatem quo deleniti mollitia perspiciatis.','Cum et cumque quo.','771 Paucek Crossroad Suite 035','Quibusdam numquam.','Optio aut eaque.',1,'2018-04-03 04:29:26','2018-04-03 04:29:26'),(17,'Tyrese','Douglas','9869108835','381437722778','Asperiores excepturi debitis saepe est consequuntur. Rerum voluptatem dolor molestias eum molestias cum. Saepe quo accusamus illum aperiam aperiam. Odio rerum ut eligendi soluta. Veniam beatae vel voluptatem id qui omnis. Aut et facere sed incidunt accusamus. Rerum explicabo adipisci aliquid fuga quos. Tempore maiores et dolores perspiciatis odio. Ab nulla alias ut impedit in vel voluptatem nam.','Harum consequatur.','7401 Casandra Forks','Ipsum cum rerum.','Voluptas qui quia.',0,'2018-04-03 04:29:26','2018-04-03 04:29:26'),(18,'Kallie','Kris','9607787971','715838346220','Officiis autem maiores odit neque omnis sed expedita placeat. Aut error molestias et. Et tempore sit quidem commodi autem voluptatibus ex. In dolorum architecto cum voluptas. Ratione ut molestiae enim consequatur. Et beatae ut dolores est et rerum. Est officiis temporibus quaerat quae voluptas magni. Nesciunt non aut deserunt est officiis rerum voluptas animi. Hic delectus culpa est est itaque rerum est. Ex quia voluptatibus animi consectetur. Blanditiis beatae assumenda in sint repudiandae.','Nemo quis.','83824 Roberts Ferry Apt. 281','Sunt labore.','Aut ab quod quo.',0,'2018-04-03 04:29:26','2018-04-03 04:29:26'),(19,'Minnie','Gerhold','9648018718','411422529523','Officiis consequuntur qui id sed laboriosam atque dolorem ipsa. Et consectetur ad doloremque ut delectus itaque. Sequi dolorem rem similique voluptatum numquam vel laboriosam. Autem est enim ut. Vero commodi commodi consequatur sunt modi. Voluptas molestias sint alias sapiente possimus laborum dolorum. Necessitatibus est omnis voluptas facilis enim voluptas. Voluptate nisi voluptas doloremque est qui in consequuntur.','Dolor saepe eius.','9944 Hilpert Brooks','Voluptas.','Et rem fuga qui.',0,'2018-04-03 04:29:26','2018-04-03 04:29:26'),(20,'Jeanette','Schinner','9981183599','707404427902','Excepturi beatae temporibus mollitia dolore nihil et voluptatibus. Natus commodi atque qui quam. Fugiat rerum ipsa quo. Rem recusandae dignissimos ex ut consectetur aut quia. Voluptas laborum velit sit culpa. Voluptatum incidunt inventore vel suscipit maxime. Fuga incidunt eaque nihil iure.','Quia fugit in.','220 Franecki Rest Suite 665','Et neque sint.','Illum occaecati.',0,'2018-04-03 04:29:26','2018-04-03 04:29:26'),(21,'Isaiah','Jenkins','9311850548','662150882649','Sit omnis dolorem qui. Veniam quis illum laboriosam voluptatem dignissimos commodi laudantium. Et similique ut dolores laudantium inventore saepe magnam. Sit excepturi aliquid repellat quis eum. Itaque ratione velit consequatur possimus. Nostrum earum facere numquam sint voluptatibus quaerat suscipit. Officiis labore occaecati ut assumenda dolorem adipisci. Qui molestiae exercitationem nemo perferendis laboriosam et ad. Omnis aperiam eius placeat iure similique voluptate facilis.','Quia inventore odio.','22978 Winston Lock Suite 328','Impedit cupiditate.','Sed necessitatibus.',0,'2018-04-03 04:29:26','2018-04-03 04:29:26'),(22,'Rodger','Jaskolski','8759345815','399659646078','Quas vitae autem quia eum. Incidunt enim magni qui. Omnis natus neque incidunt alias adipisci. Est est similique aut veniam. Molestias quidem fugit deserunt ut assumenda. Rerum accusamus est qui quas nam repellendus. Tenetur et molestiae corrupti explicabo doloremque doloremque perferendis explicabo. Numquam et eum minus alias optio eum fugiat eius.','Fugit sed delectus.','50491 Littel Overpass Apt. 790','A deleniti.','Vitae numquam unde.',0,'2018-04-03 04:29:26','2018-04-03 04:29:26'),(23,'Waylon','Ledner','9865306252','859051265797','Corporis qui cum est culpa fugit impedit. Consequuntur aut enim natus et officiis non cupiditate neque. Autem animi omnis quia et et animi odit. Laborum aspernatur et et sint reiciendis aliquam dolor. Velit repellat explicabo et ipsa aut error possimus. Excepturi voluptate minima nostrum rem ipsa. Eos aut omnis veritatis est odit rerum. Laudantium maxime sit non ex dolores. Accusantium sit ab dolorum pariatur. Voluptatem quidem qui ipsum quidem. Ex odit in beatae perferendis magnam.','At eligendi.','26016 Brionna Rapid','Ea voluptates.','Ut vel natus.',1,'2018-04-03 04:29:26','2018-04-03 04:29:26'),(24,'Wilson','Mueller','9347955798','668164797445','Minima eius cupiditate cupiditate nisi sed. Aut repudiandae magni porro rem. Ut illo reprehenderit ratione pariatur ipsam accusantium et non. Quo quisquam nulla aut et. Repellendus possimus ullam soluta. Enim unde hic vel aut. Laborum et vel numquam aut quibusdam. Nihil voluptatem error natus placeat molestias similique aut. Excepturi aut ut quibusdam distinctio quia nam quae aut. Id ut explicabo voluptatem aut totam delectus. Quisquam voluptas ducimus temporibus voluptatem.','Quia consectetur.','3951 Elza Junction Apt. 244','Dolorem rem ut sunt.','Dolor cupiditate.',1,'2018-04-03 04:29:26','2018-04-03 04:29:26'),(25,'Kasandra','Altenwerth','9430481234','866853044482','Voluptatem est rerum voluptas nisi dolor hic. Cumque amet voluptatum labore et odit fuga. Rerum et asperiores soluta praesentium fugit. Odio laboriosam rerum rerum officiis nihil fuga a. Quos ipsa corporis cum architecto. Est distinctio molestiae aut sequi aut molestias. Assumenda natus dolorem omnis ut. Quos cupiditate qui velit aut. Illo aut sit perferendis quo fugiat est.','Architecto.','66362 Yasmeen Causeway Suite 922','Est aut libero et.','Dolores accusantium.',1,'2018-04-03 04:29:27','2018-04-03 04:29:27'),(26,'Darion','McKenzie','9668285407','785434725147','Enim earum vel aut quia aut recusandae laboriosam. In aliquid qui ea aut. Omnis inventore iusto repellendus vel. Ab porro et facilis ut. Facilis nostrum incidunt eligendi architecto rerum laboriosam molestias assumenda. Dolor et voluptatem rerum ipsum. Odio nostrum officiis minima. Quia ducimus et officia molestiae illum.','Earum asperiores.','7554 Kshlerin Estates Suite 986','Eos itaque est aut.','Cum adipisci sit.',1,'2018-04-03 04:29:27','2018-04-03 04:29:27'),(27,'Oswaldo','Stamm','8842063624','991069536455','Fugiat perferendis eos voluptate. Quas exercitationem adipisci laboriosam ea quisquam. Esse consequatur omnis quod enim iste. Quo non tenetur hic cum ut quae. Fuga id molestiae consequuntur repellat illum libero. Eligendi non esse maxime asperiores asperiores nesciunt. Dolore culpa quae et voluptatum et aut occaecati. Soluta omnis necessitatibus laboriosam ipsa aut. Deleniti maxime consequatur molestias tenetur architecto libero. Ut incidunt laboriosam id sed quis.','Qui minus quasi.','546 Forest Road Apt. 980','Minus nobis.','Quidem pariatur qui.',1,'2018-04-03 04:29:27','2018-04-03 04:29:27'),(28,'Tatum','Davis','9196839649','807947590047','Veritatis velit aliquam in deleniti. Tenetur nemo dicta explicabo sed deleniti molestiae. Fugit aliquid consectetur animi et ut ex nobis possimus. Optio est quod expedita qui quia commodi. Consequatur quis harum suscipit praesentium. Tempore dolorum quae omnis laudantium esse mollitia. Ab voluptatem sed eaque voluptatem quas. Magnam voluptas dolor non autem. In minima nobis vitae earum nisi adipisci eum. Architecto libero dolorem ea. Sit aut voluptate iusto corrupti nam odit iure.','Voluptas.','8735 Esteban Freeway Apt. 497','Consequatur in.','Iusto voluptas.',0,'2018-04-03 04:29:27','2018-04-03 04:29:27'),(29,'Jan','Rowe','9074347451','668351118856','Harum qui et distinctio non debitis. Itaque voluptatibus voluptatem necessitatibus sit maxime. Non quam modi velit ad. Dolorem nesciunt doloremque autem numquam id ut. Repellat consequatur eligendi voluptas ut consequuntur repudiandae dolorum. Facere et assumenda atque ad necessitatibus. Deserunt incidunt veritatis dolores aut cumque nihil. Accusantium fugit harum corrupti est accusamus voluptate omnis. Ea voluptates quis quod ut sed aut voluptatibus. Fugiat architecto illum velit.','Error ullam quia.','207 Kulas Track','Vero et esse.','Odit neque aut.',1,'2018-04-03 04:29:27','2018-04-03 04:29:27'),(30,'Sven','Smith','9814741459','427162824253','Sapiente maiores eaque magnam necessitatibus. Et non deserunt eveniet est dolore sapiente velit. Nihil distinctio voluptatem qui architecto possimus. Adipisci molestiae eos error cumque velit. Qui dolor facilis voluptas voluptas. Omnis aut cupiditate consequatur consequatur. Qui perferendis natus veritatis labore consequatur alias voluptatem. Dicta consequatur reprehenderit unde adipisci vel et. Et vel consequatur et exercitationem odio ut.','Perspiciatis velit.','9146 Zboncak Highway Apt. 170','Ab dolores dolorem.','Eligendi ullam.',0,'2018-04-03 04:29:27','2018-04-03 04:29:27'),(31,'Noel','Fahey','9201442812','955464413575','Iste laudantium est quis quisquam impedit aut aspernatur eveniet. Numquam iste quis qui praesentium. Et accusamus pariatur doloremque eum hic. Voluptatem eveniet illum maiores consequatur. Cum beatae eligendi et omnis. Quidem quam provident minus cupiditate accusantium consequatur dolores. Iure aperiam voluptate repellendus esse id. Reprehenderit reprehenderit pariatur ut cupiditate distinctio eius velit et.','Distinctio nobis.','125 Bonnie Throughway Apt. 406','Delectus explicabo.','Et nisi vel ad.',0,'2018-04-03 04:29:27','2018-04-03 04:29:27'),(32,'Pasquale','Daugherty','8832818179','191668838233','In dolore id blanditiis animi tempore quam et. Eveniet voluptatum delectus consequatur autem quia veritatis. Dolorem maiores molestiae doloremque itaque voluptatum mollitia. Ex voluptatem nesciunt placeat corporis quia enim. Rem sequi aut ex id placeat voluptas magni rerum. Maxime maiores velit exercitationem et eveniet. Suscipit occaecati sed impedit sunt. Quia qui maxime a quos ut voluptas. Voluptas et repellat dolorem. Rerum iste et praesentium alias doloremque.','Eligendi excepturi.','58640 Shemar Spurs Suite 262','Maiores soluta est.','Ipsum dolorum.',1,'2018-04-03 04:29:27','2018-04-03 04:29:27'),(33,'London','Adams','9041471878','717011309399','Est a impedit quos nisi voluptas ut. Perspiciatis consequuntur sit necessitatibus voluptatem possimus possimus fugiat soluta. Iure accusantium omnis suscipit voluptatibus accusantium dolorem totam dolor. Cupiditate iste aliquid at eum. Sunt distinctio et in possimus esse consectetur. Doloremque accusamus incidunt optio iste sed omnis vel autem. Nihil sit voluptates cum quia iste et.','Dicta eos molestiae.','474 Willms Isle','Debitis asperiores.','Est necessitatibus.',1,'2018-04-03 04:29:27','2018-04-03 04:29:27'),(34,'Declan','Goodwin','9411742979','762022876139','Officiis molestias enim occaecati omnis a placeat. Rerum dolores exercitationem error quidem suscipit sequi voluptate. Est officia perferendis magnam suscipit nulla. Neque ipsa nisi quidem cum saepe omnis minus. Et odit reprehenderit possimus velit labore et accusamus. Eius voluptatem id sed ut. Veniam dolorem non nesciunt ea id. Vel fuga tempora repellat rerum.','Voluptatibus.','41656 Hettinger Mountains','Quidem nemo quasi.','Aut sint asperiores.',1,'2018-04-03 04:29:27','2018-04-03 04:29:27'),(35,'Dixie','Kuhn','9168669153','210220749459','Et dolor incidunt et velit asperiores qui. Sit magni id eligendi amet amet necessitatibus adipisci. Voluptatibus provident possimus harum hic. Architecto nemo nisi et quas minus minima debitis. Blanditiis accusantium molestias saepe repellendus mollitia possimus. Quo rerum odit suscipit eligendi esse porro. Omnis aut exercitationem id adipisci omnis dolorem. Quisquam sequi et saepe. Quia architecto temporibus est. Fuga veniam et nam inventore.','Earum ipsam hic.','15133 Friedrich Extension Apt. 306','Sed aut eveniet.','Mollitia maiores.',1,'2018-04-03 04:29:27','2018-04-03 04:29:27'),(36,'Hunter','Harris','9479863276','605255379127','Optio assumenda officiis ex id voluptas accusantium. Veniam aut placeat esse distinctio. Ut voluptatem ab adipisci et. Possimus enim earum soluta dolorum qui qui qui aspernatur. Consequatur sint alias molestiae facere recusandae asperiores ipsam. Dolores officiis ut amet ducimus debitis velit et. Sint voluptate illum quas blanditiis nesciunt reiciendis. Consequatur velit reiciendis fugiat facere perspiciatis. Dicta voluptatem ullam hic.','Sit qui quia.','999 Beatty Flat','Eum voluptatibus.','Reiciendis numquam.',1,'2018-04-03 04:29:27','2018-04-03 04:29:27'),(37,'Ruth','Mayert','9850529251','959756381295','Laborum modi vero maxime sed temporibus omnis magni. Est tempora et consequatur. Et praesentium voluptatem iure laborum laboriosam eaque delectus fugit. Sit non eveniet quas harum est. Culpa blanditiis est nostrum. Tempore dolor quaerat et sunt cum suscipit. Fuga itaque deserunt mollitia qui laudantium. Asperiores occaecati sunt exercitationem minima. Sed eveniet distinctio minus magni sunt.','Minus quam deleniti.','657 Austyn Plaza Apt. 916','Consectetur nam ut.','Blanditiis quod.',1,'2018-04-03 04:29:27','2018-04-03 04:29:27'),(38,'Lucy','Heller','9459815500','877915167451','Ratione assumenda odio dolorem perspiciatis fuga qui aut. Expedita placeat corrupti maiores rerum et. Tenetur saepe quas reprehenderit alias aut facere rerum. Iure ut dolores tempora repudiandae corrupti nihil sint. Quia nisi qui iure quo distinctio. Ratione sunt doloremque at itaque ea quia. Sunt explicabo consectetur et est omnis. Dolores eveniet in accusantium magnam non. Sit voluptate culpa et fuga maxime repellendus et.','Voluptas ut est.','95812 Jaquan Corners','Aperiam quia soluta.','Eveniet provident.',1,'2018-04-03 04:29:27','2018-04-03 04:29:27'),(39,'Kali','Effertz','9635024681','591262028009','Aut dolor possimus neque vel ea. Adipisci perferendis unde aspernatur possimus quis. Quas eos similique a numquam neque fuga. Explicabo id qui nesciunt et quo. Aut error perspiciatis ut natus repudiandae. Ut iste nihil aliquam dolores nesciunt deleniti incidunt. Minus dolores eum ipsam distinctio eligendi. Corrupti maiores ad sed nisi aliquid atque delectus.','Quam sit magnam.','870 Mann Ville Apt. 652','Inventore accusamus.','Culpa molestiae.',1,'2018-04-03 04:29:27','2018-04-03 04:29:27'),(40,'Amelie','Torphy','9856566473','606692744094','Fuga soluta qui dolor necessitatibus. Facere quis quibusdam fugit et dolorem. Velit fuga delectus ullam sunt illo eos. Fuga consequuntur sit accusantium aut et voluptatem. Voluptates vitae ut nemo officia delectus ducimus. Ut quos cum ad repellat asperiores maiores. Expedita laboriosam ut neque sit eos quasi eum possimus. Ut molestiae officia voluptatem dolor. Quaerat molestiae fuga et molestiae culpa voluptatum. Molestiae aut harum nisi ut perferendis sint reprehenderit.','Non dolore sed nisi.','857 Broderick Land','Maiores debitis.','Odit tempore.',0,'2018-04-03 04:29:27','2018-04-03 04:29:27'),(41,'Horace','Rohan','9556371880','141077509616','Earum provident et ipsa. Eligendi sunt tempore dolores odit amet. Voluptas ut aliquam omnis eos quae eveniet. Hic ducimus placeat totam nostrum vel error. Beatae porro aliquid incidunt eos. Quasi recusandae in similique labore. Id quam dolores quas non doloribus molestiae nihil. Quo possimus qui hic. Id omnis tempore aut dolores quibusdam nisi neque.','Rerum ipsam velit.','186 Vicky Trail','Quis repudiandae.','Sed quo sed in nemo.',0,'2018-04-03 04:29:27','2018-04-03 04:29:27'),(42,'Clinton','White','8879636377','945557820027','Fugiat facilis nemo consequatur qui eveniet exercitationem libero. Consequatur voluptate illo perspiciatis reprehenderit laborum molestiae. Placeat et et omnis consequatur. At quia earum sed ipsum consectetur. Et dolorem at nostrum facere nam tempore quia. Quam fugit amet fugiat est autem et. Tenetur molestias eos placeat neque eaque accusantium rem.','Quaerat totam nemo.','96782 Streich Passage Apt. 077','Accusamus possimus.','Ipsam odio amet.',1,'2018-04-03 04:29:27','2018-04-03 04:29:27'),(43,'Luisa','Raynor','9532101027','674344480680','Sed autem dolore facere et est. Sed aspernatur dolores quas a commodi ut eveniet vel. Rerum aut consequatur aut voluptas beatae itaque est harum. Dignissimos quisquam nostrum et accusantium molestias quas. Non molestiae distinctio nihil unde. Itaque veniam aut vel dicta voluptatem modi numquam.','Ducimus et.','54438 Chester Extension','Est veritatis iste.','Quas molestiae.',0,'2018-04-03 04:29:27','2018-04-03 04:29:27'),(44,'Jovanny','Hauck','9851731237','213060487935','Pariatur deserunt ut ducimus quas maxime quia. Est voluptatem voluptatibus voluptas illo iusto eos reiciendis. Officiis sed et dolorem. Rerum dicta non doloribus placeat deserunt. Maxime sed ut ab velit libero ea sapiente. Eligendi similique id porro minima sit consequuntur quisquam. Fugit aut et quia et alias. Est eius quo rerum optio sunt. Veritatis repellendus voluptates at sed veniam velit. Quo iste dignissimos assumenda sit aut. Culpa veritatis soluta illo blanditiis est eos.','Rerum in quo alias.','36787 Schuppe Locks Apt. 815','A ut facilis.','Nesciunt quibusdam.',1,'2018-04-03 04:29:27','2018-04-03 04:29:27'),(45,'Alfonso','Purdy','9314602106','862539194119','Minima ullam eius voluptatum error est iusto. Velit officia alias quia quidem rerum. Quidem neque fugiat ea. Praesentium pariatur sunt autem pariatur vitae quibusdam. Voluptas neque officia et labore consequatur. Est quod et deserunt similique sunt. Facere quae excepturi consequatur magnam vero quia. Blanditiis odit omnis a aperiam modi voluptate delectus ea. Quis et saepe dolore sequi rerum ut qui expedita.','Quisquam reiciendis.','59328 Charley Hills','Quae expedita ea.','Nihil et possimus.',1,'2018-04-03 04:29:27','2018-04-03 04:29:27'),(46,'Leila','Eichmann','9069110279','345964102698','Explicabo est repudiandae molestiae officiis. Doloremque est sed quae mollitia beatae. Exercitationem qui corrupti facere omnis eum eligendi. Ipsum eum eum impedit dolorem. Dicta ipsum aspernatur consequatur qui omnis ut. Corporis fugit similique error exercitationem. Odio consequatur blanditiis soluta qui facilis cumque nemo. Tempora quia nulla dolor aliquid. Et consequatur in dolorum. Odio omnis quia delectus officia.','Blanditiis sequi.','4141 Dakota Roads Suite 986','Vel nihil sapiente.','Molestias maiores.',0,'2018-04-03 04:29:27','2018-04-03 04:29:27'),(47,'Aurelie','Jerde','8798871384','485756535754','Voluptatum unde dolore eos sapiente. Voluptatem alias recusandae aut delectus aspernatur. Aut rerum qui nostrum consequatur quasi nihil exercitationem. Temporibus recusandae in consequatur tenetur et. In qui dolorem libero aliquid asperiores quae. Incidunt natus deserunt eos vel est aut fuga facilis. Excepturi iste eius quaerat omnis sint et. Culpa cum iure illum est. Ea qui quos et fugit dolorem. Officiis est quia ab praesentium.','Architecto mollitia.','31040 Von Street','Amet ut et.','Velit qui veritatis.',0,'2018-04-03 04:29:27','2018-04-03 04:29:27'),(48,'Abbey','Brown','9799878896','152318637808','Explicabo eum blanditiis rerum possimus porro aut sint ipsa. Praesentium aliquid veritatis reprehenderit aspernatur ut ut ullam. Similique hic itaque sit. Odit error repellat doloribus nulla libero. Totam vero nihil voluptatum qui veritatis incidunt ab. Molestiae animi aut et sequi perferendis autem cupiditate. Vitae enim ullam suscipit unde molestiae. Consequatur consequatur sunt a occaecati mollitia sit facere repudiandae.','Laudantium quo.','9788 Cicero Burg Apt. 297','Incidunt inventore.','Ut eos assumenda.',0,'2018-04-03 04:29:27','2018-04-03 04:29:27'),(49,'Michel','Olson','8825953145','181594179963','Dolorem suscipit dolorem perferendis sit sit. Laudantium laudantium a quia. Rerum facere enim ex sint. Aut quae at dolor quis nostrum. Explicabo distinctio ut ab non nulla perspiciatis nemo. Nihil dolore possimus reprehenderit ut ea quaerat sint. Minima nisi minima iste eligendi quia sed amet quia. Corporis ut voluptates et laudantium ipsam dolores exercitationem et. Dolorem dolores voluptatem earum. Dolor reprehenderit ipsam est asperiores expedita.','Itaque voluptas vel.','79244 Telly Cliffs','Recusandae illum.','Odio facere est.',0,'2018-04-03 04:29:28','2018-04-03 04:29:28'),(50,'Madaline','Zulauf','8650719718','300534305028','Quaerat sit quibusdam voluptate aspernatur. Accusantium molestias et itaque. Itaque quia architecto illum. Ut voluptatibus voluptas totam delectus quasi sit et. Asperiores voluptatem tenetur aut sint dicta laudantium dolorem. Soluta excepturi doloribus rerum qui aliquid. Deleniti autem omnis in magnam a saepe. Pariatur dolorem dolorum tenetur. Quos et et delectus ea dicta praesentium. Fuga repudiandae dolorum sed rerum tempora.','Nesciunt omnis.','4083 Tillman Meadow Apt. 941','Est voluptas enim.','Asperiores.',1,'2018-04-03 04:29:28','2018-04-03 04:29:28'),(51,'Haleigh','Williamson','9263358588','742670691769','Quo ullam sunt blanditiis sed. Sed unde voluptas hic assumenda. Aperiam repellendus qui quia aut. Pariatur est accusantium sed ea repudiandae. Delectus unde voluptatem et quo harum sit nihil. Eveniet rerum et consequatur illum numquam. Debitis quo aspernatur dolorem quo voluptates maiores. Nesciunt qui ipsa et omnis officia mollitia. Voluptatem ut voluptatem consectetur doloribus.','Error blanditiis.','6060 Beaulah Stream','Sunt numquam.','Quisquam aperiam.',1,'2018-04-03 04:29:28','2018-04-03 04:29:28'),(52,'Florine','Oberbrunner','9083041914','797263171965','Quia corrupti aut consequatur corporis accusamus ea voluptas dolor. Dolorem fugiat eius officia aut laborum. Blanditiis quo alias quo et. Sed nam eos ea vitae laboriosam molestias. Ipsa debitis culpa dicta harum tenetur ea. Et qui voluptatem quo fugiat. Id aut rem architecto amet. Minima aut ea quia ipsa earum iure. Ipsum deleniti omnis magni consequatur sapiente ipsum ducimus. Tempora assumenda nobis dolorem excepturi occaecati dolorum consequatur. Autem rerum rem accusantium sed optio.','In omnis ut.','92947 Pollich Harbors','Dignissimos qui est.','Est aut saepe.',1,'2018-04-03 04:29:28','2018-04-03 04:29:28'),(53,'Kolby','Ziemann','8671191382','607972524630','Odit ipsum in voluptatem totam. Aut quod eos natus aperiam asperiores blanditiis eveniet. Quia id qui officia totam. Sunt nisi dolor rem voluptas. Reprehenderit quidem dicta commodi accusamus tempore. Eos nostrum velit in accusantium libero esse. Rerum et nisi eius non. Optio et fugit exercitationem sit.','Labore.','219 Dustin Meadow','Quasi sunt corporis.','Qui sapiente sed.',0,'2018-04-03 04:29:28','2018-04-03 04:29:28'),(54,'Sister','Donnelly','9683562136','814771875004','Et quibusdam enim debitis consequatur. Quae quidem aut et tempora praesentium ut molestiae. Ea consequatur ab sed voluptatem magni reprehenderit. Sit in alias laudantium nam. Quidem non corrupti dolorem esse voluptatibus. Est enim consequuntur repellendus iste inventore. Ut porro corporis totam sunt sed. Vitae earum molestiae quos ut. Tempora enim et nemo ut dolores perferendis est. Ipsa debitis quae libero. Nam molestiae odit velit explicabo quam voluptates. Quisquam laborum id odio.','Occaecati qui.','7161 Casper Crossroad','Ducimus accusamus.','Omnis est rerum.',1,'2018-04-03 04:29:28','2018-04-03 04:29:28'),(55,'Keira','Erdman','9873370348','905776469342','Rerum omnis odit et vel. Repellendus vel officia in magnam nemo dolores. Eum et iure totam ut pariatur. Eaque eveniet illo laboriosam laborum quibusdam rerum. Dolorem sunt ipsam deserunt tenetur quis provident hic. Aspernatur quae labore quod reprehenderit dolores quia. Labore repudiandae sunt ut. Rem nulla tenetur libero ab non quasi. Alias consectetur rerum laudantium. Et et culpa pariatur sit ipsa qui beatae.','Facere et deserunt.','1359 Nat Glens Apt. 820','Labore ullam.','Enim molestiae.',1,'2018-04-03 04:29:28','2018-04-03 04:29:28'),(56,'Norris','Wilderman','8905181302','512809647029','Odit voluptatibus consequatur laborum possimus ducimus vel aperiam cumque. Officia quae voluptatem eligendi libero. Perferendis quae quo voluptas et minima cum ut. Et velit cumque dolorem est qui. Ab omnis omnis iure quisquam dolor quasi. Vel quia consequatur incidunt itaque. Exercitationem provident temporibus et quod. Recusandae ea quo vitae aut ut dolorem.','Omnis qui qui ut.','61670 Abshire Summit Suite 038','Enim et fugit.','Dignissimos rerum.',1,'2018-04-03 04:29:28','2018-04-03 04:29:28'),(57,'Annette','Bode','9956614286','289704303873','Quo et voluptates numquam id. Voluptatem quia earum ut laudantium. Voluptatem nisi et alias libero cupiditate molestias. Quia deserunt itaque accusantium omnis sed. Voluptatem sit aut eveniet omnis nobis soluta. Consequuntur id laborum quod. Perspiciatis eos tenetur quis dolorem fugiat. Omnis fugit optio exercitationem suscipit natus. Voluptate sunt laudantium quo id id ea. Fuga dignissimos illo officia quidem a. Exercitationem aut perspiciatis sed consequatur sit sequi porro minima.','Voluptates.','3177 Tromp Isle','Cum et praesentium.','Nihil enim beatae.',1,'2018-04-03 04:29:28','2018-04-03 04:29:28'),(58,'Laurel','Harvey','8601066104','729055313637','Beatae rerum aliquid consequatur excepturi aliquid. Maiores minima dolores veritatis. Perspiciatis aut molestias perferendis quaerat impedit. Voluptatibus hic et itaque rem numquam. Voluptas sunt at est. Ratione placeat eligendi et iste sequi vitae. Suscipit quaerat facere provident quam quia autem. Recusandae consequatur nihil sed atque. Qui reiciendis corporis numquam eum libero eos culpa.','Suscipit.','19791 Lockman Estate','Sequi est tenetur.','Est minus dolor.',1,'2018-04-03 04:29:28','2018-04-03 04:29:28'),(59,'Katarina','Smith','9025706405','839998070773','Et in enim sunt et. Aut tempora ut fugiat nostrum fugit qui ipsa. Aut accusantium qui in quaerat qui. In ipsum tenetur quia quos. Nihil optio fuga corrupti assumenda. Nisi excepturi optio architecto quia. Omnis molestiae labore vero tempore expedita illo. Voluptas nostrum voluptates exercitationem deserunt quo ab quae voluptas. Quia praesentium est facilis natus ipsa. Magni consequuntur odit sit rem. Ipsa non itaque aut quam. Adipisci et at ut et quis.','Consequatur.','4693 Howe Island','Similique ad labore.','Mollitia aut soluta.',1,'2018-04-03 04:29:28','2018-04-03 04:29:28'),(60,'Yoshiko','Welch','9310815414','718853242458','Dolores quia incidunt nesciunt ex. Voluptatem harum quia et et. Alias sed soluta cumque voluptatem. Porro numquam a modi animi corrupti. A aperiam harum magni asperiores. Saepe porro ut voluptas a cumque dolorum dolore quas. Dolores animi asperiores aut similique est recusandae. Odit aspernatur impedit quod dolores. Et tempora occaecati quae molestiae. Pariatur vero officiis porro quos itaque exercitationem. Doloribus rerum perferendis natus sint rerum dolores eius.','Optio natus placeat.','59263 Yvette Forest','Accusantium quia.','Qui ea occaecati.',1,'2018-04-03 04:29:28','2018-04-03 04:29:28'),(61,'Norberto','Bergstrom','8965372341','362378907141','Expedita consectetur qui natus culpa ipsa doloremque deserunt. Id laboriosam nulla non suscipit laborum. Voluptate omnis aliquam ea corrupti reiciendis fugiat fugit. Eum consequuntur laudantium quidem culpa. Nihil modi laudantium at corporis. Sunt aut deleniti nostrum quis. Illum eius eum vero.','Fuga repudiandae.','656 Schmitt Inlet Apt. 331','Quia voluptate.','Molestias nesciunt.',1,'2018-04-03 04:29:28','2018-04-03 04:29:28'),(62,'Elisa','O\'Conner','8678975987','406085580606','Ab ratione consequatur quas dolores. Accusamus ipsam quod voluptas aspernatur. Ut atque nam et sunt esse aut. Inventore labore velit a qui culpa. Consectetur laborum molestiae odit voluptate. Et quod sint dicta aut voluptates. Eligendi tempora magni commodi quas aliquid ullam sunt. Reiciendis sed rerum alias ratione aliquid. Ipsam maxime aut qui numquam pariatur et. Exercitationem ea qui mollitia provident. Similique asperiores doloremque magni voluptatem aut odio animi.','Praesentium.','29582 Rosella Station','Qui eos repudiandae.','Assumenda occaecati.',1,'2018-04-03 04:29:28','2018-04-03 04:29:28'),(63,'Jesus','DuBuque','9228175085','558145870124','Vel accusantium perferendis tenetur expedita nihil fuga perspiciatis. Fugit eveniet quia ea cum veniam. Quas totam voluptatem ut ipsa consequatur culpa. Qui voluptates id quia aut rerum tempore. Voluptatum unde repudiandae eaque. Perspiciatis accusamus consequatur exercitationem commodi ullam.','Natus dolore quo.','9136 Ubaldo Route Apt. 597','Voluptas est quo ut.','Repellendus sit.',0,'2018-04-03 04:29:28','2018-04-03 04:29:28'),(64,'Toni','Mann','9443570011','938859501123','Possimus praesentium non ab sequi. Enim eos fugiat molestiae eius. Quaerat quia rerum velit ex cum sunt molestiae sint. Id aperiam illo sit corporis non nostrum. Qui expedita nulla placeat quia. Sint in ex voluptate quos voluptate ab. Repudiandae consequatur culpa temporibus impedit. Iure voluptatem nam deserunt et perspiciatis. Corrupti eveniet impedit quam ad minus. Voluptatum ut similique laboriosam fugiat voluptatum debitis quisquam fugit.','Libero architecto.','277 Gulgowski Orchard Suite 663','Soluta odio.','Numquam et.',0,'2018-04-03 04:29:28','2018-04-03 04:29:28'),(65,'Rudy','Ankunding','9255611150','585884487160','Quia soluta aliquid cum ducimus magnam. Rem ullam molestias ullam numquam soluta. Sint suscipit laudantium voluptas culpa aut. Error vel quaerat sint praesentium doloribus facere quam. Occaecati voluptas rerum iusto a consectetur facilis. Vel vel quod quae et voluptate recusandae et. Rerum corrupti cumque adipisci. Voluptas soluta vitae quae distinctio. Explicabo perferendis molestiae ducimus illum. Illum tenetur consequatur sit cumque sit ut.','Cum et est voluptas.','422 Kihn Loaf','Velit iusto vel.','Iste quos est.',1,'2018-04-03 04:29:28','2018-04-03 04:29:28'),(66,'Friedrich','Torphy','9649839212','781191605851','Illo cumque natus quidem doloremque ipsa molestiae velit est. Consequatur magni ut sunt sit. Ipsa dolores aliquam ratione expedita sit. Voluptatem enim repellendus illum corrupti et quam. Et consequatur pariatur officiis accusamus. Est necessitatibus vel qui autem et. Ea quo maxime vero aliquam perspiciatis. Voluptas et ut veniam aliquam voluptatem. Saepe modi ducimus enim esse laboriosam facere accusantium. Sed eum consequuntur consectetur temporibus. Velit error aperiam voluptas nostrum.','Vitae dolor.','9837 Arden Wall','Animi natus tempora.','Id velit.',0,'2018-04-03 04:29:28','2018-04-03 04:29:28'),(67,'Heidi','Keebler','9679492259','361672816220','Dolorum eius sequi vero sit. Modi laboriosam id dicta corrupti aspernatur sit. Quia eius qui ut. Autem minus et temporibus molestias. Debitis aperiam dolorem voluptas dolor ea placeat omnis qui. Occaecati eum nobis aut aspernatur beatae fugiat blanditiis et. Optio assumenda tempora fugiat quasi sit unde. Sequi non laboriosam suscipit dolorum. Quae nobis quis esse incidunt minima.','Quos animi.','23496 Kiehn Burg','Omnis ut similique.','Occaecati nihil.',1,'2018-04-03 04:29:28','2018-04-03 04:29:28'),(68,'Zora','Skiles','9254841999','632582783269','Neque eveniet qui excepturi vero labore dolorem. Quod vitae doloremque rerum est sunt fuga. Quia ratione nobis quam explicabo. Dolor vitae adipisci explicabo illum non. Dolore voluptatem repellendus officiis dicta. Nesciunt cumque recusandae qui voluptatem hic repudiandae cum. Quidem aspernatur ad quia impedit. Mollitia alias culpa incidunt eveniet corporis.','Minus fugiat maxime.','94929 Opal Spur','Molestiae cumque in.','Earum vero qui quia.',1,'2018-04-03 04:29:28','2018-04-03 04:29:28'),(69,'Jackson','Okuneva','9211168672','396460605231','At est qui debitis voluptas laudantium reprehenderit est. Ut voluptatum maiores magni. Sed excepturi dolor itaque. Optio sed ea illum quae molestias. Amet quaerat ea ea. Et eum exercitationem quibusdam consequuntur unde. Doloremque iusto quasi enim nobis quia illo. Voluptatem labore et doloremque quia. Nam minima impedit amet iste ea dignissimos. Sed odit optio nam blanditiis et expedita architecto.','Et provident ut.','98571 Mosciski Field','Quia doloribus.','Mollitia voluptas.',1,'2018-04-03 04:29:28','2018-04-03 04:29:28'),(70,'Amber','Buckridge','9439323810','838808736145','Voluptate ratione blanditiis nihil nesciunt. Hic dicta minima vel officiis. Ut sit non quia aspernatur quia sint. Facere incidunt ut inventore unde voluptatem et recusandae. Ratione quas porro voluptatem quia. Qui officia sit consequuntur et sunt quos. Consequatur deleniti eum corporis veritatis iste veniam voluptatem.','Neque sit dolor ea.','51617 Phoebe Square','Odit in sed porro.','Cumque id est ut.',1,'2018-04-03 04:29:29','2018-04-03 04:29:29'),(71,'Edison','Purdy','8757521309','702572710058','Qui velit aut doloremque esse sed blanditiis. Rem totam fuga eum iure. Necessitatibus cumque minima necessitatibus aliquid. Eveniet sed quos dignissimos temporibus tenetur facilis repudiandae. Nobis et reprehenderit quia libero veniam tempore expedita. Voluptatum eius quia est ex. Quo sunt consequuntur est et rerum reprehenderit unde. Cumque ipsum est enim sit voluptatem sit. Quasi consequatur qui eum assumenda alias. Error autem sapiente eum neque et.','Repellat corporis.','24307 Rosalyn Vista','Eos quia distinctio.','Laudantium eveniet.',0,'2018-04-03 04:29:29','2018-04-03 04:29:29'),(72,'Freddy','Haag','9029393470','768424379678','Quos eos quis voluptatem amet et illum voluptatem. Dolorem nisi reiciendis quia saepe fuga nihil totam. Quod deleniti ut rerum ratione perspiciatis fuga. Magnam provident aut nulla earum. Accusamus sapiente est quos doloremque optio sapiente natus. Sint quis ipsum aut perspiciatis ratione eveniet aspernatur. Incidunt quis qui veritatis explicabo aut blanditiis.','Facilis.','5358 Stroman Parks','Autem quibusdam.','Aliquid deleniti a.',1,'2018-04-03 04:29:29','2018-04-03 04:29:29'),(73,'Monte','O\'Kon','9640540294','340624363288','Tempora vel aperiam quisquam unde non laboriosam. Delectus et quaerat et et. Ipsam sit minima aut. Quos voluptatibus soluta voluptatem. Assumenda autem culpa repudiandae rerum. Laboriosam non aut ipsa quam debitis quos. Et quo facilis molestias neque animi esse voluptas officia. Reprehenderit ut non ea similique esse et eveniet.','Nihil veritatis.','829 Eliezer Turnpike Apt. 446','Amet voluptatem.','Dicta non.',0,'2018-04-03 04:29:29','2018-04-03 04:29:29'),(74,'Myrtle','Gulgowski','9992267888','964642734934','Dolorem reiciendis velit est iste cum quia quo. Totam consequatur voluptatem sint consequuntur. Ut sit dolore consequatur quibusdam consectetur enim numquam. Molestias quibusdam consequatur placeat consequatur quis. Sed reiciendis voluptas est ratione. Sed et omnis quasi labore ut ipsam. Odit earum quia quidem voluptatum. Est quia odit perspiciatis velit ea. Fugiat id aut quas odio quisquam saepe adipisci. Rerum at voluptatem cupiditate. Et corrupti ratione doloribus aut.','Nobis laudantium.','773 Mayer Alley Apt. 957','Debitis ipsam aut.','Sequi tempore quod.',0,'2018-04-03 04:29:29','2018-04-03 04:29:29'),(75,'Maritza','Mayert','9696294020','733665090138','Omnis et soluta id ut doloremque ex. Expedita soluta et quia et iusto. Ut quisquam reprehenderit aperiam possimus nihil iusto animi facilis. Labore explicabo quibusdam saepe eligendi ex ratione. Voluptatem ea praesentium ducimus corporis. Excepturi repellat ipsa eum vel voluptatibus consequatur libero. Vitae omnis eum autem suscipit eos. Ullam molestias enim rerum ipsam sit optio aut. Quia sit dolorem soluta cumque aut. Quisquam eligendi ea perspiciatis animi.','A aliquam iure.','66537 Rosenbaum Prairie','Alias et dolore.','Sit et repellendus.',1,'2018-04-03 04:29:29','2018-04-03 04:29:29'),(76,'Garth','Effertz','8582251493','134773197706','Sapiente quod et laudantium velit. Suscipit alias et quaerat impedit nihil facilis est. Debitis corrupti vel sunt. Nostrum provident blanditiis aut et labore et ea. Rerum aliquam consequatur sit sint autem. Repellat vel rerum iste. Sit quod quia et incidunt nam qui et ex. Iusto veniam non nisi praesentium. Eaque atque quam cumque esse vitae omnis. Ratione praesentium odit voluptatem.','Eos cum numquam.','9342 Mina Course Apt. 260','Et vel eveniet.','Repudiandae ducimus.',0,'2018-04-03 04:29:29','2018-04-03 04:29:29'),(77,'Maye','Lakin','9616214460','357791288723','Perspiciatis hic officiis at sapiente nulla. Ratione labore nesciunt molestias pariatur. Dolorem hic iure et corrupti. Vero molestiae consectetur et omnis rerum rem ut. Ut consequatur nulla expedita ut est fuga. Commodi et ut ipsa accusantium at aliquam. Sed et et aut. Consequuntur molestiae ea et quod qui. Excepturi tempora voluptate nulla amet sit minus. Ducimus ut cupiditate optio ut alias. Vero earum voluptatem id omnis quos expedita reiciendis.','Dolores cumque.','270 Lucie Circles','Culpa dicta eveniet.','At perspiciatis.',0,'2018-04-03 04:29:29','2018-04-03 04:29:29'),(78,'Nicklaus','Greenholt','9513112333','108475644738','Placeat consequatur dignissimos sed eos aperiam exercitationem. Perferendis laudantium quia iusto sed. Earum atque magni odio officia enim sed. Ex in aut nisi dolorum. Sapiente officiis illum deleniti laboriosam aperiam et dignissimos. Soluta et dolorem quis nam officia sed. Voluptatum accusamus voluptatem et. Voluptas enim saepe sunt error.','Sunt repellat autem.','33764 Maudie Mall','Non delectus.','Nisi dolor deleniti.',0,'2018-04-03 04:29:29','2018-04-03 04:29:29'),(79,'Madalyn','O\'Keefe','9285380342','600489095371','Voluptatem excepturi itaque assumenda accusamus explicabo optio. Molestias consequatur corrupti iusto officiis optio doloribus optio. Sit laudantium ad numquam veniam rerum saepe. Quasi inventore aliquam molestiae atque blanditiis aspernatur. Qui ut qui distinctio. Enim maxime tenetur eos ratione. Labore commodi perspiciatis placeat iste. Animi quia recusandae ut. Quam officiis maiores enim ea error dignissimos magni veniam.','Molestiae sit quod.','326 Cordelia Camp Apt. 243','Perferendis.','Eius ex unde beatae.',0,'2018-04-03 04:29:29','2018-04-03 04:29:29'),(80,'Jeffery','Prosacco','9826796128','749058162055','Ab maxime velit commodi magni et voluptas fuga officia. Ut consequatur quia voluptas dolorum aut eaque consequatur ut. Quia sit ea eius velit laboriosam. Consequatur et non et asperiores cumque ea. Quos ipsam ex ut explicabo delectus ad. Eos et delectus rerum aut aut dolore dolorem. Mollitia odit soluta reprehenderit sunt ut. Eaque a ut aut ex aliquid. Similique ipsa voluptatem porro delectus neque aut a enim. Voluptatum est nihil eaque consequatur quod.','Nemo laudantium.','631 Mueller Drive Suite 212','Architecto alias.','Reprehenderit.',0,'2018-04-03 04:29:29','2018-04-03 04:29:29'),(81,'Russ','Predovic','9314042913','886155106277','Inventore qui voluptas cupiditate veniam. Architecto tenetur commodi et aut. A quis ut porro numquam repudiandae. Sed voluptatem modi et quo quibusdam molestias tempore. Vel distinctio modi dolorem deserunt ut sit numquam. In facere fugit eos numquam. Numquam iure sit nihil praesentium ratione architecto. Fuga iure dolore dolorem. Molestiae rerum quia neque cumque quia.','Quidem beatae et.','5513 Dereck Extension Suite 907','Eius amet qui eum.','Molestiae sed dolor.',0,'2018-04-03 04:29:29','2018-04-03 04:29:29'),(82,'Clovis','Ferry','9109894482','889983875771','Mollitia consequatur amet quo aut aut vitae. Praesentium iure et sapiente deleniti ipsa accusamus placeat. Ipsam ipsa odit quas perferendis et architecto. Maiores repudiandae doloribus non dolorum voluptas numquam. Cum in eos aut veritatis explicabo magnam. Repellendus dolores consequatur et omnis aut reiciendis. Exercitationem alias est quaerat. Veritatis distinctio et quis quod aut aut. Voluptas qui quia vero vel deserunt id nisi.','Nobis in omnis.','3203 Kayli Turnpike','Voluptatem quasi in.','Dolores vero magnam.',0,'2018-04-03 04:29:29','2018-04-03 04:29:29'),(83,'Arnoldo','Ratke','8573733892','559611463860','Harum unde totam iure voluptatem dolor vel. Beatae totam culpa quisquam repellat neque aperiam et. Id porro non et neque labore ducimus qui. Aut similique suscipit consequatur minus qui aut. Provident quos dicta cupiditate. Qui consequuntur nobis cumque quo. Aut enim eius sunt pariatur debitis qui iste. Tempora quam consectetur non quaerat est quam. Omnis incidunt est nemo recusandae accusantium. Aut beatae adipisci et sequi.','Modi nihil quasi.','2889 Brekke Roads Suite 047','Tenetur error.','Quaerat ea a.',0,'2018-04-03 04:29:29','2018-04-03 04:29:29'),(84,'Brionna','Quigley','9945393746','639431947414','Debitis molestiae debitis reiciendis eius dolores est est. Id excepturi ipsa autem. Qui vero ea officia. Iure est ea qui est quae commodi soluta at. Atque laborum repudiandae et qui velit sed et. Expedita omnis suscipit distinctio qui aut. Commodi enim quam dolorem architecto optio amet dolorem. Aut ipsum ea est eum rerum. Id sed voluptatum dolores consequatur consequatur dolor voluptate.','Omnis consequuntur.','6060 Sporer Inlet','Deleniti sit.','Tempora perferendis.',1,'2018-04-03 04:29:29','2018-04-03 04:29:29'),(85,'Woodrow','Pfeffer','9073889396','642889005988','A in et doloremque similique. Harum dolor unde quibusdam odio. Mollitia et odio corporis odit tempore doloribus. Sint possimus dolorem dolores autem rerum temporibus. Numquam eos praesentium consequatur error rerum perferendis omnis. Dicta accusamus et dolorem quod modi accusantium. Sunt dolorem corrupti sed in eos. Et aut ut voluptas et itaque. Deleniti fugiat sint ut quibusdam. Repellat tempore ipsum doloribus dignissimos unde.','Voluptatem tempore.','861 Jaquan Extensions','Dolor voluptatem.','Ut commodi nostrum.',0,'2018-04-03 04:29:29','2018-04-03 04:29:29'),(86,'Aditya','Runolfsdottir','8612561758','453694719400','Consequatur corrupti voluptas id rerum. Voluptatem impedit blanditiis nam velit non cum quibusdam. Cupiditate numquam ut et recusandae ad repellat. Ab repellendus accusantium at esse. Cumque delectus omnis inventore et fugiat deleniti placeat. Minus illum earum corrupti quos illum magnam. Quisquam voluptates sint asperiores cum voluptatem occaecati. Sit quia sint saepe assumenda voluptatem. Ad voluptatibus et nam consectetur autem. Et est vero aut quia.','Molestias iusto.','1202 Uriah Unions','Impedit velit sunt.','Sed maxime et.',1,'2018-04-03 04:29:29','2018-04-03 04:29:29'),(87,'Annetta','Considine','8800583257','342134991716','Nihil odit voluptatem commodi dignissimos in officia vero. Rerum ducimus odio dicta qui officia molestias. Nihil ex mollitia nemo numquam ipsa nemo. Illo expedita rerum maiores in ut eum illo ut. Dolorem molestias magni expedita autem autem. Sapiente ab laboriosam ducimus culpa asperiores. Quis voluptas distinctio perspiciatis nihil ducimus distinctio possimus. At saepe est fugit deserunt praesentium quaerat tempore.','Blanditiis.','942 Ferry Keys Apt. 787','Repudiandae.','Saepe accusamus.',0,'2018-04-03 04:29:29','2018-04-03 04:29:29'),(88,'Willie','Strosin','9742720858','716023210332','Velit voluptas et tempora tempora eaque. Quia est quae est. Nobis placeat vitae esse laborum in dignissimos architecto qui. Nulla amet odio delectus doloribus enim mollitia animi. Et eum dolores omnis nisi. Error voluptatibus voluptate sit id optio similique corrupti. Perspiciatis ut excepturi quos molestias adipisci ipsam repellendus est. Et dolores molestias ipsum et odit.','Et qui et aperiam.','273 Steuber Orchard','Odio delectus est.','Repudiandae est aut.',1,'2018-04-03 04:29:29','2018-04-03 04:29:29'),(89,'Geraldine','Huel','8517490943','218733289145','Sint ullam tenetur ab. Deserunt et assumenda quia eligendi consequatur. Nulla nihil impedit dolor. Aut eaque voluptas amet voluptas eveniet. Ut ut vitae vero et quia. Excepturi dolores error quas dicta omnis. Doloribus sapiente in molestiae ducimus. Quia voluptas fugiat reiciendis quia iusto. Magni quaerat enim necessitatibus earum corrupti illum. Nesciunt fugit numquam voluptates suscipit modi perferendis.','Atque expedita vero.','484 Aleen Isle Apt. 555','Et asperiores est.','Iste ut et sint.',1,'2018-04-03 04:29:29','2018-04-03 04:29:29'),(90,'Maida','Zemlak','8569626725','944453763320','Aut asperiores est temporibus doloribus nihil et. Eum velit dolorem beatae adipisci tempora. Aut repellat minima corrupti cupiditate. Maiores mollitia omnis voluptas. Quibusdam rerum voluptatem sed at. Ut ullam a perferendis animi rerum quam omnis. Blanditiis omnis vero perspiciatis dolores. Tempora minus et sunt illo quo repudiandae. Asperiores voluptas hic ut corrupti molestiae. Et labore rerum odit voluptatem quaerat dolorem qui. Dolor cum est hic mollitia et sit alias.','Odit maxime id.','7302 Gleichner Gateway Suite 234','Dolorum enim.','Ut sint ratione aut.',1,'2018-04-03 04:29:29','2018-04-03 04:29:29'),(91,'Wendy','Bernhard','9728594109','133656168838','In voluptate tenetur et ea molestiae. Et et ut sunt sit ut. Repellat consequatur cum et animi impedit corporis blanditiis quos. Aut molestias cumque pariatur corporis facere nihil eaque non. Non itaque cumque voluptatibus quibusdam laudantium. Assumenda velit a dolorem atque architecto ex. Voluptatem quis aliquid voluptatum dolorum animi iure ipsum non. Tenetur blanditiis neque praesentium possimus eligendi.','Voluptatem eveniet.','5208 Collier Ports','Illum et sit amet.','Saepe molestias.',1,'2018-04-03 04:29:29','2018-04-03 04:29:29'),(92,'Clara','Reynolds','9853210092','288951793178','Accusamus nulla ut nemo aut autem. Perspiciatis dolore voluptates suscipit rem velit. Distinctio quas et eligendi repellendus suscipit ut fugit aut. Deleniti quo ipsum pariatur molestiae sed quo minus officiis. Inventore quae molestias assumenda qui rerum vel laborum doloremque. Quia nihil sint necessitatibus sequi et. Laborum perspiciatis hic ut. Nam natus deserunt at voluptatem sequi autem qui. Tenetur temporibus aspernatur aspernatur iusto saepe.','Debitis numquam.','585 Roxane Road','Voluptatibus sit.','Sequi neque quod.',1,'2018-04-03 04:29:29','2018-04-03 04:29:29'),(93,'Elisabeth','Welch','9619323658','714839901613','In ea in quis occaecati nihil et quasi. Et voluptatem nostrum eius consequuntur nemo ut. Et est explicabo sequi blanditiis vel. Sint debitis quis et autem excepturi et. Laborum maiores rem voluptatibus aut magni quo id. Nemo omnis aut aut minus exercitationem aut facilis voluptatum. Quo omnis consequuntur accusamus quisquam suscipit. Nobis et eligendi voluptates accusamus. Facere et provident asperiores explicabo et.','Omnis ab.','2636 Smith Park Apt. 907','Neque quam.','Officia molestias.',1,'2018-04-03 04:29:29','2018-04-03 04:29:29'),(94,'Santina','Lemke','9073790620','206966173534','Quibusdam earum tenetur quia saepe dolor hic iste. Reprehenderit ut rerum et velit occaecati. Veniam minima praesentium illo molestiae. Ab est sunt similique deserunt et. Consequuntur veritatis consectetur molestiae quia magnam. Ut suscipit atque aut labore dolore ea. Nobis voluptate placeat eligendi autem natus necessitatibus. Autem recusandae perspiciatis dolor autem facere. Dolores optio a ipsa et. Porro consequatur assumenda et.','Odio voluptates qui.','328 Renner Street Suite 004','Provident iusto.','Voluptatem ipsa.',0,'2018-04-03 04:29:30','2018-04-03 04:29:30'),(95,'Lenna','Crist','9994962219','712846575387','Consequatur non quis et consectetur repellendus natus quia. Voluptatibus ipsam quibusdam nisi earum et quia. Quasi unde qui esse. Consequuntur facere et voluptates aut et. Quia alias quos expedita et aut optio quibusdam sit. Optio sed adipisci repudiandae ut possimus. Eligendi accusantium odio quas. Ipsum minima sed a porro expedita nihil. Nulla commodi soluta tempora sint nobis ut aut in. Porro repellat nam velit amet.','Quia at odio.','98936 Evans Run Apt. 547','Sunt earum culpa.','Cum aut qui commodi.',0,'2018-04-03 04:29:30','2018-04-03 04:29:30'),(96,'Lee','Mann','9304039148','953802008458','Suscipit maiores assumenda voluptatem recusandae et. Aliquid natus excepturi nisi omnis saepe. Consequatur vitae aperiam et officia ipsum ad qui. Ea consequatur vel magnam unde numquam sit. Illo quas blanditiis optio est maiores vero praesentium. Quibusdam amet voluptatem ratione alias odit velit earum. Sequi aspernatur perspiciatis ullam repellat praesentium laboriosam facilis. Illum animi adipisci recusandae suscipit odit omnis ut. Ducimus ratione voluptatum ut aut quibusdam error iusto.','Sit nobis ut nemo.','352 Emily Springs','Debitis est.','Enim dignissimos et.',0,'2018-04-03 04:29:30','2018-04-03 04:29:30'),(97,'Greyson','Barrows','8624556406','635581224179','Quaerat iusto nostrum in molestias est dolorum nemo. Officiis harum inventore libero quis quos iusto. Repudiandae facere rem reiciendis esse at vero cum. Necessitatibus nemo corporis et sapiente. Tenetur animi maiores voluptate doloribus qui. Et cumque laboriosam quis non. Et repellat officiis quisquam doloremque veritatis architecto perferendis. Debitis ducimus maiores molestiae aperiam. Harum illum eos blanditiis ut possimus. Officia nam dolorum ipsam at vero mollitia accusamus.','Consequatur nulla.','85283 Olson Mews Suite 868','Rerum aut et.','Pariatur quod.',1,'2018-04-03 04:29:30','2018-04-03 04:29:30'),(98,'Hayden','Douglas','8994768670','458348848898','Minus inventore quas maiores ea sint itaque culpa. Aperiam eius iste ullam est. Magnam nisi doloremque vel beatae. Voluptas fuga cumque est eligendi. Esse et earum laudantium qui ut neque sed. Eius aut voluptatem recusandae culpa. Dolorum ut qui natus. Non fuga quibusdam deserunt molestiae eum quis a qui. Unde sapiente numquam ut quod voluptatem cum. Quod veritatis odio quam occaecati.','Molestiae incidunt.','911 Welch Mill Apt. 853','Animi quis eos est.','Quia laudantium.',1,'2018-04-03 04:29:30','2018-04-03 04:29:30'),(99,'Amelia','Pacocha','8598643091','197954126044','Laudantium quis eos possimus in. Quibusdam non enim ex qui ullam. Quo aspernatur maxime accusamus aliquam. Omnis fuga beatae dicta natus corporis rerum. Ratione nemo necessitatibus laboriosam hic repellendus quibusdam vel. Sed voluptas sed commodi cumque tempore quo id. Animi repellat expedita adipisci vel ea. Nihil nulla magnam nobis iusto aspernatur blanditiis accusantium hic.','Dolorem ut qui.','49146 Kohler Plaza','Aut laboriosam rem.','Odit et sapiente.',1,'2018-04-03 04:29:30','2018-04-03 04:29:30'),(100,'Parker','Bailey','8755347331','803442627622','Et dolores quis asperiores. Provident at quaerat vel doloremque omnis nemo. Enim voluptas illum dolores quod. Non quia et corporis harum. Rerum atque numquam nam temporibus ut dolorem. Ut et qui doloribus minus consequatur. Vel rerum et cupiditate maxime id sapiente nesciunt modi. Aut vitae modi omnis doloribus ea. Natus rerum cumque iusto sint ex. Porro quo aut numquam maxime harum nobis veritatis. Earum suscipit sit laboriosam sunt. Similique quibusdam optio tempora sed eos sint.','Perspiciatis.','895 Reilly Keys Suite 906','Voluptatum dolorum.','Odio enim ea minima.',1,'2018-04-03 04:29:30','2018-04-03 04:29:30');
/*!40000 ALTER TABLE `users` ENABLE KEYS */;
UNLOCK TABLES;
/*!40103 SET TIME_ZONE=@OLD_TIME_ZONE */;

/*!40101 SET SQL_MODE=@OLD_SQL_MODE */;
/*!40014 SET FOREIGN_KEY_CHECKS=@OLD_FOREIGN_KEY_CHECKS */;
/*!40014 SET UNIQUE_CHECKS=@OLD_UNIQUE_CHECKS */;
/*!40101 SET CHARACTER_SET_CLIENT=@OLD_CHARACTER_SET_CLIENT */;
/*!40101 SET CHARACTER_SET_RESULTS=@OLD_CHARACTER_SET_RESULTS */;
/*!40101 SET COLLATION_CONNECTION=@OLD_COLLATION_CONNECTION */;
/*!40111 SET SQL_NOTES=@OLD_SQL_NOTES */;

-- Dump completed on 2018-04-05 12:56:33
